timestamp,m0,m1,m2,m3,m4,m5
1767991215.2759125,5.498375415802002,0.9735048413276672,4.467537879943848,3.768232583999634,3.409663677215576,2.9590559005737305
1767991215.2929115,5.498375415802002,0.9735048413276672,4.467921257019043,3.768232583999634,3.409663677215576,2.959247589111328
1767991215.309846,5.4985671043396,0.9735048413276672,4.467921257019043,3.7684242725372314,3.409663677215576,2.9590559005737305
1767991215.3269136,5.498375415802002,0.9735048413276672,4.467729568481445,3.768232583999634,3.409663677215576,2.959247589111328
1767991215.3439176,5.498375415802002,0.9735048413276672,4.467921257019043,3.768232583999634,3.409663677215576,2.9590559005737305
1767991215.3609002,5.498375415802002,0.9735048413276672,4.467729568481445,3.768232583999634,3.409663677215576,2.9590559005737305
1767991215.3778079,5.498375415802002,0.9735048413276672,4.467921257019043,3.7684242725372314,3.409663677215576,2.9590559005737305
1767991215.3949025,5.498375415802002,0.9735048413276672,4.467729568481445,3.768040895462036,3.409663677215576,2.9590559005737305
1767991215.4119067,5.498375415802002,0.9736965894699097,4.467729568481445,3.768232583999634,3.409663677215576,2.9590559005737305
1767991215.428909,5.498375415802002,0.9735048413276672,4.467729568481445,3.768232583999634,3.409663677215576,2.959247589111328
1767991215.4458358,5.498183727264404,0.9736965894699097,4.467921257019043,3.768232583999634,3.409663677215576,2.9590559005737305
1767991215.4629016,5.4985671043396,0.9735048413276672,4.467537879943848,3.7684242725372314,3.409663677215576,2.959247589111328
1767991215.4798372,5.498375415802002,0.9735048413276672,4.467729568481445,3.768232583999634,3.409855604171753,2.959247589111328
1767991215.4968817,5.498183727264404,0.9735048413276672,4.467729568481445,3.768232583999634,3.409663677215576,2.9590559005737305
1767991215.5138373,5.498375415802002,0.9736965894699097,4.467729568481445,3.7684242725372314,3.409663677215576,2.958864212036133
1767991215.5308945,5.498375415802002,0.9735048413276672,4.467729568481445,3.768232583999634,3.409855604171753,2.9590559005737305
1767991215.547907,5.498375415802002,0.9735048413276672,4.467729568481445,3.768232583999634,3.409663677215576,2.9590559005737305
1767991215.564901,5.498375415802002,0.9735048413276672,4.467729568481445,3.768232583999634,3.409663677215576,2.9590559005737305
1767991215.5818393,5.498375415802002,0.9735048413276672,4.467537879943848,3.768040895462036,3.409663677215576,2.9590559005737305
1767991215.5988903,5.498375415802002,0.9735048413276672,4.467729568481445,3.7678492069244385,3.409663677215576,2.9590559005737305
1767991215.6158874,5.498375415802002,0.9736965894699097,4.467729568481445,3.768040895462036,3.409855604171753,2.9590559005737305
1767991215.6328776,5.498375415802002,0.9735048413276672,4.467537879943848,3.768232583999634,3.409663677215576,2.9590559005737305
1767991215.6498199,5.498375415802002,0.9735048413276672,4.467921257019043,3.768232583999634,3.4094719886779785,2.959247589111328
1767991215.6668832,5.498375415802002,0.9735048413276672,4.467921257019043,3.768232583999634,3.4094719886779785,2.958864212036133
1767991215.6838834,5.498375415802002,0.9735048413276672,4.467921257019043,3.768040895462036,3.409663677215576,2.959247589111328
1767991215.7008133,5.498375415802002,0.9735048413276672,4.467921257019043,3.768232583999634,3.409663677215576,2.958864212036133
1767991215.717852,5.498375415802002,0.9735048413276672,4.467729568481445,3.768232583999634,3.4094719886779785,2.9590559005737305
1767991215.734879,5.498375415802002,0.9735048413276672,4.467729568481445,3.768040895462036,3.409663677215576,2.9590559005737305
1767991215.7518754,5.498183727264404,0.9735048413276672,4.467729568481445,3.768232583999634,3.409663677215576,2.9590559005737305
1767991215.768884,5.498375415802002,0.9735048413276672,4.467921257019043,3.7684242725372314,3.4094719886779785,2.9590559005737305
1767991215.7858393,5.498375415802002,0.9736965894699097,4.468112945556641,3.7684242725372314,3.409855604171753,2.958864212036133
1767991215.8028448,5.498183727264404,0.9735048413276672,4.468112945556641,3.768232583999634,3.409663677215576,2.958864212036133
1767991215.8198805,5.498375415802002,0.9736965894699097,4.467729568481445,3.768232583999634,3.409855604171753,2.9590559005737305
1767991215.8368888,5.498375415802002,0.9735048413276672,4.467921257019043,3.7684242725372314,3.409663677215576,2.958864212036133
1767991215.8537934,5.498375415802002,0.9735048413276672,4.467729568481445,3.768232583999634,3.409855604171753,2.959247589111328
1767991215.8708773,5.498375415802002,0.9735048413276672,4.467921257019043,3.7684242725372314,3.409663677215576,2.959247589111328
1767991215.887883,5.498375415802002,0.9735048413276672,4.468112945556641,3.768232583999634,3.409855604171753,2.958864212036133
1767991215.9048655,5.498375415802002,0.9733130931854248,4.468304634094238,3.7684242725372314,3.409663677215576,2.959247589111328
1767991215.9218316,5.498375415802002,0.9735048413276672,4.468112945556641,3.768616199493408,3.409663677215576,2.9590559005737305
1767991215.938862,5.498375415802002,0.9733130931854248,4.468496322631836,3.768232583999634,3.4094719886779785,2.9590559005737305
1767991215.955862,5.498375415802002,0.9733130931854248,4.469071865081787,3.768616199493408,3.409663677215576,2.958864212036133
1767991215.972859,5.498375415802002,0.9735048413276672,4.470414161682129,3.7689995765686035,3.409663677215576,2.9590559005737305
1767991215.989826,5.498375415802002,0.9736965894699097,4.473482131958008,3.7709171772003174,3.4094719886779785,2.9590559005737305
1767991216.0068264,5.499142169952393,0.9735048413276672,4.477700233459473,3.7780117988586426,3.4094719886779785,2.9590559005737305
1767991216.0238574,5.50086784362793,0.9736965894699097,4.483644485473633,3.7912423610687256,3.409663677215576,2.958864212036133
1767991216.0408645,5.503360748291016,0.9736965894699097,4.494574069976807,3.801788568496704,3.4094719886779785,2.9590559005737305
1767991216.0578377,5.504894733428955,0.9738883376121521,4.503777980804443,3.8134851455688477,3.4094719886779785,2.9590559005737305
1767991216.0748608,5.508154392242432,0.9752305746078491,4.512023448944092,3.8272910118103027,3.409663677215576,2.9590559005737305
1767991216.0918615,5.516207695007324,0.9804077744483948,4.5260210037231445,3.8441648483276367,3.4094719886779785,2.958864212036133
1767991216.1088572,5.536341190338135,0.9888446927070618,4.533499240875244,3.8598880767822266,3.4094719886779785,2.958864212036133
1767991216.1257741,5.555516242980957,1.002650499343872,4.545579433441162,3.8727352619171143,3.4094719886779785,2.9590559005737305
1767991216.1428657,5.569705486297607,1.0227841138839722,4.548455238342285,3.88424015045166,3.409663677215576,2.958864212036133
1767991216.1598551,5.605946063995361,1.0555729866027832,4.549030780792236,3.8919100761413574,3.4094719886779785,2.958864212036133
1767991216.1768587,5.651581764221191,1.0943061113357544,4.549605846405029,3.8917183876037598,3.4094719886779785,2.958864212036133
1767991216.1938212,5.6912736892700195,1.1378328800201416,4.550373077392578,3.89095139503479,3.4094719886779785,2.958672285079956
1767991216.2108612,5.731924533843994,1.1823184490203857,4.550373077392578,3.890376091003418,3.409663677215576,2.958864212036133
1767991216.22784,5.782929420471191,1.2503889799118042,4.550756454467773,3.8899927139282227,3.4094719886779785,2.958864212036133
1767991216.244837,5.841987609863281,1.3274717330932617,4.554782867431641,3.890376091003418,3.409663677215576,2.958672285079956
1767991216.2618217,5.897594451904297,1.3788602352142334,4.56226110458374,3.889800786972046,3.4094719886779785,2.958672285079956
1767991216.2788353,5.950900554656982,1.468214750289917,4.5718488693237305,3.889800786972046,3.409663677215576,2.958864212036133
1767991216.2958434,6.017629146575928,1.5506664514541626,4.586421489715576,3.889800786972046,3.409280300140381,2.958672285079956
1767991216.3128328,6.091643810272217,1.658237099647522,4.613649845123291,3.889800786972046,3.4094719886779785,2.958864212036133
1767991216.329765,6.162398815155029,1.7487422227859497,4.649698257446289,3.889225721359253,3.4094719886779785,2.958672285079956
1767991216.34683,6.247918128967285,1.8568880558013916,4.676543235778809,3.8894174098968506,3.409663677215576,2.958864212036133
1767991216.3637733,6.316372394561768,1.9817160367965698,4.684021472930908,3.8896090984344482,3.409663677215576,2.958672285079956
1767991216.3807738,6.3965229988098145,2.0827672481536865,4.707606315612793,3.889800786972046,3.409663677215576,2.958864212036133
1767991216.3977997,6.4922051429748535,2.21315598487854,4.7223711013793945,3.8899927139282227,3.4094719886779785,2.958864212036133
1767991216.4147723,6.570438385009766,2.3320398330688477,4.7488322257995605,3.890376091003418,3.409663677215576,2.958672285079956
1767991216.4318283,6.657683849334717,2.463003635406494,4.790058135986328,3.8901844024658203,3.409663677215576,2.958864212036133
1767991216.4488156,6.756433963775635,2.5972273349761963,4.8370361328125,3.889800786972046,3.409663677215576,2.958672285079956
1767991216.4657936,6.844446659088135,2.724548101425171,4.868099212646484,3.8894174098968506,3.4094719886779785,2.958864212036133
1767991216.4828284,6.940896034240723,2.8645241260528564,4.889575004577637,3.889033794403076,3.409663677215576,2.958864212036133
1767991216.499837,7.031976222991943,2.9891602993011475,4.919679641723633,3.8876917362213135,3.409855604171753,2.958672285079956
1767991216.5167475,7.132452011108398,3.117056131362915,4.946140766143799,3.8871164321899414,3.409663677215576,2.958672285079956
1767991216.5338502,7.224491119384766,3.24955415725708,4.988133907318115,3.8859658241271973,3.409663677215576,2.958672285079956
1767991216.5508282,7.335513114929199,3.378983974456787,5.046233177185059,3.88424015045166,3.409855604171753,2.958864212036133
1767991216.5678265,7.43618106842041,3.486171245574951,5.081514835357666,3.878871202468872,3.4094719886779785,2.958864212036133
1767991216.5848105,7.533780574798584,3.6131083965301514,5.1710615158081055,3.86257266998291,3.409663677215576,2.9584805965423584
1767991216.6018102,7.643844127655029,3.7423465251922607,5.221874713897705,3.8341939449310303,3.409663677215576,2.958864212036133
1767991216.6188087,7.739526271820068,3.8432061672210693,5.258498668670654,3.787407398223877,3.409280300140381,2.958864212036133
1767991216.6358302,7.840769290924072,3.950585126876831,5.354564189910889,3.7076401710510254,3.4094719886779785,2.958672285079956
1767991216.6528063,7.94316291809082,4.052403450012207,5.407294750213623,3.6150259971618652,3.409280300140381,2.958864212036133
1767991216.6697702,8.047473907470703,4.153262615203857,5.491280555725098,3.5036203861236572,3.409280300140381,2.958672285079956
1767991216.6868076,8.152743339538574,4.2483696937561035,5.600193500518799,3.382627248764038,3.409280300140381,2.9590559005737305
1767991216.7038116,8.254178047180176,4.344819068908691,5.658676624298096,3.2648940086364746,3.4094719886779785,2.959439277648926
1767991216.7207768,8.3523530960083,4.439158916473389,5.788489818572998,3.139490842819214,3.409088611602783,2.958864212036133
1767991216.7377439,8.451103210449219,4.527171611785889,5.847548484802246,3.021373987197876,3.409280300140381,2.959247589111328
1767991216.754816,8.55388069152832,4.627647399902344,5.953585147857666,2.907667398452759,3.409088611602783,2.959247589111328
1767991216.7718136,8.649754524230957,4.690349102020264,6.0454325675964355,2.7874412536621094,3.409088611602783,2.959247589111328
1767991216.7888129,8.75195598602295,4.773184299468994,6.151085376739502,2.6766109466552734,3.409280300140381,2.959247589111328
1767991216.8057685,8.851089477539062,4.855635643005371,6.228743553161621,2.565972328186035,3.409280300140381,2.959247589111328
1767991216.8228068,8.94523811340332,4.9361701011657715,6.349353313446045,2.4476637840270996,3.409088611602783,2.9596312046051025
1767991216.8398046,9.041878700256348,5.004432201385498,6.4507880210876465,2.3358747959136963,3.409088611602783,2.9596312046051025
1767991216.8567421,9.126440048217773,5.063682556152344,6.5006422996521,2.2091293334960938,3.409088611602783,2.9598228931427
1767991216.8737566,9.21636962890625,5.141724109649658,6.611280918121338,2.078932285308838,3.409088611602783,2.960014581680298
1767991216.8908124,9.292877197265625,5.193304061889648,6.716742515563965,1.9393397569656372,3.4088966846466064,2.960014581680298
1767991216.9077892,9.384724617004395,5.255622386932373,6.797468185424805,1.7953369617462158,3.4088966846466064,2.9602062702178955
1767991216.9248066,9.455096244812012,5.319857597351074,6.864388465881348,1.6434725522994995,3.409088611602783,2.9603981971740723
1767991216.941772,9.540999412536621,5.35744047164917,7.010308742523193,1.4900740385055542,3.409088611602783,2.96058988571167
1767991216.9588091,9.607919692993164,5.399816513061523,7.083747863769531,1.3234449625015259,3.4088966846466064,2.96058988571167
1767991216.975722,9.69113826751709,5.464436054229736,7.173294544219971,1.1539397239685059,3.4088966846466064,2.9609732627868652
1767991216.9927957,9.764961242675781,5.502018451690674,7.303491592407227,0.9798325300216675,3.409088611602783,2.9609732627868652
1767991217.0097475,9.826512336730957,5.5112223625183105,7.405884742736816,0.7986305952072144,3.409088611602783,2.9607815742492676
1767991217.0268025,9.899951934814453,5.540943145751953,7.529178619384766,0.6099505424499512,3.4088966846466064,2.961165189743042
1767991217.0437891,9.953065872192383,5.55609130859375,7.693890571594238,0.4243384301662445,3.409280300140381,2.961165189743042
1767991217.0607836,10.01960277557373,5.570472717285156,7.808363914489746,0.2444787621498108,3.409088611602783,2.9613568782806396
1767991217.077749,10.065622329711914,5.586579322814941,7.975376605987549,0.06135937571525574,3.409088611602783,2.9613568782806396
1767991217.0948036,10.115859985351562,5.58734655380249,8.113818168640137,-0.10757065564393997,3.409088611602783,2.9615485668182373
1767991217.1117823,10.161687850952148,5.589072227478027,8.304415702819824,-0.2657628059387207,3.409280300140381,2.961740255355835
1767991217.128799,10.210583686828613,5.590414524078369,8.479674339294434,-0.40094515681266785,3.409280300140381,2.962315559387207
1767991217.1458023,10.247207641601562,5.588113307952881,8.665861129760742,-0.5194454789161682,3.409280300140381,2.962315559387207
1767991217.1628017,10.283448219299316,5.584661960601807,8.873908042907715,-0.6064990758895874,3.409088611602783,2.9625072479248047
1767991217.179787,10.317387580871582,5.572965145111084,9.078886985778809,-0.6833900213241577,3.409280300140381,2.9632742404937744
1767991217.196785,10.34979248046875,5.558775901794434,9.299396514892578,-0.7476256489753723,3.409088611602783,2.964233160018921
1767991217.2137558,10.377787590026855,5.543244361877441,9.52163314819336,-0.7919194102287292,3.4088966846466064,2.9650001525878906
1767991217.2307463,10.393319129943848,5.521193027496338,9.738883018493652,-0.8266258239746094,3.4083216190338135,2.969026803970337
1767991217.2477775,10.416521072387695,5.498375415802002,9.974733352661133,-0.8352544903755188,3.4083216190338135,2.9742040634155273
1767991217.264766,10.425341606140137,5.483418941497803,10.219979286193848,-0.8316112756729126,3.4083216190338135,2.9772720336914062
1767991217.2817605,10.436270713806152,5.461175918579102,10.456596374511719,-0.8268175721168518,3.4083216190338135,2.9772720336914062
1767991217.2986996,10.44374942779541,5.429537773132324,10.694363594055176,-0.8250918388366699,3.4081296920776367,2.9776554107666016
1767991217.3157663,10.456596374511719,5.386969566345215,10.928104400634766,-0.8231743574142456,3.4077463150024414,2.978039026260376
1767991217.3327541,10.46407413482666,5.34401798248291,11.162421226501465,-0.8191476464271545,3.407362699508667,2.978039026260376
1767991217.3497584,10.475387573242188,5.311037540435791,11.37353515625,-0.8160796761512756,3.407362699508667,2.978039026260376
1767991217.3667676,10.482481956481934,5.274413585662842,11.58484172821045,-0.8137786984443665,3.4071710109710693,2.977847099304199
1767991217.3837538,10.48631763458252,5.233762741088867,11.769878387451172,-0.8130117058753967,3.4071710109710693,2.978614091873169
1767991217.4007592,10.489577293395996,5.1879353523254395,11.943410873413086,-0.8116694688796997,3.406787633895874,2.979189395904541
1767991217.417734,10.492069244384766,5.148051738739014,12.095274925231934,-0.8070675134658813,3.4064040184020996,2.980915069580078
1767991217.4347372,10.492453575134277,5.12005615234375,12.227581024169922,-0.7978636026382446,3.4060206413269043,2.98149037361145
1767991217.451768,10.492836952209473,5.078830718994141,12.341287612915039,-0.7880844473838806,3.4060206413269043,2.981106996536255
1767991217.4687605,10.494370460510254,5.031277179718018,12.460746765136719,-0.7865504622459412,3.4058287143707275,2.981682062149048
1767991217.4857547,10.496288299560547,4.98257303237915,12.536487579345703,-0.7873174548149109,3.4058287143707275,2.98149037361145
1767991217.5027356,10.500506401062012,4.949784278869629,12.579630851745605,-0.7863587141036987,3.4058287143707275,2.98149037361145
1767991217.5197668,10.507217407226562,4.907407760620117,12.658246994018555,-0.782907247543335,3.4058287143707275,2.98149037361145
1767991217.536722,10.509710311889648,4.857745170593262,12.726701736450195,-0.7771548628807068,3.4060206413269043,2.98149037361145
1767991217.5537817,10.509902000427246,4.813451290130615,12.718839645385742,-0.763924241065979,3.40563702583313,2.98149037361145
1767991217.5707405,10.509902000427246,4.774526596069336,12.742233276367188,-0.7397639751434326,3.4058287143707275,2.981682062149048
1767991217.5877337,10.50951862335205,4.734450817108154,12.749135971069336,-0.7014143466949463,3.4058287143707275,2.981682062149048
1767991217.6047344,10.507793426513672,4.6964850425720215,12.75182056427002,-0.6590380668640137,3.4060206413269043,2.98149037361145
1767991217.621688,10.507025718688965,4.65180778503418,12.751628875732422,-0.6239481568336487,3.4058287143707275,2.981682062149048
1767991217.638732,10.502424240112305,4.614224910736084,12.75047779083252,-0.6055403351783752,3.4058287143707275,2.98149037361145
1767991217.655712,10.500314712524414,4.596776008605957,12.748369216918945,-0.5925014615058899,3.40563702583313,2.981682062149048
1767991217.6727307,10.500314712524414,4.567630290985107,12.74587631225586,-0.5721761584281921,3.4060206413269043,2.98149037361145
1767991217.6896865,10.49897289276123,4.5428948402404785,12.740890502929688,-0.524239182472229,3.4060206413269043,2.981682062149048
1767991217.7068207,10.484783172607422,4.515474796295166,12.733796119689941,-0.4504161477088928,3.40563702583313,2.98149037361145
1767991217.7237947,10.472702980041504,4.4874796867370605,12.730344772338867,-0.3741004467010498,3.4058287143707275,2.98149037361145
1767991217.7407405,10.456404685974121,4.466770648956299,12.729001998901367,-0.2893477976322174,3.4058287143707275,2.9812986850738525
1767991217.7577302,10.435887336730957,4.448746204376221,12.729001998901367,-0.20977236330509186,3.4058287143707275,2.98149037361145
1767991217.774734,10.417096138000488,4.428804874420166,12.729001998901367,-0.11543232202529907,3.4060206413269043,2.981682062149048
1767991217.7917285,10.390251159667969,4.413272857666016,12.729193687438965,-0.03355590999126434,3.40563702583313,2.98149037361145
1767991217.8087335,10.354394912719727,4.3994669914245605,12.729193687438965,0.06020888686180115,3.4060206413269043,2.981682062149048
1767991217.8257344,10.324673652648926,4.3893046379089355,12.729385375976562,0.15263144671916962,3.4060206413269043,2.98149037361145
1767991217.842726,10.28095531463623,4.378566741943359,12.729001998901367,0.2534909248352051,3.4060206413269043,2.98149037361145
1767991217.8597314,10.237428665161133,4.3687872886657715,12.728618621826172,0.34591346979141235,3.4058287143707275,2.981682062149048
1767991217.8767183,10.196393966674805,4.363801956176758,12.728618621826172,0.45655208826065063,3.40563702583313,2.981682062149048
1767991217.8936625,10.147881507873535,4.360350608825684,12.728618621826172,0.5723679065704346,3.4058287143707275,2.98149037361145
1767991217.9107256,10.087864875793457,4.358433246612549,12.724783897399902,0.6899094581604004,3.4060206413269043,2.981682062149048
1767991217.9277174,10.035134315490723,4.352680683135986,12.716346740722656,0.8181889057159424,3.4058287143707275,2.981682062149048
1767991217.9446766,9.987771987915039,4.346353054046631,12.706759452819824,0.9478105902671814,3.4058287143707275,2.98149037361145
1767991217.9617324,9.918359756469727,4.342134475708008,12.701581954956055,1.075898289680481,3.4060206413269043,2.98149037361145
1767991217.9787211,9.855274200439453,4.340025424957275,12.694679260253906,1.1961243152618408,3.4060206413269043,2.98149037361145
1767991217.9957123,9.800050735473633,4.332355499267578,12.688159942626953,1.3238284587860107,3.4060206413269043,2.98149037361145
1767991218.0127118,9.716065406799316,4.327369689941406,12.681832313537598,1.4542171955108643,3.4060206413269043,2.981682062149048
1767991218.0297,9.658924102783203,4.3200836181640625,12.67953109741211,1.5786616802215576,3.4058287143707275,2.98149037361145
1767991218.0467165,9.573596954345703,4.315673351287842,12.673970222473145,1.7130770683288574,3.4060206413269043,2.98149037361145
1767991218.0636768,9.49996566772461,4.310688018798828,12.667067527770996,1.8524779081344604,3.4058287143707275,2.98149037361145
1767991218.0807104,9.420965194702148,4.299182891845703,12.657096862792969,1.996097207069397,3.4058287143707275,2.981682062149048
1767991218.0976996,9.336020469665527,4.290362358093262,12.645975112915039,2.1303207874298096,3.4058287143707275,2.981682062149048
1767991218.1146734,9.26028060913086,4.2821173667907715,12.631211280822754,2.2718307971954346,3.4058287143707275,2.98149037361145
1767991218.1317058,9.166131973266602,4.2725300788879395,12.614145278930664,2.4093141555786133,3.4058287143707275,2.981682062149048
1767991218.1486185,9.0930757522583,4.260833263397217,12.592477798461914,2.55293345451355,3.40563702583313,2.98149037361145
1767991218.165684,8.995092391967773,4.252588272094727,12.554512023925781,2.6923344135284424,3.4058287143707275,2.981682062149048
1767991218.1826856,8.90708065032959,4.241083145141602,12.52939224243164,2.8321187496185303,3.4058287143707275,2.981682062149048
1767991218.199642,8.811397552490234,4.231112480163574,12.503698348999023,2.9715194702148438,3.40563702583313,2.98149037361145
1767991218.2166815,8.72645378112793,4.219799041748047,12.448474884033203,3.117248058319092,3.4058287143707275,2.981682062149048
1767991218.2336733,8.623292922973633,4.2104034423828125,12.384622573852539,3.267770290374756,3.4058287143707275,2.98149037361145
1767991218.250661,8.533171653747559,4.196597576141357,12.345698356628418,3.421935558319092,3.4058287143707275,2.98149037361145
1767991218.2676213,8.443625450134277,4.182983875274658,12.295459747314453,3.5739917755126953,3.4060206413269043,2.981682062149048
1767991218.2846797,8.34564208984375,4.170519828796387,12.189998626708984,3.7197203636169434,3.4058287143707275,2.9818739891052246
1767991218.301623,8.254944801330566,4.155372142791748,12.11943531036377,3.8568201065063477,3.40563702583313,2.9818739891052246
1767991218.3186886,8.169809341430664,4.132554054260254,12.07820987701416,3.9912354946136475,3.4058287143707275,2.981682062149048
1767991218.335687,8.075085639953613,4.123541831970215,11.969488143920898,4.128910541534424,3.4058287143707275,2.9818739891052246
1767991218.3526928,7.983621597290039,4.115488529205322,11.905827522277832,4.265435218811035,3.4058287143707275,2.981682062149048
1767991218.369637,7.90212869644165,4.107243061065674,11.790970802307129,4.394289970397949,3.4058287143707275,2.981682062149048
1767991218.3866904,7.81104850769043,4.100723743438721,11.72807788848877,4.511064529418945,3.4058287143707275,2.981682062149048
1767991218.4036844,7.733198642730713,4.100532054901123,11.616288185119629,4.6295647621154785,3.4058287143707275,2.98149037361145
1767991218.420699,7.657649993896484,4.101874351501465,11.514470100402832,4.741353988647461,3.40563702583313,2.98149037361145
1767991218.4376748,7.583635330200195,4.103983402252197,11.427225112915039,4.839337348937988,3.4058287143707275,2.981682062149048
1767991218.4546816,7.517673969268799,4.106476306915283,11.316969871520996,4.942114353179932,3.4060206413269043,2.98149037361145
1767991218.47168,7.435797691345215,4.1164469718933105,11.204221725463867,5.03568696975708,3.4060206413269043,2.981682062149048
1767991218.4886198,7.389586448669434,4.132362365722656,11.122345924377441,5.121398448944092,3.4060206413269043,2.98149037361145
1767991218.505682,7.3282270431518555,4.151345252990723,11.032990455627441,5.189661026000977,3.4058287143707275,2.98149037361145
1767991218.5226777,7.264949798583984,4.179723739624023,10.905095100402832,5.267702579498291,3.4058287143707275,2.981682062149048
1767991218.5396845,7.216629505157471,4.222867012023926,10.826478004455566,5.326569080352783,3.4058287143707275,2.98149037361145
1767991218.5566592,7.152585506439209,4.262942790985107,10.725810050964355,5.359166145324707,3.4060206413269043,2.9812986850738525
1767991218.5736701,7.096019744873047,4.285952568054199,10.59158706665039,5.391571521759033,3.4060206413269043,2.981682062149048
1767991218.590656,7.057670593261719,4.32775354385376,10.503766059875488,5.431455135345459,3.4060206413269043,2.9812986850738525
1767991218.607666,7.009349822998047,4.387770652770996,10.37874698638916,5.473831653594971,3.4058287143707275,2.98149037361145
1767991218.624665,6.954318046569824,4.454115390777588,10.253535270690918,5.5112223625183105,3.4060206413269043,2.981682062149048
1767991218.6415966,6.915393352508545,4.5122151374816895,10.174726486206055,5.537491798400879,3.4058287143707275,2.98149037361145
1767991218.6586618,6.884138584136963,4.6025285720825195,10.005413055419922,5.558967590332031,3.4058287143707275,2.98149037361145
1767991218.675661,6.847514629364014,4.67347526550293,9.861601829528809,5.594249248504639,3.4058287143707275,2.981682062149048
1767991218.6926703,6.801878452301025,4.741353988647461,9.751538276672363,5.621285915374756,3.4060206413269043,2.981682062149048
1767991218.709674,6.754708290100098,4.843172073364258,9.579732894897461,5.639118194580078,3.4058287143707275,2.98149037361145
1767991218.7266529,6.726329803466797,4.942306041717529,9.415212631225586,5.642377853393555,3.4060206413269043,2.981682062149048
1767991218.743593,6.693541049957275,5.035495281219482,9.245132446289062,5.642569541931152,3.4060206413269043,2.98149037361145
1767991218.7606006,6.664970397949219,5.140956878662109,9.058369636535645,5.6431450843811035,3.4058287143707275,2.981682062149048
1767991218.777595,6.62451171875,5.266168594360352,8.872373580932617,5.641994476318359,3.4058287143707275,2.98149037361145
1767991218.7946951,6.59689998626709,5.398090839385986,8.683693885803223,5.641802787780762,3.4058287143707275,2.9812986850738525
1767991218.8116565,6.587120532989502,5.540559768676758,8.492137908935547,5.641611099243164,3.4058287143707275,2.9812986850738525
1767991218.8286517,6.569863319396973,5.674975395202637,8.29502010345459,5.641802787780762,3.4058287143707275,2.98149037361145
1767991218.845644,6.556249141693115,5.818786144256592,8.089274406433105,5.641802787780762,3.4058287143707275,2.9812986850738525
1767991218.8626568,6.541292667388916,5.963364124298096,7.883337497711182,5.641035556793213,3.4060206413269043,2.98149037361145
1767991218.879642,6.530746936798096,6.124815940856934,7.679125785827637,5.638734817504883,3.4058287143707275,2.98149037361145
1767991218.8966517,6.519241809844971,6.292212009429932,7.449795246124268,5.638734817504883,3.4058287143707275,2.98149037361145
1767991218.9136624,6.511188507080078,6.4555816650390625,7.22564172744751,5.637967586517334,3.40563702583313,2.9812986850738525
1767991218.9306645,6.498533248901367,6.615115642547607,7.009349822998047,5.637392520904541,3.4058287143707275,2.9812986850738525
1767991218.9476354,6.496615409851074,6.783854007720947,6.785387992858887,5.636817455291748,3.4058287143707275,2.9812986850738525
1767991218.964653,6.496807098388672,6.960262298583984,6.553181171417236,5.624545574188232,3.4058287143707275,2.98149037361145
1767991218.981594,6.498341083526611,7.134753227233887,6.316372394561768,5.604028224945068,3.4060206413269043,2.9812986850738525
1767991218.9985764,6.502559661865234,7.297355651855469,6.097204208374023,5.584661960601807,3.4060206413269043,2.9812986850738525
1767991219.0155907,6.513489246368408,7.454780578613281,5.879762172698975,5.574882507324219,3.4060206413269043,2.98149037361145
1767991219.0325897,6.5326642990112305,7.62064266204834,5.660785675048828,5.5691304206848145,3.4060206413269043,2.98149037361145
1767991219.0496569,6.542059898376465,7.7888054847717285,5.4552321434021,5.558775901794434,3.4058287143707275,2.9812986850738525
1767991219.0666587,6.560851097106934,7.947381496429443,5.2571563720703125,5.54266881942749,3.4060206413269043,2.9812986850738525
1767991219.0836394,6.580601215362549,8.091958999633789,5.059080600738525,5.505469799041748,3.4060206413269043,2.981106996536255
1767991219.100644,6.596707820892334,8.237879753112793,4.85640287399292,5.43433141708374,3.4058287143707275,2.9812986850738525
1767991219.1175554,6.608021259307861,8.380156517028809,4.664463043212891,5.353221893310547,3.4060206413269043,2.9812986850738525
1767991219.1346226,6.621059894561768,8.527227401733398,4.4790425300598145,5.246226787567139,3.4060206413269043,2.981106996536255
1767991219.1516278,6.6452202796936035,8.661067962646484,4.303593158721924,5.1306023597717285,3.4058287143707275,2.981106996536255
1767991219.1686213,6.661327362060547,8.799125671386719,4.141566276550293,5.003665447235107,3.4060206413269043,2.9812986850738525
1767991219.1855547,6.684337139129639,8.924720764160156,3.9726359844207764,4.870400428771973,3.4058287143707275,2.981106996536255
1767991219.2026136,6.7121405601501465,9.053192138671875,3.837261915206909,4.741353988647461,3.4060206413269043,2.9812986850738525
1767991219.2196112,6.728247165679932,9.177445411682129,3.686739683151245,4.61077356338501,3.4060206413269043,2.981106996536255
1767991219.236613,6.742436408996582,9.283673286437988,3.5661301612854004,4.482877731323242,3.4060206413269043,2.9812986850738525
1767991219.2535539,6.7596940994262695,9.401982307434082,3.4330570697784424,4.355940341949463,3.4060206413269043,2.9812986850738525
1767991219.270614,6.777909755706787,9.513195991516113,3.3210761547088623,4.243767738342285,3.4060206413269043,2.981106996536255
1767991219.2876184,6.7892231941223145,9.605618476867676,3.224818706512451,4.148468971252441,3.4060206413269043,2.9812986850738525
1767991219.3045511,6.7963175773620605,9.704176902770996,3.0992236137390137,4.067934989929199,3.4060206413269043,2.981106996536255
1767991219.3216197,6.800727844238281,9.790846824645996,3.0232913494110107,4.000631332397461,3.4060206413269043,2.9812986850738525
1767991219.3385522,6.8108906745910645,9.878667831420898,2.9185969829559326,3.966691732406616,3.4060206413269043,2.9812986850738525
1767991219.3556097,6.819519519805908,9.966679573059082,2.814094305038452,3.95595383644104,3.4060206413269043,2.9812986850738525
1767991219.372589,6.827381134033203,10.05028247833252,2.7230141162872314,3.9555704593658447,3.4058287143707275,2.9812986850738525
1767991219.389552,6.841378688812256,10.13695240020752,2.6261813640594482,3.9557621479034424,3.4060206413269043,2.98149037361145
1767991219.4066114,6.856910228729248,10.23934555053711,2.4766178131103516,3.956145763397217,3.4060206413269043,2.9812986850738525
1767991219.4236119,6.8728251457214355,10.33790397644043,2.352940320968628,3.9555704593658447,3.4058287143707275,2.9812986850738525
1767991219.4405448,6.877427101135254,10.435120582580566,2.1845855712890625,3.955378770828247,3.4058287143707275,2.9812986850738525
1767991219.4575949,6.873784065246582,10.544609069824219,1.9993568658828735,3.9546117782592773,3.4058287143707275,2.98149037361145
1767991219.4746144,6.870716094970703,10.642208099365234,1.8216063976287842,3.948667526245117,3.4060206413269043,2.981106996536255
1767991219.4915864,6.866689205169678,10.76626968383789,1.6177783012390137,3.935628652572632,3.4060206413269043,2.981106996536255
1767991219.508592,6.866305828094482,10.894740104675293,1.3805859088897705,3.9009222984313965,3.4058287143707275,2.981106996536255
1767991219.525595,6.870907783508301,11.033182144165039,1.1474202871322632,3.8405215740203857,3.40563702583313,2.9812986850738525
1767991219.542602,6.878961086273193,11.19290828704834,0.892203688621521,3.7787787914276123,3.4058287143707275,2.981106996536255
1767991219.559595,6.886631011962891,11.34803295135498,0.6068825721740723,3.703230142593384,3.4058287143707275,2.981106996536255
1767991219.5765848,6.89564323425293,11.508525848388672,0.3188770115375519,3.6150259971618652,3.4058287143707275,2.980915069580078
1767991219.5935938,6.899094581604004,11.67745590209961,0.010162646882236004,3.496525526046753,3.4060206413269043,2.981106996536255
1767991219.6105819,6.910791397094727,11.844276428222656,-0.3165760338306427,3.344085931777954,3.4060206413269043,2.981106996536255
1767991219.6275861,6.941854476928711,12.011672973632812,-0.6371787786483765,3.174388885498047,3.4058287143707275,2.981106996536255
1767991219.6445851,6.958536624908447,12.182136535644531,-0.9736965894699097,2.9826409816741943,3.4058287143707275,2.981106996536255
1767991219.6615252,6.9855732917785645,12.344355583190918,-1.2975590229034424,2.7807302474975586,3.4060206413269043,2.9812986850738525
1767991219.67859,7.046548843383789,12.52344799041748,-1.625064730644226,2.5970356464385986,3.4060206413269043,2.980915069580078
1767991219.695586,7.084706783294678,12.68681812286377,-1.961390733718872,2.43117356300354,3.4060206413269043,2.981106996536255
1767991219.7125738,7.090075969696045,12.846927642822266,-2.2586002349853516,2.3120980262756348,3.4060206413269043,2.980915069580078
1767991219.7295122,7.083556175231934,12.987862586975098,-2.566164016723633,2.2206342220306396,3.406212329864502,2.980915069580078
1767991219.7465682,7.067257881164551,13.124003410339355,-2.8812060356140137,2.1598498821258545,3.406212329864502,2.980915069580078
1767991219.7635481,7.050192356109619,13.245955467224121,-3.146585464477539,2.12284255027771,3.4060206413269043,2.9807233810424805
1767991219.780547,7.044631481170654,13.360237121582031,-3.4196345806121826,2.1098036766052246,3.406212329864502,2.9807233810424805
1767991219.7975092,7.0258402824401855,13.453042984008789,-3.6942179203033447,2.108461618423462,3.406212329864502,2.9807233810424805
1767991219.8145616,6.989408016204834,13.563681602478027,-3.9465582370758057,2.1117212772369385,3.4060206413269043,2.980531692504883
1767991219.8315487,6.956427574157715,13.655912399291992,-4.2219085693359375,2.111912965774536,3.4060206413269043,2.980340003967285
1767991219.8485053,6.9355268478393555,13.742582321166992,-4.494574069976807,2.111912965774536,3.4060206413269043,2.980340003967285
1767991219.865555,6.915968418121338,13.832128524780273,-4.762829780578613,2.1111459732055664,3.406212329864502,2.9799563884735107
1767991219.8825402,6.882029056549072,13.909978866577148,-5.0295515060424805,2.108269691467285,3.4060206413269043,2.9801480770111084
1767991219.8995404,6.861512184143066,13.98245906829834,-5.289753437042236,2.099449396133423,3.4060206413269043,2.9799563884735107
1767991219.916547,6.857868671417236,14.056282043457031,-5.527137279510498,2.0898618698120117,3.4060206413269043,2.979764699935913
1767991219.933491,6.846172332763672,14.118600845336914,-5.776985168457031,2.0912041664123535,3.4060206413269043,2.9793810844421387
1767991219.9505463,6.835817813873291,14.18609619140625,-6.039488315582275,2.0912041664123535,3.4060206413269043,2.9788060188293457
1767991219.9675417,6.817409992218018,14.243236541748047,-6.297389507293701,2.091012477874756,3.4060206413269043,2.9784224033355713
1767991219.9845443,6.7993855476379395,14.291173934936523,-6.553181171417236,2.0900537967681885,3.4060206413269043,2.9784224033355713
1767991220.0014868,6.767171859741211,14.35560131072998,-6.807055473327637,2.0892868041992188,3.406212329864502,2.9784224033355713
1767991220.0185485,6.750873565673828,14.417919158935547,-7.063422679901123,2.0881361961364746,3.4060206413269043,2.9784224033355713
1767991220.0355463,6.744929313659668,14.46700668334961,-7.312887191772461,2.087944507598877,3.406212329864502,2.9782307147979736
1767991220.0525458,6.730931758880615,14.527215957641602,-7.5659942626953125,2.0871775150299072,3.406212329864502,2.978039026260376
1767991220.0694768,6.720768928527832,14.572851181030273,-7.80951452255249,2.082958936691284,3.406212329864502,2.978039026260376
1767991220.0865438,6.71348237991333,14.613885879516602,-8.05533504486084,2.0720293521881104,3.406212329864502,2.977847099304199
1767991220.1034853,6.692198753356934,14.661055564880371,-8.292911529541016,2.0534298419952393,3.406212329864502,2.977847099304199
1767991220.1204991,6.657108783721924,14.702473640441895,-8.523584365844727,2.015080213546753,3.4064040184020996,2.9776554107666016
1767991220.1375194,6.603227615356445,14.747342109680176,-8.753490447998047,1.9495023488998413,3.4064040184020996,2.976696729660034
1767991220.1545181,6.565261363983154,14.79029369354248,-8.985696792602539,1.893128514289856,3.406787633895874,2.9770801067352295
1767991220.171558,6.5253777503967285,14.834012031555176,-9.217137336730957,1.862065315246582,3.4069793224334717,2.976888418197632
1767991220.1885529,6.469003677368164,14.887893676757812,-9.457972526550293,1.8517109155654907,3.4069793224334717,2.976696729660034
1767991220.2054746,6.4176154136657715,14.933338165283203,-9.683659553527832,1.842507004737854,3.4069793224334717,2.976696729660034
1767991220.2225418,6.376389503479004,14.979357719421387,-9.899184226989746,1.830426812171936,3.4069793224334717,2.9763131141662598
1767991220.239543,6.3019914627075195,15.037073135375977,-10.11816120147705,1.8101015090942383,3.406787633895874,2.976121425628662
1767991220.2565339,6.216855049133301,15.088653564453125,-10.32735824584961,1.7895845174789429,3.4069793224334717,2.976121425628662
1767991220.2734756,6.152619361877441,15.140233993530273,-10.526968002319336,1.7748199701309204,3.4069793224334717,2.9759297370910645
1767991220.2904863,6.061155796051025,15.190088272094727,-10.7208251953125,1.7677252292633057,3.406787633895874,2.9759297370910645
1767991220.3075404,5.954927444458008,15.236682891845703,-10.897424697875977,1.7661912441253662,3.406787633895874,2.975738048553467
1767991220.324535,5.8544511795043945,15.294015884399414,-11.069806098937988,1.7677252292633057,3.4069793224334717,2.975738048553467
1767991220.3414571,5.761645317077637,15.34962272644043,-11.227423667907715,1.7673417329788208,3.4069793224334717,2.9753544330596924
1767991220.358541,5.644295692443848,15.403887748718262,-11.370658874511719,1.766574740409851,3.406787633895874,2.97554612159729
1767991220.3755019,5.517933368682861,15.451249122619629,-11.50104808807373,1.766574740409851,3.4069793224334717,2.9751627445220947
1767991220.3925247,5.408445358276367,15.495351791381836,-11.635655403137207,1.7658077478408813,3.406787633895874,2.9753544330596924
1767991220.4095092,5.287643909454346,15.547122955322266,-11.74916934967041,1.764273762702942,3.406787633895874,2.9753544330596924
1767991220.4265335,5.173170566558838,15.602154731750488,-11.86997127532959,1.7573708295822144,3.406787633895874,2.9753544330596924
1767991220.4434705,5.069626808166504,15.660062789916992,-11.971981048583984,1.742606282234192,3.4069793224334717,2.9753544330596924
1767991220.4605117,4.945949077606201,15.719696998596191,-12.097959518432617,1.7320600748062134,3.4069793224334717,2.9753544330596924
1767991220.4774559,4.828023910522461,15.78182315826416,-12.219528198242188,1.7123100757598877,3.406787633895874,2.9751627445220947
1767991220.494514,4.71527624130249,15.842415809631348,-12.310799598693848,1.6823973655700684,3.406787633895874,2.9753544330596924
1767991220.5114522,4.5910234451293945,15.89917278289795,-12.446749687194824,1.6400210857391357,3.4065957069396973,2.9751627445220947
1767991220.528507,4.476933479309082,15.959190368652344,-12.546074867248535,1.5903582572937012,3.406787633895874,2.9753544330596924
1767991220.5455067,4.367253303527832,16.022083282470703,-12.656330108642578,1.5539262294769287,3.406787633895874,2.9753544330596924
1767991220.5625036,4.2610249519348145,16.09111213684082,-12.782883644104004,1.535710096359253,3.4065957069396973,2.97554612159729
1767991220.5794473,4.163042068481445,16.15803337097168,-12.85708999633789,1.5192197561264038,3.406787633895874,2.9751627445220947
1767991220.5964499,4.052595138549805,16.213640213012695,-12.99303913116455,1.4894988536834717,3.4065957069396973,2.9753544330596924
1767991220.6134467,3.94694185256958,16.278642654418945,-13.094282150268555,1.426988959312439,3.4065957069396973,2.97554612159729
1767991220.6304467,3.8516430854797363,16.337125778198242,-13.170598030090332,1.3593019247055054,3.406787633895874,2.9751627445220947
1767991220.6474473,3.7454144954681396,16.38103485107422,-13.299836158752441,1.2931488752365112,3.4065957069396973,2.9753544330596924
1767991220.6644435,3.6311328411102295,16.43817710876465,-13.400120735168457,1.2398428916931152,3.406787633895874,2.97554612159729
1767991220.681446,3.5346834659576416,16.500877380371094,-13.477970123291016,1.2145321369171143,3.406787633895874,2.9753544330596924
1767991220.69845,3.4516565799713135,16.55150032043457,-13.583815574645996,1.2162578105926514,3.4065957069396973,2.9753544330596924
1767991220.7154524,3.3517558574676514,16.596559524536133,-13.676621437072754,1.2158743143081665,3.4064040184020996,2.9753544330596924
1767991220.7324464,3.2468695640563965,16.642196655273438,-13.710369110107422,1.215299129486084,3.406787633895874,2.9751627445220947
1767991220.7494268,3.162308692932129,16.676326751708984,-13.829252243041992,1.214340329170227,3.4065957069396973,2.97554612159729
1767991220.7664318,3.0733377933502197,16.71314239501953,-13.890803337097168,1.2128063440322876,3.4065957069396973,2.9751627445220947
1767991220.7834246,2.9910778999328613,16.75762939453125,-13.939507484436035,1.2106971740722656,3.4064040184020996,2.9751627445220947
1767991220.8004162,2.9067087173461914,16.811893463134766,-14.040367126464844,1.2009179592132568,3.406212329864502,2.9751627445220947
1767991220.8174207,2.836337089538574,16.859638214111328,-14.090221405029297,1.1756073236465454,3.4065957069396973,2.974971055984497
1767991220.8344243,2.7782373428344727,16.8958797454834,-14.198368072509766,1.1267114877700806,3.4064040184020996,2.9751627445220947
1767991220.8514256,2.7055649757385254,16.9392147064209,-14.246879577636719,1.0565317869186401,3.406787633895874,2.9753544330596924
1767991220.8684409,2.6482322216033936,16.99309539794922,-14.297501564025879,0.9993908405303955,3.406787633895874,2.9751627445220947
1767991220.8854213,2.5983777046203613,17.045059204101562,-14.387239456176758,0.9547135233879089,3.4065957069396973,2.9753544330596924
1767991220.9024434,2.5496737957000732,17.098365783691406,-14.439011573791504,0.9134876728057861,3.406787633895874,2.9751627445220947
1767991220.9194214,2.5186104774475098,17.168928146362305,-14.536994934082031,0.8902862071990967,3.4065957069396973,2.9751627445220947
1767991220.9364207,2.5042295455932617,17.237957000732422,-14.561538696289062,0.8881769776344299,3.4064040184020996,2.9747791290283203
1767991220.9534235,2.4833290576934814,17.298166275024414,-14.629609107971191,0.8877934813499451,3.4065957069396973,2.9745874404907227
1767991220.9704242,2.4217777252197266,17.36355209350586,-14.706308364868164,0.8874099850654602,3.4064040184020996,2.974971055984497
1767991220.9874198,2.373457431793213,17.441593170166016,-14.720113754272461,0.8858759999275208,3.4065957069396973,2.9747791290283203
1767991221.004439,2.369814157485962,17.524620056152344,-14.796621322631836,0.8853007555007935,3.4064040184020996,2.9747791290283203
1767991221.0214217,2.361377239227295,17.609373092651367,-14.871211051940918,0.8847255110740662,3.4064040184020996,2.974971055984497
1767991221.038421,2.3381757736206055,17.706974029541016,-14.87236213684082,0.8853007555007935,3.4065957069396973,2.9745874404907227
1767991221.0554018,2.310180425643921,17.79268455505371,-14.908219337463379,0.8860677480697632,3.4065957069396973,2.9745874404907227
1767991221.0724192,2.2720227241516113,17.8814640045166,-14.946185111999512,0.8845337629318237,3.4065957069396973,2.9747791290283203
1767991221.0894175,2.2298381328582764,17.96602439880371,-14.989520072937012,0.8847255110740662,3.4065957069396973,2.9745874404907227
1767991221.1064036,2.2183332443237305,18.087785720825195,-15.039949417114258,0.8860677480697632,3.4065957069396973,2.9745874404907227
1767991221.1234,2.2191002368927,18.207435607910156,-15.053180694580078,0.886451244354248,3.4065957069396973,2.9745874404907227
1767991221.140403,2.2175662517547607,18.319799423217773,-15.08232593536377,0.886451244354248,3.4065957069396973,2.9747791290283203
1767991221.1573973,2.207787036895752,18.419126510620117,-15.109745979309082,0.8870264887809753,3.4065957069396973,2.974395751953125
1767991221.1744037,2.183051586151123,18.51921844482422,-15.130263328552246,0.8868347406387329,3.4065957069396973,2.9745874404907227
1767991221.1913984,2.1611921787261963,18.62966537475586,-15.1502046585083,0.8872182369232178,3.4065957069396973,2.974395751953125
1767991221.208401,2.160616874694824,18.742412567138672,-15.175899505615234,0.886451244354248,3.406787633895874,2.974395751953125
1767991221.2253954,2.160616874694824,18.84768295288086,-15.199867248535156,0.8868347406387329,3.4065957069396973,2.9745874404907227
1767991221.2423916,2.160616874694824,18.961963653564453,-15.212715148925781,0.8870264887809753,3.4065957069396973,2.974395751953125
1767991221.2593951,2.160808801651001,19.050743103027344,-15.228246688842773,0.8866429924964905,3.4069793224334717,2.9747791290283203
1767991221.276387,2.1604251861572266,19.14470100402832,-15.244353294372559,0.8868347406387329,3.4065957069396973,2.9747791290283203
1767991221.2933967,2.1610004901885986,19.233863830566406,-15.269280433654785,0.8860677480697632,3.406787633895874,2.9745874404907227
1767991221.3103998,2.1610004901885986,19.34872055053711,-15.316834449768066,0.8868347406387329,3.406787633895874,2.9745874404907227
1767991221.3273964,2.1629178524017334,19.44881248474121,-15.374741554260254,0.8866429924964905,3.4065957069396973,2.9745874404907227
1767991221.3444002,2.1640684604644775,19.55427360534668,-15.40024471282959,0.8887522220611572,3.4065957069396973,2.9745874404907227
1767991221.361402,2.165027141571045,19.639026641845703,-15.43629264831543,0.890861451625824,3.4065957069396973,2.9745874404907227
1767991221.3784618,2.1648354530334473,19.6988525390625,-15.50474739074707,0.8916284441947937,3.4065957069396973,2.9747791290283203
1767991221.395456,2.164260149002075,19.802587509155273,-15.566298484802246,0.8929706811904907,3.4069793224334717,2.9745874404907227
1767991221.4124475,2.164451837539673,19.905364990234375,-15.620370864868164,0.9010240435600281,3.4069793224334717,2.9747791290283203
1767991221.4294558,2.168095111846924,20.0156192779541,-15.721805572509766,0.9037085175514221,3.4069793224334717,2.9747791290283203
1767991221.4464278,2.1657941341400146,20.118206024169922,-15.779138565063477,0.906776487827301,3.4071710109710693,2.974395751953125
1767991221.4634366,2.1654107570648193,20.215229034423828,-15.807133674621582,0.9177061319351196,3.4075546264648438,2.9745874404907227
1767991221.4804375,2.165602445602417,20.310911178588867,-15.90971851348877,0.9242255687713623,3.4075546264648438,2.9747791290283203
1767991221.4974406,2.163301467895508,20.40390968322754,-15.95516300201416,0.926334798336029,3.4075546264648438,2.9742040634155273
1767991221.5144446,2.1654107570648193,20.509180068969727,-15.97817325592041,0.926334798336029,3.4077463150024414,2.9745874404907227
1767991221.5314348,2.1663694381713867,20.605436325073242,-16.063501358032227,0.9253760576248169,3.4077463150024414,2.9747791290283203
1767991221.5484443,2.167903423309326,20.716842651367188,-16.092838287353516,0.9261430501937866,3.407938003540039,2.9745874404907227
1767991221.5654366,2.171738386154175,20.78970718383789,-16.102426528930664,0.9282522797584534,3.407938003540039,2.9745874404907227
1767991221.5824373,2.1749980449676514,20.873884201049805,-16.12447738647461,0.9265265464782715,3.4077463150024414,2.974395751953125
1767991221.5994334,2.1759567260742188,20.957103729248047,-16.143651962280273,0.9261430501937866,3.407938003540039,2.974395751953125
1767991221.6163778,2.186694622039795,21.064098358154297,-16.177974700927734,0.9276770353317261,3.4075546264648438,2.9745874404907227
1767991221.6334329,2.2049107551574707,21.17205238342285,-16.205968856811523,0.9257595539093018,3.4077463150024414,2.9745874404907227
1767991221.650433,2.2273452281951904,21.261981964111328,-16.22514533996582,0.926334798336029,3.4077463150024414,2.9747791290283203
1767991221.6674323,2.2400007247924805,21.338489532470703,-16.252948760986328,0.9265265464782715,3.4077463150024414,2.9745874404907227
1767991221.6843739,2.24076771736145,21.41653060913086,-16.2673282623291,0.9265265464782715,3.407938003540039,2.9745874404907227
1767991221.7014313,2.2545735836029053,21.501283645629883,-16.269821166992188,0.9265265464782715,3.4075546264648438,2.974395751953125
1767991221.7184172,2.272789716720581,21.58910369873047,-16.287654876708984,0.9280605316162109,3.4077463150024414,2.9747791290283203
1767991221.7354376,2.292731285095215,21.693607330322266,-16.310855865478516,0.9282522797584534,3.407938003540039,2.9745874404907227
1767991221.7524168,2.300976514816284,21.78813934326172,-16.336742401123047,0.9280605316162109,3.4077463150024414,2.9745874404907227
1767991221.7693472,2.3190009593963623,21.895517349243164,-16.359560012817383,0.929402768611908,3.4075546264648438,2.974395751953125
1767991221.786411,2.3333818912506104,21.978927612304688,-16.37470817565918,0.9313202500343323,3.407938003540039,2.9745874404907227
1767991221.8034086,2.342010736465454,22.066173553466797,-16.391006469726562,0.9332377314567566,3.407938003540039,2.9745874404907227
1767991221.820405,2.343161106109619,22.152267456054688,-16.41037368774414,0.9349634647369385,3.4077463150024414,2.9745874404907227
1767991221.8374074,2.3525567054748535,22.25159454345703,-16.41804313659668,0.9364974498748779,3.4075546264648438,2.9745874404907227
1767991221.8544223,2.3629112243652344,22.34248161315918,-16.424179077148438,0.9382231831550598,3.4075546264648438,2.9745874404907227
1767991221.871419,2.3696224689483643,22.44314956665039,-16.428014755249023,0.9382231831550598,3.4077463150024414,2.9747791290283203
1767991221.8884158,2.370389461517334,22.525409698486328,-16.43012237548828,0.939181923866272,3.4075546264648438,2.9745874404907227
1767991221.905414,2.370389461517334,22.612079620361328,-16.429738998413086,0.9395654201507568,3.407938003540039,2.9745874404907227
1767991221.9224167,2.3700058460235596,22.686477661132812,-16.42935562133789,0.9397571682929993,3.4075546264648438,2.9745874404907227
1767991221.9394138,2.368088483810425,22.771806716918945,-16.4285888671875,0.9403324127197266,3.4077463150024414,2.9745874404907227
1767991221.9564075,2.3665544986724854,22.847354888916016,-16.426862716674805,0.9424416422843933,3.4077463150024414,2.9745874404907227
1767991221.9734035,2.3640615940093994,22.921178817749023,-16.42647933959961,0.9435921311378479,3.4077463150024414,2.9747791290283203
1767991221.9904108,2.3585009574890137,22.981002807617188,-16.421110153198242,0.9480023384094238,3.407938003540039,2.9745874404907227
1767991222.0074072,2.3525567054748535,23.035459518432617,-16.413440704345703,0.9478105902671814,3.4077463150024414,2.9747791290283203
1767991222.0243943,2.3387508392333984,23.088956832885742,-16.40270233154297,0.9480023384094238,3.4075546264648438,2.974971055984497
1767991222.041408,2.3358747959136963,23.133827209472656,-16.39714241027832,0.9480023384094238,3.4077463150024414,2.9747791290283203
1767991222.0583909,2.333573818206787,23.172943115234375,-16.392349243164062,0.9481940865516663,3.4077463150024414,2.9747791290283203
1767991222.0754092,2.323986291885376,23.211868286132812,-16.388896942138672,0.9485775828361511,3.4075546264648438,2.9747791290283203
1767991222.09233,2.311331033706665,23.251176834106445,-16.38448715209961,0.9487693309783936,3.4077463150024414,2.9747791290283203
1767991222.1093848,2.3044281005859375,23.27802085876465,-16.37547492980957,0.9483858346939087,3.4077463150024414,2.9747791290283203
1767991222.1263258,2.2942652702331543,23.296812057495117,-16.367996215820312,0.948961079120636,3.4075546264648438,2.9747791290283203
1767991222.1433241,2.2858283519744873,23.30314064025879,-16.359943389892578,0.9520290493965149,3.4077463150024414,2.9747791290283203
1767991222.1603823,2.281801700592041,23.30755043029785,-16.34402847290039,0.9543300271034241,3.4077463150024414,2.9745874404907227
1767991222.1773884,2.2695298194885254,23.312536239624023,-16.33348274230957,0.9554805159568787,3.4075546264648438,2.9747791290283203
1767991222.1943243,2.252847909927368,23.312726974487305,-16.311431884765625,0.9554805159568787,3.4077463150024414,2.9747791290283203
1767991222.211383,2.2423017024993896,23.310426712036133,-16.28880500793457,0.9558640122413635,3.4077463150024414,2.9745874404907227
1767991222.228313,2.2350151538848877,23.306591033935547,-16.278066635131836,0.9562475085258484,3.4075546264648438,2.974971055984497
1767991222.245387,2.231180191040039,23.3023738861084,-16.270973205566406,0.9564392566680908,3.4077463150024414,2.9747791290283203
1767991222.262386,2.219291925430298,23.294702529907227,-16.261001586914062,0.9566310048103333,3.4077463150024414,2.9747791290283203
1767991222.2793882,2.2081704139709473,23.288375854492188,-16.254098892211914,0.957397997379303,3.4075546264648438,2.9747791290283203
1767991222.2963881,2.1985831260681152,23.28377342224121,-16.25102996826172,0.9606577157974243,3.4077463150024414,2.9747791290283203
1767991222.3133206,2.1845855712890625,23.2831974029541,-16.250646591186523,0.9700533747673035,3.4077463150024414,2.9747791290283203
1767991222.3303552,2.181133985519409,23.28147315979004,-16.25179672241211,0.9928714036941528,3.4077463150024414,2.974971055984497
1767991222.3473644,2.1803669929504395,23.277446746826172,-16.2552490234375,1.044835090637207,3.4077463150024414,2.974971055984497
1767991222.3643723,2.177490711212158,23.276487350463867,-16.259275436401367,1.1196168661117554,3.407938003540039,2.9747791290283203
1767991222.3813453,2.1761486530303955,23.276487350463867,-16.260042190551758,1.1863452196121216,3.4077463150024414,2.9745874404907227
1767991222.3983543,2.1778743267059326,23.278596878051758,-16.264068603515625,1.2582507133483887,3.4077463150024414,2.9745874404907227
1767991222.4153523,2.1797916889190674,23.283966064453125,-16.272123336791992,1.3215274810791016,3.4075546264648438,2.974395751953125
1767991222.4322896,2.187269926071167,23.29259490966797,-16.27538299560547,1.3654378652572632,3.407938003540039,2.9745874404907227
1767991222.449276,2.192063570022583,23.30256462097168,-16.27902603149414,1.3999525308609009,3.4077463150024414,2.9745874404907227
1767991222.4663396,2.1935975551605225,23.313302993774414,-16.28113555908203,1.4193190336227417,3.4075546264648438,2.9745874404907227
1767991222.4833639,2.198199510574341,23.324615478515625,-16.2824764251709,1.4198943376541138,3.4077463150024414,2.9745874404907227
1767991222.5002983,2.2129642963409424,23.338420867919922,-16.282285690307617,1.4197025299072266,3.4077463150024414,2.974395751953125
1767991222.5173619,2.2298381328582764,23.358938217163086,-16.281518936157227,1.4198943376541138,3.407938003540039,2.9747791290283203
1767991222.5343704,2.2380831241607666,23.38214111328125,-16.279983520507812,1.419510841369629,3.407938003540039,2.9745874404907227
1767991222.551358,2.245753049850464,23.405916213989258,-16.27845001220703,1.419510841369629,3.4077463150024414,2.9747791290283203
1767991222.5683563,2.2597508430480957,23.427200317382812,-16.27749252319336,1.4193190336227417,3.4075546264648438,2.974395751953125
1767991222.5853653,2.2796924114227295,23.439855575561523,-16.277109146118164,1.419510841369629,3.4075546264648438,2.9747791290283203
1767991222.6023738,2.2977168560028076,23.45538902282715,-16.276723861694336,1.4198943376541138,3.4077463150024414,2.9747791290283203
1767991222.61936,2.309605121612549,23.471494674682617,-16.277109146118164,1.4198943376541138,3.4075546264648438,2.9747791290283203
1767991222.6363668,2.3345324993133545,23.481082916259766,-16.277299880981445,1.4200860261917114,3.4075546264648438,2.9747791290283203
1767991222.6533623,2.3554329872131348,23.50179100036621,-16.278833389282227,1.4208530187606812,3.4077463150024414,2.9747791290283203
1767991222.670361,2.372115135192871,23.518281936645508,-16.278833389282227,1.421811819076538,3.4077463150024414,2.9747791290283203
1767991222.6873658,2.3987679481506348,23.527294158935547,-16.278833389282227,1.421811819076538,3.4077463150024414,2.9747791290283203
1767991222.7043576,2.41851806640625,23.537263870239258,-16.278642654418945,1.4220035076141357,3.4075546264648438,2.9747791290283203
1767991222.721275,2.4350085258483887,23.54646873474121,-16.27845001220703,1.4216200113296509,3.4075546264648438,2.9747791290283203
1767991222.7383492,2.464345932006836,23.55126190185547,-16.277299880981445,1.4214283227920532,3.407362699508667,2.9747791290283203
1767991222.755355,2.4858217239379883,23.55759048461914,-16.277109146118164,1.421811819076538,3.4075546264648438,2.9747791290283203
1767991222.7723565,2.5138168334960938,23.562767028808594,-16.27691650390625,1.421236515045166,3.4075546264648438,2.9745874404907227
1767991222.789352,2.5368266105651855,23.56602668762207,-16.27691650390625,1.421236515045166,3.4075546264648438,2.9745874404907227
1767991222.8063405,2.5517830848693848,23.568326950073242,-16.277299880981445,1.421236515045166,3.407938003540039,2.9745874404907227
1767991222.8233654,2.575176239013672,23.567752838134766,-16.27845001220703,1.421236515045166,3.4077463150024414,2.9747791290283203
1767991222.8403556,2.589557409286499,23.567176818847656,-16.280559539794922,1.4214283227920532,3.4075546264648438,2.9745874404907227
1767991222.8572931,2.5987613201141357,23.56756019592285,-16.2838191986084,1.421236515045166,3.4075546264648438,2.9745874404907227
1767991222.8743348,2.6139094829559326,23.567752838134766,-16.28746223449707,1.4214283227920532,3.4077463150024414,2.9745874404907227
1767991222.89136,2.617936134338379,23.56813621520996,-16.291297912597656,1.4216200113296509,3.4077463150024414,2.9745874404907227
1767991222.9082723,2.622154474258423,23.567943572998047,-16.292640686035156,1.4220035076141357,3.4075546264648438,2.9747791290283203
1767991222.9253519,2.624455451965332,23.567943572998047,-16.292831420898438,1.421811819076538,3.4077463150024414,2.9747791290283203
1767991222.9423203,2.623305082321167,23.56813621520996,-16.292831420898438,1.4220035076141357,3.4077463150024414,2.9745874404907227
1767991222.9592636,2.6217710971832275,23.569095611572266,-16.292640686035156,1.4220035076141357,3.407938003540039,2.974971055984497
1767991222.9762485,2.617169141769409,23.571203231811523,-16.292064666748047,1.421811819076538,3.407362699508667,2.9745874404907227
1767991222.9932964,2.611800193786621,23.573122024536133,-16.292064666748047,1.4223870038986206,3.4077463150024414,2.9747791290283203
1767991223.0103037,2.6073899269104004,23.575231552124023,-16.292064666748047,1.4220035076141357,3.4075546264648438,2.9747791290283203
1767991223.0273004,2.596268653869629,23.57561492919922,-16.291872024536133,1.421811819076538,3.4077463150024414,2.9745874404907227
1767991223.0443017,2.587064743041992,23.575231552124023,-16.292064666748047,1.4216200113296509,3.4075546264648438,2.9745874404907227
1767991223.0612466,2.585338830947876,23.57503890991211,-16.292064666748047,1.4216200113296509,3.407938003540039,2.9747791290283203
1767991223.0783002,2.5797781944274902,23.57427215576172,-16.292064666748047,1.4214283227920532,3.4077463150024414,2.9747791290283203
1767991223.0952978,2.570382595062256,23.571779251098633,-16.291488647460938,1.4214283227920532,3.4077463150024414,2.9747791290283203
1767991223.112305,2.562520980834961,23.5637264251709,-16.289955139160156,1.4210448265075684,3.4077463150024414,2.9745874404907227
1767991223.1293116,2.5634796619415283,23.540523529052734,-16.2865047454834,1.4206613302230835,3.4077463150024414,2.9745874404907227
1767991223.1462302,2.564246654510498,23.505817413330078,-16.280942916870117,1.4204695224761963,3.4077463150024414,2.9745874404907227
1767991223.1632888,2.5657806396484375,23.464784622192383,-16.279983520507812,1.4204695224761963,3.4075546264648438,2.9745874404907227
1767991223.1802948,2.5694239139556885,23.417613983154297,-16.271739959716797,1.4202778339385986,3.4077463150024414,2.9747791290283203
1767991223.1972966,2.5818874835968018,23.36124038696289,-16.261192321777344,1.4204695224761963,3.407938003540039,2.974971055984497
1767991223.214299,2.596076726913452,23.283966064453125,-16.246044158935547,1.4202778339385986,3.4075546264648438,2.9747791290283203
1767991223.2312973,2.6083486080169678,23.20630645751953,-16.237224578857422,1.4204695224761963,3.4075546264648438,2.9747791290283203
1767991223.2483048,2.6242637634277344,23.10468101501465,-16.218433380126953,1.4202778339385986,3.4075546264648438,2.9751627445220947
1767991223.2653039,2.6422879695892334,23.00017738342285,-16.205202102661133,1.4202778339385986,3.4075546264648438,2.974971055984497
1767991223.2822921,2.6532177925109863,22.880720138549805,-16.185836791992188,1.4193190336227417,3.4077463150024414,2.974971055984497
1767991223.2992742,2.672584295272827,22.753015518188477,-16.174331665039062,1.4183603525161743,3.4077463150024414,2.9747791290283203
1767991223.3162332,2.69252610206604,22.619558334350586,-16.167236328125,1.418168544769287,3.4077463150024414,2.9747791290283203
1767991223.3333118,2.7055649757385254,22.482074737548828,-16.16033363342285,1.415867567062378,3.407938003540039,2.974971055984497
1767991223.3503063,2.722055196762085,22.326759338378906,-16.157840728759766,1.4145253896713257,3.4075546264648438,2.9747791290283203
1767991223.3672833,2.7433393001556396,22.170867919921875,-16.158416748046875,1.4085811376571655,3.4077463150024414,2.974971055984497
1767991223.384231,2.7627058029174805,22.006540298461914,-16.158607482910156,1.3999525308609009,3.4075546264648438,2.9751627445220947
1767991223.4012887,2.779771327972412,21.849882125854492,-16.15956687927246,1.3940082788467407,3.407362699508667,2.9747791290283203
1767991223.4182878,2.8077666759490967,21.67788314819336,-16.1685791015625,1.3934330940246582,3.4077463150024414,2.9747791290283203
1767991223.4352264,2.8372957706451416,21.511829376220703,-16.184877395629883,1.393241286277771,3.407362699508667,2.9745874404907227
1767991223.4522552,2.866441488265991,21.351144790649414,-16.213640213012695,1.3922826051712036,3.407362699508667,2.9747791290283203
1767991223.469224,2.8909852504730225,21.189693450927734,-16.255632400512695,1.390173316001892,3.4075546264648438,2.9747791290283203
1767991223.486225,2.920130968093872,21.022106170654297,-16.270780563354492,1.3899816274642944,3.4075546264648438,2.9747791290283203
1767991223.5032258,2.948509693145752,20.85125732421875,-16.27634048461914,1.3897898197174072,3.4077463150024414,2.9745874404907227
1767991223.5202239,2.9747791290283203,20.67772674560547,-16.30011749267578,1.3897898197174072,3.4075546264648438,2.9745874404907227
1767991223.5372202,3.0048835277557373,20.52471160888672,-16.32025146484375,1.3897898197174072,3.4077463150024414,2.9745874404907227
1767991223.554228,3.032878875732422,20.36479377746582,-16.339235305786133,1.390173316001892,3.4075546264648438,2.9745874404907227
1767991223.571212,3.062407970428467,20.216764450073242,-16.349971771240234,1.3899816274642944,3.4075546264648438,2.974395751953125
1767991223.5882235,3.083500385284424,20.071802139282227,-16.351314544677734,1.3897898197174072,3.4075546264648438,2.9745874404907227
1767991223.6052487,3.113413095474243,19.922813415527344,-16.35246467590332,1.3897898197174072,3.4075546264648438,2.9745874404907227
1767991223.6222057,3.136997938156128,19.786865234375,-16.350547790527344,1.3886393308639526,3.407362699508667,2.9745874404907227
1767991223.6392038,3.156748056411743,19.655900955200195,-16.347671508789062,1.387872338294983,3.407362699508667,2.9745874404907227
1767991223.6562142,3.1795661449432373,19.529346466064453,-16.346521377563477,1.3828868865966797,3.407362699508667,2.9747791290283203
1767991223.6732028,3.2119715213775635,19.40682029724121,-16.34115219116211,1.373299479484558,3.407362699508667,2.9745874404907227
1767991223.6902003,3.2451438903808594,19.27681541442871,-16.326963424682617,1.3619863986968994,3.407362699508667,2.9747791290283203
1767991223.707201,3.2662363052368164,19.149494171142578,-16.30548667907715,1.3407022953033447,3.407362699508667,2.9747791290283203
1767991223.7241976,3.282151222229004,19.01757049560547,-16.286888122558594,1.3061877489089966,3.407362699508667,2.9745874404907227
1767991223.741202,3.2915470600128174,18.890058517456055,-16.27557373046875,1.2519229650497437,3.407362699508667,2.9747791290283203
1767991223.7581997,3.293081045150757,18.77443504333496,-16.262344360351562,1.20590341091156,3.407362699508667,2.9747791290283203
1767991223.775201,3.3017096519470215,18.663795471191406,-16.24681282043457,1.168320894241333,3.407362699508667,2.9747791290283203
1767991223.7921941,3.3114888668060303,18.5493221282959,-16.236648559570312,1.1240270137786865,3.407362699508667,2.9745874404907227
1767991223.8092012,3.308612585067749,18.445011138916016,-16.22111701965332,1.0705293416976929,3.4075546264648438,2.9745874404907227
1767991223.8261993,3.3057363033294678,18.335140228271484,-16.20232582092285,1.0402331352233887,3.4075546264648438,2.9747791290283203
1767991223.843199,3.2999839782714844,18.231979370117188,-16.170879364013672,1.04310941696167,3.407362699508667,2.9747791290283203
1767991223.8602018,3.2902047634124756,18.13629722595215,-16.142501831054688,1.045410394668579,3.4075546264648438,2.9745874404907227
1767991223.8771951,3.281384229660034,18.037738800048828,-16.098974227905273,1.044835090637207,3.407362699508667,2.9745874404907227
1767991223.8941991,3.2817678451538086,17.952795028686523,-16.07002067565918,1.045218586921692,3.407362699508667,2.9745874404907227
1767991223.911186,3.2819595336914062,17.861522674560547,-16.03857421875,1.044835090637207,3.407362699508667,2.9747791290283203
1767991223.9281967,3.2794668674468994,17.785015106201172,-15.9641752243042,1.045410394668579,3.4075546264648438,2.9742040634155273
1767991223.945194,3.281384229660034,17.695276260375977,-15.903390884399414,1.045218586921692,3.4075546264648438,2.974395751953125
1767991223.9621985,3.2817678451538086,17.620304107666016,-15.847784042358398,1.044835090637207,3.407362699508667,2.9745874404907227
1767991223.9791956,3.2819595336914062,17.533058166503906,-15.727558135986328,1.0450268983840942,3.4075546264648438,2.9745874404907227
1767991223.996175,3.282726526260376,17.460193634033203,-15.670609474182129,1.044835090637207,3.407362699508667,2.974971055984497
1767991224.0131717,3.285794496536255,17.385028839111328,-15.582980155944824,1.045218586921692,3.407362699508667,2.974395751953125
1767991224.0301793,3.288095474243164,17.314847946166992,-15.43380069732666,1.0450268983840942,3.4077463150024414,2.974395751953125
1767991224.0471756,3.289437770843506,17.233356475830078,-15.358059883117676,1.045218586921692,3.407362699508667,2.9745874404907227
1767991224.064147,3.291163444519043,17.15109634399414,-15.261034965515137,1.045218586921692,3.4075546264648438,2.9745874404907227
1767991224.0811715,3.2915470600128174,17.07573890686035,-15.08903694152832,1.0456020832061768,3.4075546264648438,2.9742040634155273
1767991224.0981753,3.303818941116333,16.994821548461914,-15.02537727355957,1.0456020832061768,3.407362699508667,2.9747791290283203
1767991224.1151726,3.3180081844329834,16.918888092041016,-14.908026695251465,1.0467525720596313,3.4075546264648438,2.9745874404907227
1767991224.1321766,3.3293213844299316,16.835477828979492,-14.75673770904541,1.0490535497665405,3.4075546264648438,2.9745874404907227
1767991224.1491628,3.351947546005249,16.765682220458984,-14.68118953704834,1.051546335220337,3.407362699508667,2.9747791290283203
1767991224.1661665,3.3847365379333496,16.674602508544922,-14.564606666564941,1.0534638166427612,3.4075546264648438,2.9745874404907227
1767991224.183175,3.4311394691467285,16.59560203552246,-14.442846298217773,1.0555729866027832,3.4075546264648438,2.9747791290283203
1767991224.2001715,3.457409143447876,16.51449203491211,-14.375734329223633,1.0592162609100342,3.4075546264648438,2.974395751953125
1767991224.217175,3.470064401626587,16.44028663635254,-14.241127014160156,1.065352201461792,3.407362699508667,2.9745874404907227
1767991224.2341745,3.5064964294433594,16.342878341674805,-14.144869804382324,1.0774322748184204,3.4075546264648438,2.974971055984497
1767991224.2511783,3.5517489910125732,16.261192321777344,-14.069896697998047,1.0977575778961182,3.407362699508667,2.9745874404907227
1767991224.2681644,3.592207908630371,16.174331665039062,-13.908636093139648,1.109645962715149,3.4075546264648438,2.974395751953125
1767991224.285169,3.622312307357788,16.078266143798828,-13.83289623260498,1.1094541549682617,3.4075546264648438,2.9745874404907227
1767991224.3021557,3.644171714782715,15.964366912841797,-13.748143196105957,1.1094541549682617,3.4075546264648438,2.9745874404907227
1767991224.3191702,3.6884653568267822,15.885367393493652,-13.601455688476562,1.109645962715149,3.4075546264648438,2.974395751953125
1767991224.3361542,3.7538514137268066,15.782206535339355,-13.535303115844727,1.109645962715149,3.4075546264648438,2.9745874404907227
1767991224.3531497,3.8044729232788086,15.700138092041016,-13.436936378479004,1.1102211475372314,3.4075546264648438,2.9745874404907227
1767991224.3701465,3.8349609375,15.597553253173828,-13.305588722229004,1.1102211475372314,3.4075546264648438,2.9747791290283203
1767991224.3871493,3.8905677795410156,15.4995698928833,-13.25439167022705,1.1121386289596558,3.4075546264648438,2.9747791290283203
1767991224.4041471,3.966691732406616,15.416159629821777,-13.192265510559082,1.1132891178131104,3.407362699508667,2.974395751953125
1767991224.4211404,4.029585361480713,15.351348876953125,-13.05650806427002,1.1175075769424438,3.4077463150024414,2.9742040634155273
1767991224.4381514,4.0857672691345215,15.264294624328613,-13.025253295898438,1.1178910732269287,3.4077463150024414,2.974395751953125
1767991224.4551487,4.134279727935791,15.18606185913086,-12.933597564697266,1.1211508512496948,3.4075546264648438,2.9747791290283203
1767991224.4721465,4.178189754486084,15.108595848083496,-12.839640617370605,1.122493028640747,3.4077463150024414,2.9745874404907227
1767991224.4891467,4.215580940246582,15.043209075927734,-12.737630844116211,1.1330392360687256,3.4077463150024414,2.9745874404907227
1767991224.506156,4.2646684646606445,14.963634490966797,-12.660548210144043,1.1543232202529907,3.4075546264648438,2.9745874404907227
1767991224.5231507,4.323726654052734,14.881949424743652,-12.538980484008789,1.2043694257736206,3.4075546264648438,2.9745874404907227
1767991224.5401409,4.3592000007629395,14.82519245147705,-12.406673431396484,1.2891221046447754,3.4077463150024414,2.9745874404907227
1767991224.5571306,4.390646934509277,14.738713264465332,-12.325947761535645,1.3779014348983765,3.4077463150024414,2.9745874404907227
1767991224.5741396,4.441651821136475,14.671985626220703,-12.182328224182129,1.462845802307129,3.4075546264648438,2.974395751953125
1767991224.5911431,4.489780426025391,14.597779273986816,-12.04542064666748,1.5178775787353516,3.4077463150024414,2.9740121364593506
1767991224.6081285,4.519693374633789,14.519928932189941,-11.97965145111084,1.5706082582473755,3.4077463150024414,2.9742040634155273
1767991224.6251438,4.5524821281433105,14.465280532836914,-11.789820671081543,1.6208462715148926,3.4075546264648438,2.9736287593841553
1767991224.6421309,4.621703147888184,14.38915729522705,-11.694330215454102,1.6465405225753784,3.4075546264648438,2.973245143890381
1767991224.6591194,4.669064998626709,14.323195457458496,-11.591361045837402,1.6478826999664307,3.4075546264648438,2.973820447921753
1767991224.6761358,4.677118301391602,14.263370513916016,-11.41150188446045,1.6482661962509155,3.4081296920776367,2.9736287593841553
1767991224.6931233,4.711633205413818,14.17880916595459,-11.310833930969238,1.6505671739578247,3.407938003540039,2.973820447921753
1767991224.710148,4.7614874839782715,14.124160766601562,-11.16874885559082,1.655552625656128,3.407938003540039,2.9736287593841553
1767991224.7271242,4.80712366104126,14.046503067016602,-11.033758163452148,1.6620720624923706,3.407938003540039,2.9736287593841553
1767991224.7441447,4.833968162536621,13.985335350036621,-10.90988826751709,1.6860405206680298,3.407938003540039,2.9736287593841553
1767991224.7611423,4.874427318572998,13.904993057250977,-10.780075073242188,1.727458119392395,3.407938003540039,2.9736287593841553
1767991224.7781193,4.92140531539917,13.829828262329102,-10.630703926086426,1.7876670360565186,3.4081296920776367,2.9736287593841553
1767991224.7951434,4.95726203918457,13.761565208435059,-10.505683898925781,1.838863730430603,3.407938003540039,2.9736287593841553
1767991224.812123,4.987366676330566,13.665307998657227,-10.384498596191406,1.8871842622756958,3.4077463150024414,2.9736287593841553
1767991224.8291352,5.011527061462402,13.575953483581543,-10.220362663269043,1.9437499046325684,3.4081296920776367,2.9736287593841553
1767991224.8461254,5.041439533233643,13.474518775939941,-10.090932846069336,1.9916869401931763,3.4081296920776367,2.973820447921753
1767991224.863119,5.069626808166504,13.36924934387207,-9.94731330871582,2.0026166439056396,3.4081296920776367,2.973820447921753
1767991224.8801339,5.110468864440918,13.278168678283691,-9.818841934204102,2.0014660358428955,3.4081296920776367,2.9736287593841553
1767991224.8970997,5.14766788482666,13.168105125427246,-9.680399894714355,2.0010826587677,3.4083216190338135,2.973820447921753
1767991224.9141111,5.184483528137207,13.058425903320312,-9.55461311340332,2.0031919479370117,3.4081296920776367,2.9736287593841553
1767991224.9311042,5.220915794372559,12.94817066192627,-9.397188186645508,2.0043423175811768,3.4081296920776367,2.973245143890381
1767991224.9480963,5.25888204574585,12.831779479980469,-9.267950057983398,2.004917621612549,3.4081296920776367,2.973820447921753
1767991224.9651034,5.295889377593994,12.704649925231934,-9.119729042053223,2.009519577026367,3.4083216190338135,2.9736287593841553
1767991224.9820957,5.3227338790893555,12.567167282104492,-8.963645935058594,2.0231337547302246,3.4083216190338135,2.9736287593841553
1767991224.9991066,5.3486199378967285,12.424506187438965,-8.811205863952637,2.0515122413635254,3.4083216190338135,2.973820447921753
1767991225.0161037,5.382943153381348,12.292008399963379,-8.667970657348633,2.103476047515869,3.4083216190338135,2.973820447921753
1767991225.0331035,5.409787654876709,12.159893989562988,-8.496164321899414,2.163301467895508,3.408513307571411,2.9734370708465576
1767991225.0501056,5.44775390625,12.017617225646973,-8.339889526367188,2.2070200443267822,3.4081296920776367,2.9736287593841553
1767991225.0671048,5.4836106300354,11.877832412719727,-8.176328659057617,2.238466739654541,3.408704996109009,2.9736287593841553
1767991225.0840924,5.516016006469727,11.73996639251709,-8.021203994750977,2.257066249847412,3.4083216190338135,2.9736287593841553
1767991225.101104,5.544586658477783,11.605934143066406,-7.848822593688965,2.2720227241516113,3.4088966846466064,2.9734370708465576
1767991225.118105,5.565295219421387,11.47343635559082,-7.695616245269775,2.272789716720581,3.409280300140381,2.9734370708465576
1767991225.1351037,5.593290328979492,11.336336135864258,-7.510195732116699,2.2714474201202393,3.409855604171753,2.9736287593841553
1767991225.1520905,5.619560241699219,11.197319030761719,-7.3305277824401855,2.271639108657837,3.409855604171753,2.9734370708465576
1767991225.1691017,5.653499603271484,11.068655967712402,-7.1397385597229,2.2714474201202393,3.4100472927093506,2.9736287593841553
1767991225.1860905,5.680535793304443,10.9225435256958,-6.937252521514893,2.271639108657837,3.4102389812469482,2.9736287593841553
1767991225.2031019,5.6960673332214355,10.782567977905273,-6.724028587341309,2.2714474201202393,3.4102389812469482,2.9736287593841553
1767991225.220081,5.719844341278076,10.644892692565918,-6.503326892852783,2.2676124572753906,3.410430669784546,2.9736287593841553
1767991225.2370973,5.740936756134033,10.5028076171875,-6.277063846588135,2.267228841781616,3.4108142852783203,2.9736287593841553
1767991225.2540743,5.76068639755249,10.364557266235352,-6.047924995422363,2.2666537761688232,3.411005973815918,2.973820447921753
1767991225.2710805,5.783696174621582,10.221512794494629,-5.819361686706543,2.2664618492126465,3.4108142852783203,2.973820447921753
1767991225.2880766,5.8063225746154785,10.076168060302734,-5.583319664001465,2.266270160675049,3.411005973815918,2.9736287593841553
1767991225.3050647,5.829524040222168,9.931398391723633,-5.344785213470459,2.2666537761688232,3.4108142852783203,2.9734370708465576
1767991225.322067,5.844097137451172,9.797942161560059,-5.113920211791992,2.2678041458129883,3.4108142852783203,2.9734370708465576
1767991225.3390749,5.861546039581299,9.648378372192383,-4.874810695648193,2.2678041458129883,3.4108142852783203,2.9736287593841553
1767991225.356075,5.8786115646362305,9.519906997680664,-4.634550094604492,2.2693381309509277,3.4108142852783203,2.973820447921753
1767991225.3730774,5.890691757202148,9.386259078979492,-4.404261112213135,2.270488739013672,3.4108142852783203,2.9734370708465576
1767991225.3900697,5.903538703918457,9.246665954589844,-4.166685104370117,2.2737483978271484,3.4108142852783203,2.9736287593841553
1767991225.4070787,5.910633563995361,9.107457160949707,-3.9237403869628906,2.2814183235168457,3.4108142852783203,2.9736287593841553
1767991225.4240787,5.925206184387207,8.981670379638672,-3.67964506149292,2.296182870864868,3.410430669784546,2.9734370708465576
1767991225.4410694,5.934218406677246,8.842653274536133,-3.4359333515167236,2.3117144107818604,3.4108142852783203,2.9736287593841553
1767991225.4580688,5.936519622802734,8.713415145874023,-3.180908441543579,2.330505847930908,3.4106225967407227,2.9736287593841553
1767991225.4750764,5.938436985015869,8.576698303222656,-2.9348955154418945,2.3393261432647705,3.410430669784546,2.9736287593841553
1767991225.492065,5.943230628967285,8.437872886657715,-2.691375494003296,2.339517831802368,3.4106225967407227,2.9736287593841553
1767991225.5090747,5.944189548492432,8.314579010009766,-2.444404125213623,2.343736410140991,3.410430669784546,2.9734370708465576
1767991225.5260634,5.945723533630371,8.191668510437012,-2.2043354511260986,2.343928098678589,3.4108142852783203,2.973820447921753
1767991225.5430737,5.946490287780762,8.071250915527344,-1.9667596817016602,2.348721742630005,3.410430669784546,2.973820447921753
1767991225.5600538,5.946490287780762,7.955243110656738,-1.7406888008117676,2.3694305419921875,3.4106225967407227,2.973820447921753
1767991225.5770726,5.946681976318359,7.852657794952393,-1.5207537412643433,2.4129574298858643,3.4106225967407227,2.9736287593841553
1767991225.5940619,5.946681976318359,7.743936538696289,-1.3159668445587158,2.4917659759521484,3.4106225967407227,2.9736287593841553
1767991225.611072,5.946490287780762,7.642118453979492,-1.123451828956604,2.5609869956970215,3.410430669784546,2.9736287593841553
1767991225.6280477,5.946490287780762,7.552188396453857,-0.9251843094825745,2.634042978286743,3.410430669784546,2.9734370708465576
1767991225.6450503,5.946298599243164,7.472613334655762,-0.7294095754623413,2.688307523727417,3.410430669784546,2.973820447921753
1767991225.6620522,5.946490287780762,7.38095760345459,-0.5426469445228577,2.7080576419830322,3.4106225967407227,2.973820447921753
1767991225.6790524,5.946490287780762,7.310394287109375,-0.35856884717941284,2.723205804824829,3.4102389812469482,2.9736287593841553
1767991225.6960497,5.946490287780762,7.223148822784424,-0.18235239386558533,2.738162040710449,3.4102389812469482,2.9736287593841553
1767991225.7130506,5.946106910705566,7.152585506439209,0.0009587402455508709,2.752734899520874,3.410430669784546,2.9736287593841553
1767991225.7300456,5.94514799118042,7.057478427886963,0.17027226090431213,2.767307758331299,3.410430669784546,2.973820447921753
1767991225.7470396,5.942655563354492,6.986340045928955,0.33747655153274536,2.791276216506958,3.410430669784546,2.9736287593841553
1767991225.7640493,5.935560703277588,6.8843302726745605,0.5037221312522888,2.8211889266967773,3.410430669784546,2.973820447921753
1767991225.7810524,5.929808139801025,6.809356689453125,0.6653656959533691,2.8415143489837646,3.410430669784546,2.973820447921753
1767991225.7981277,5.927507400512695,6.706004619598389,0.8440749049186707,2.84860897064209,3.4102389812469482,2.973820447921753
1767991225.815114,5.9255900382995605,6.628729820251465,1.0156893730163574,2.8489925861358643,3.410430669784546,2.973820447921753
1767991225.8320735,5.923288822174072,6.531130313873291,1.1746485233306885,2.8501429557800293,3.4102389812469482,2.973820447921753
1767991225.849094,5.92117977142334,6.44388484954834,1.3343746662139893,2.850909948348999,3.410430669784546,2.973820447921753
1767991225.8661046,5.9196457862854,6.340341091156006,1.4808701276779175,2.855128526687622,3.410430669784546,2.9740121364593506
1767991225.8831065,5.917728424072266,6.253862380981445,1.635610818862915,2.8716187477111816,3.4102389812469482,2.973820447921753
1767991225.9000978,5.917344570159912,6.138046741485596,1.781339406967163,2.895587205886841,3.4102389812469482,2.973820447921753
1767991225.917101,5.9165778160095215,6.039296627044678,1.9310945272445679,2.9452500343322754,3.4102389812469482,2.9740121364593506
1767991225.934085,5.916386127471924,5.936136245727539,2.0708789825439453,3.0215656757354736,3.4102389812469482,2.9740121364593506
1767991225.9510887,5.9165778160095215,5.818211078643799,2.2191002368927,3.104400873184204,3.410430669784546,2.9742040634155273
1767991225.968089,5.916386127471924,5.726747035980225,2.360226631164551,3.210437536239624,3.4102389812469482,2.9740121364593506
1767991225.9850895,5.916386127471924,5.615149974822998,2.5032708644866943,3.317624807357788,3.4102389812469482,2.973820447921753
1767991226.0021045,5.9165778160095215,5.505086421966553,2.6344263553619385,3.4413022994995117,3.4100472927093506,2.973820447921753
1767991226.0190952,5.916386127471924,5.411321640014648,2.737778663635254,3.576676368713379,3.4100472927093506,2.9742040634155273
1767991226.0360858,5.9165778160095215,5.289177894592285,2.8595385551452637,3.7015042304992676,3.4102389812469482,2.9742040634155273
1767991226.0530887,5.9165778160095215,5.185250759124756,2.954453945159912,3.822305679321289,3.4102389812469482,2.9740121364593506
1767991226.0700774,5.916769504547119,5.090527057647705,3.054354667663574,3.927767038345337,3.4102389812469482,2.9742040634155273
1767991226.0870876,5.916386127471924,4.990242958068848,3.1596243381500244,4.019614219665527,3.4100472927093506,2.9742040634155273
1767991226.1040888,5.9165778160095215,4.9024224281311035,3.197782278060913,4.092094898223877,3.4100472927093506,2.9742040634155273
1767991226.1210868,5.9165778160095215,4.818244934082031,3.288862466812134,4.104750633239746,3.409663677215576,2.973820447921753
1767991226.1380882,5.9165778160095215,4.735218048095703,3.311105251312256,4.08806848526001,3.4100472927093506,2.9742040634155273
1767991226.1551056,5.9165778160095215,4.6627373695373535,3.3312387466430664,4.071386337280273,3.4100472927093506,2.974395751953125
1767991226.1720855,5.916386127471924,4.584120750427246,3.353098154067993,4.054895877838135,3.409855604171753,2.9742040634155273
1767991226.1890626,5.914276599884033,4.531965255737305,3.3571248054504395,4.049335479736328,3.4100472927093506,2.9742040634155273
1767991226.2060668,5.912934303283691,4.45392370223999,3.362110137939453,4.045883655548096,3.4100472927093506,2.974395751953125
1767991226.223067,5.912934303283691,4.396015644073486,3.3678627014160156,4.035337448120117,3.409855604171753,2.9742040634155273
1767991226.2400641,5.913126468658447,4.321425914764404,3.3661370277404785,4.032461643218994,3.409855604171753,2.9740121364593506
1767991226.25702,5.912742614746094,4.256614685058594,3.3630690574645996,4.031694412231445,3.4100472927093506,2.9742040634155273
1767991226.2740047,5.913126468658447,4.1887359619140625,3.358658790588379,4.031886100769043,3.4100472927093506,2.9742040634155273
1767991226.291004,5.912550926208496,4.111078262329102,3.3555908203125,4.027859687805176,3.409855604171753,2.9742040634155273
1767991226.3079925,5.906798362731934,4.037830352783203,3.3548238277435303,4.019614219665527,3.409855604171753,2.9740121364593506
1767991226.324989,5.900662422180176,3.9502015113830566,3.3555908203125,4.014820575714111,3.409855604171753,2.9740121364593506
1767991226.341992,5.896444320678711,3.874077558517456,3.3563578128814697,4.012519836425781,3.4100472927093506,2.974395751953125
1767991226.3589993,5.887048721313477,3.7866404056549072,3.3577001094818115,4.0134782791137695,3.4100472927093506,2.9742040634155273
1767991226.3759975,5.875926971435547,3.7074484825134277,3.3571248054504395,4.0134782791137695,3.4100472927093506,2.9742040634155273
1767991226.3929968,5.863463401794434,3.6395697593688965,3.3565495014190674,4.0134782791137695,3.4100472927093506,2.973820447921753
1767991226.40999,5.8465895652771,3.5517489910125732,3.356741189956665,4.013286590576172,3.4100472927093506,2.9742040634155273
1767991226.4269989,5.835084915161133,3.4930741786956787,3.356166124343872,4.0134782791137695,3.4100472927093506,2.973820447921753
1767991226.4440024,5.8189778327941895,3.403719663619995,3.3559741973876953,4.012711524963379,3.4100472927093506,2.9740121364593506
1767991226.4610012,5.804980278015137,3.343702554702759,3.3555908203125,4.011752605438232,3.4100472927093506,2.973820447921753
1767991226.47799,5.770465850830078,3.2792751789093018,3.3557825088500977,4.010793685913086,3.409855604171753,2.9740121364593506
1767991226.4949968,5.755892753601074,3.211012840270996,3.3559741973876953,4.007725715637207,3.4100472927093506,2.9740121364593506
1767991226.5119922,5.731348991394043,3.160966634750366,3.3559741973876953,4.00600004196167,3.4100472927093506,2.9740121364593506
1767991226.528995,5.708723068237305,3.0992236137390137,3.3555908203125,4.005041599273682,3.4100472927093506,2.9742040634155273
1767991226.5459886,5.694149971008301,3.0420827865600586,3.3557825088500977,4.001973628997803,3.409855604171753,2.9740121364593506
1767991226.5629961,5.6696062088012695,3.0060341358184814,3.3555908203125,3.9966044425964355,3.4102389812469482,2.9740121364593506
1767991226.5799794,5.652540683746338,2.9559879302978516,3.3546321392059326,3.9833738803863525,3.4100472927093506,2.9742040634155273
1767991226.5969853,5.635091781616211,2.9053664207458496,3.3517558574676514,3.956145763397217,3.4100472927093506,2.9740121364593506
1767991226.6139681,5.5998101234436035,2.8637571334838867,3.3492631912231445,3.907825231552124,3.4100472927093506,2.973820447921753
1767991226.630996,5.574115753173828,2.829242467880249,3.3463869094848633,3.8378372192382812,3.4100472927093506,2.9740121364593506
1767991226.647978,5.553215026855469,2.781688928604126,3.3408262729644775,3.769383192062378,3.4100472927093506,2.9740121364593506
1767991226.664977,5.534615516662598,2.741230010986328,3.3300883769989014,3.6901912689208984,3.4100472927093506,2.9742040634155273
1767991226.6819775,5.511414051055908,2.7007713317871094,3.3197338581085205,3.6209700107574463,3.4100472927093506,2.9742040634155273
1767991226.6989858,5.485719680786133,2.6700916290283203,3.309762954711914,3.5599942207336426,3.409855604171753,2.9742040634155273
1767991226.7159772,5.469229698181152,2.6302080154418945,3.294231414794922,3.5022780895233154,3.409855604171753,2.9742040634155273
1767991226.7329671,5.4467949867248535,2.59320068359375,3.27793288230896,3.466421127319336,3.4102389812469482,2.973820447921753
1767991226.7499864,5.41266393661499,2.5584940910339355,3.2614424228668213,3.462202787399292,3.4100472927093506,2.9742040634155273
1767991226.7669928,5.39483118057251,2.5230207443237305,3.24284291267395,3.4641201496124268,3.4100472927093506,2.9742040634155273
1767991226.7839932,5.375656604766846,2.4909989833831787,3.2257773876190186,3.463545083999634,3.4100472927093506,2.9742040634155273
1767991226.8009748,5.363959789276123,2.4532244205474854,3.203726291656494,3.4637367725372314,3.4100472927093506,2.9742040634155273
1767991226.8179493,5.345168590545654,2.412382125854492,3.182634115219116,3.4643120765686035,3.409855604171753,2.9742040634155273
1767991226.8349748,5.325801849365234,2.3749914169311523,3.153871774673462,3.4641201496124268,3.4102389812469482,2.9742040634155273
1767991226.8519583,5.31640625,2.3379838466644287,3.1247260570526123,3.4641201496124268,3.4100472927093506,2.9742040634155273
1767991226.8689554,5.301833629608154,2.3038527965545654,3.117248058319092,3.4641201496124268,3.409855604171753,2.9740121364593506
1767991226.885923,5.297039985656738,2.264927864074707,3.0969226360321045,3.4641201496124268,3.4100472927093506,2.9742040634155273
1767991226.902957,5.286302089691162,2.2166073322296143,3.0873353481292725,3.463928461074829,3.4100472927093506,2.9740121364593506
1767991226.919956,5.2692365646362305,2.1738476753234863,3.077939748764038,3.4637367725372314,3.4102389812469482,2.9740121364593506
1767991226.9370148,5.253129482269287,2.1356897354125977,3.076213836669922,3.463545083999634,3.4100472927093506,2.9740121364593506
1767991226.9540205,5.247952461242676,2.0844929218292236,3.076789140701294,3.4629697799682617,3.4100472927093506,2.974395751953125
1767991226.971016,5.233954906463623,2.03022837638855,3.077364444732666,3.4631614685058594,3.4100472927093506,2.974395751953125
1767991226.9880135,5.213629245758057,1.9836335182189941,3.0783231258392334,3.4631614685058594,3.4100472927093506,2.9745874404907227
1767991227.0050154,5.2017412185668945,1.937038779258728,3.088102340698242,3.4539575576782227,3.409855604171753,2.975738048553467
1767991227.021923,5.200973987579346,1.892745018005371,3.1070854663848877,3.42730450630188,3.409855604171753,2.9763131141662598
1767991227.0390205,5.196563720703125,1.8597643375396729,3.108811140060425,3.37725830078125,3.4100472927093506,2.976121425628662
1767991227.056022,5.1739373207092285,1.8298516273498535,3.112262487411499,3.3247194290161133,3.409855604171753,2.977463722229004
1767991227.0730183,5.16109037399292,1.807800531387329,3.120124101638794,3.3028600215911865,3.4100472927093506,2.977463722229004
1767991227.0900128,5.160706996917725,1.784407377243042,3.1233839988708496,3.303243637084961,3.4102389812469482,2.9795730113983154
1767991227.107008,5.160706996917725,1.7677252292633057,3.135272264480591,3.3009426593780518,3.4100472927093506,2.980340003967285
1767991227.1240108,5.161282062530518,1.7514266967773438,3.1439008712768555,3.2938480377197266,3.4102389812469482,2.98225736618042
1767991227.1409929,5.162816047668457,1.7353198528289795,3.1504204273223877,3.272372245788574,3.410430669784546,2.983407974243164
1767991227.157978,5.163007736206055,1.7113512754440308,3.1630756855010986,3.2169570922851562,3.410430669784546,2.983983039855957
1767991227.1749969,5.163199424743652,1.6891084909439087,3.183401107788086,3.136422872543335,3.4102389812469482,2.983983039855957
1767991227.1920056,5.1637749671936035,1.6735769510269165,3.197782278060913,3.0988402366638184,3.4106225967407227,2.9835996627807617
1767991227.2089267,5.166075706481934,1.6528681516647339,3.260483741760254,3.10094952583313,3.410430669784546,2.983407974243164
1767991227.2258925,5.17297887802124,1.6321593523025513,3.3053529262542725,3.104976177215576,3.4102389812469482,2.9832160472869873
1767991227.2429922,5.17527961730957,1.6083825826644897,3.336991310119629,3.113413095474243,3.410430669784546,2.983407974243164
1767991227.2600052,5.17527961730957,1.576935887336731,3.4094719886779785,3.1383402347564697,3.4102389812469482,2.9832160472869873
1767991227.2769833,5.17527961730957,1.543763518333435,3.4418773651123047,3.158665657043457,3.4102389812469482,2.9832160472869873
1767991227.2939343,5.172403335571289,1.5148096084594727,3.463545083999634,3.1883864402770996,3.410430669784546,2.983407974243164
1767991227.3109283,5.164541721343994,1.499277949333191,3.4673800468444824,3.2131221294403076,3.4102389812469482,2.9835996627807617
1767991227.3279867,5.156680107116699,1.493525505065918,3.4691057205200195,3.220216751098633,3.4100472927093506,2.9835996627807617
1767991227.3449898,5.155721664428711,1.4917998313903809,3.4721736907958984,3.2215590476989746,3.4102389812469482,2.983407974243164
1767991227.361975,5.155721664428711,1.4917998313903809,3.471982002258301,3.222517728805542,3.4102389812469482,2.9835996627807617
1767991227.3789914,5.155913352966309,1.4919915199279785,3.471982002258301,3.2221341133117676,3.4102389812469482,2.9835996627807617
1767991227.3959877,5.155721664428711,1.4917998313903809,3.4721736907958984,3.222517728805542,3.4102389812469482,2.9835996627807617
1767991227.4129915,5.155721664428711,1.4917998313903809,3.4721736907958984,3.223668098449707,3.4102389812469482,2.9835996627807617
1767991227.4299445,5.155721664428711,1.4919915199279785,3.471982002258301,3.2234764099121094,3.410430669784546,2.9835996627807617
1767991227.4469857,5.155913352966309,1.4917998313903809,3.4721736907958984,3.223668098449707,3.4102389812469482,2.9835996627807617
1767991227.4639761,5.155721664428711,1.4917998313903809,3.472365379333496,3.2263526916503906,3.4102389812469482,2.9837913513183594
1767991227.4809709,5.155913352966309,1.4919915199279785,3.4721736907958984,3.227311372756958,3.4102389812469482,2.9837913513183594
1767991227.4978707,5.155529499053955,1.4919915199279785,3.472365379333496,3.2275030612945557,3.4100472927093506,2.9837913513183594
1767991227.5149755,5.155721664428711,1.4919915199279785,3.472365379333496,3.2276949882507324,3.4102389812469482,2.983407974243164
1767991227.5319707,5.155721664428711,1.4917998313903809,3.4721736907958984,3.2275030612945557,3.410430669784546,2.9835996627807617
