timestamp,motor1,motor2,motor3,motor4,motor5,motor6
0.005980253219604492,3.804281234741211,3.4951834678649902,1.359877109527588,8.233660697937012,27.506065368652344,27.741531372070312
0.017892837524414062,3.8040895462036133,3.453765869140625,1.410690426826477,8.276420593261719,27.50644874572754,27.741147994995117
0.029832124710083008,3.803705930709839,3.413306951522827,1.427947759628296,8.306525230407715,27.50644874572754,27.741147994995117
0.041890621185302734,3.8004462718963623,3.3782169818878174,1.4430958032608032,8.332220077514648,27.506065368652344,27.741147994995117
0.053884267807006836,3.7992959022521973,3.347729206085205,1.4762681722640991,8.358105659484863,27.506258010864258,27.74134063720703
0.06591248512268066,3.799487590789795,3.315707206726074,1.541079044342041,8.391661643981934,27.506258010864258,27.74134063720703
0.07789444923400879,3.7996792793273926,3.2848358154296875,1.601863145828247,8.43154525756836,27.506258010864258,27.74134063720703
0.08988451957702637,3.800062894821167,3.2547314167022705,1.6405962705612183,8.467402458190918,27.506065368652344,27.741531372070312
0.10182690620422363,3.8002545833587646,3.225010395050049,1.6647565364837646,8.500765800476074,27.506258010864258,27.74134063720703
0.11390066146850586,3.8002545833587646,3.1979739665985107,1.6871910095214844,8.538349151611328,27.506258010864258,27.741531372070312
0.12591099739074707,3.8019802570343018,3.1705539226531982,1.7069411277770996,8.578999519348145,27.506258010864258,27.741147994995117
0.1378939151763916,3.8075408935546875,3.1421751976013184,1.7153780460357666,8.608912467956543,27.50644874572754,27.74134063720703
0.14989662170410156,3.8106088638305664,3.114563465118408,1.7171037197113037,8.622142791748047,27.506258010864258,27.74134063720703
0.1618201732635498,3.8129098415374756,3.0856096744537354,1.7215139865875244,8.620416641235352,27.506258010864258,27.74134063720703
0.17384004592895508,3.8152108192443848,3.06585955619812,1.7293756008148193,8.619074821472168,27.50644874572754,27.74134063720703
0.1858196258544922,3.816744804382324,3.0482187271118164,1.7326353788375854,8.61754035949707,27.50644874572754,27.741147994995117
0.19782137870788574,3.8221137523651123,3.044767141342163,1.7255406379699707,8.618308067321777,27.506258010864258,27.74134063720703
0.20981860160827637,3.8244147300720215,3.049752712249756,1.7176790237426758,8.620992660522461,27.506258010864258,27.741147994995117
0.22182464599609375,3.8353443145751953,3.0486021041870117,1.7117347717285156,8.615623474121094,27.506258010864258,27.74134063720703
0.23383712768554688,3.8368782997131348,3.0459177494049072,1.7082833051681519,8.613897323608398,27.506258010864258,27.74134063720703
0.2458188533782959,3.833810567855835,3.0445754528045654,1.7073246240615845,8.616390228271484,27.506258010864258,27.74134063720703
0.25781869888305664,3.833618640899658,3.043616771697998,1.7069411277770996,8.617924690246582,27.506258010864258,27.74134063720703
0.2698173522949219,3.8347692489624023,3.043616771697998,1.7042566537857056,8.616965293884277,27.50644874572754,27.74134063720703
0.28182053565979004,3.836303234100342,3.0438084602355957,1.6988877058029175,8.614664077758789,27.506258010864258,27.74134063720703
0.2938196659088135,3.836111307144165,3.043041467666626,1.6956279277801514,8.615431785583496,27.506258010864258,27.741147994995117
0.3058183193206787,3.8345775604248047,3.0422744750976562,1.694669246673584,8.615240097045898,27.506258010864258,27.74134063720703
0.31783604621887207,3.8340022563934326,3.041315793991089,1.688916802406311,8.615815162658691,27.506258010864258,27.74134063720703
0.3298330307006836,3.8341939449310303,3.0415074825286865,1.6812468767166138,8.6150484085083,27.506258010864258,27.741147994995117
0.34178924560546875,3.8340022563934326,3.041699171066284,1.6806715726852417,8.615623474121094,27.506065368652344,27.741147994995117
0.35379862785339355,3.8340022563934326,3.041315793991089,1.680479884147644,8.615815162658691,27.506258010864258,27.74134063720703
0.3657951354980469,3.8340022563934326,3.041315793991089,1.680479884147644,8.616006851196289,27.50644874572754,27.74134063720703
0.3777961730957031,3.8340022563934326,3.040548801422119,1.6802880764007568,8.616198539733887,27.506258010864258,27.74134063720703
0.38979458808898926,3.8340022563934326,3.040740489959717,1.680479884147644,8.616006851196289,27.506258010864258,27.74134063720703
0.4017930030822754,3.8340022563934326,3.040740489959717,1.680479884147644,8.615815162658691,27.506258010864258,27.741531372070312
0.41379356384277344,3.833618640899658,3.041124105453491,1.6810550689697266,8.616006851196289,27.50644874572754,27.741147994995117
0.4257924556732178,3.8322765827178955,3.041124105453491,1.6818220615386963,8.615815162658691,27.50644874572754,27.741147994995117
0.43779659271240234,3.830742597579956,3.041315793991089,1.6823973655700684,8.615815162658691,27.506258010864258,27.74134063720703
0.4497950077056885,3.8299756050109863,3.041315793991089,1.6829725503921509,8.616006851196289,27.50644874572754,27.74134063720703
0.4617953300476074,3.8299756050109863,3.041315793991089,1.6833560466766357,8.615623474121094,27.50644874572754,27.74134063720703
0.47379565238952637,3.8299756050109863,3.0415074825286865,1.6837395429611206,8.615240097045898,27.50644874572754,27.741147994995117
0.4857950210571289,3.8299756050109863,3.041699171066284,1.6841230392456055,8.615240097045898,27.506258010864258,27.741147994995117
0.49779295921325684,3.829591989517212,3.0415074825286865,1.6839313507080078,8.615240097045898,27.506258010864258,27.74134063720703
0.5097887516021729,3.8286333084106445,3.041699171066284,1.6841230392456055,8.6150484085083,27.506258010864258,27.741147994995117
0.5217933654785156,3.828441619873047,3.0415074825286865,1.6839313507080078,8.614664077758789,27.506258010864258,27.74134063720703
0.5337843894958496,3.828824996948242,3.0415074825286865,1.6839313507080078,8.614280700683594,27.50644874572754,27.741147994995117
0.5457973480224609,3.8286333084106445,3.041699171066284,1.6837395429611206,8.613897323608398,27.506258010864258,27.741147994995117
0.5577840805053711,3.8286333084106445,3.0415074825286865,1.683164358139038,8.613130569458008,27.50644874572754,27.741147994995117
0.5697898864746094,3.82901668548584,3.041315793991089,1.6827808618545532,8.611404418945312,27.506258010864258,27.741147994995117
0.5817921161651611,3.828824996948242,3.041315793991089,1.6822055578231812,8.608912467956543,27.506258010864258,27.74134063720703
0.5937891006469727,3.8294003009796143,3.041124105453491,1.6816303730010986,8.60622787475586,27.50644874572754,27.74134063720703
0.6057901382446289,3.8299756050109863,3.0409321784973145,1.680863380432129,8.603926658630371,27.506258010864258,27.741147994995117
0.6177904605865479,3.830167293548584,3.0409321784973145,1.6797128915786743,8.602584838867188,27.506258010864258,27.741147994995117
0.6297900676727295,3.830167293548584,3.040740489959717,1.6779870986938477,8.602392196655273,27.506258010864258,27.74134063720703
0.6417868137359619,3.8299756050109863,3.040548801422119,1.675686240196228,8.602968215942383,27.50644874572754,27.740957260131836
0.6537678241729736,3.8299756050109863,3.0403571128845215,1.6718512773513794,8.602584838867188,27.506258010864258,27.74134063720703
0.665785551071167,3.830167293548584,3.039973497390747,1.6643730401992798,8.602392196655273,27.506258010864258,27.74134063720703
0.6777808666229248,3.830167293548584,3.039973497390747,1.6515259742736816,8.602200508117676,27.50644874572754,27.741147994995117
0.6897859573364258,3.830167293548584,3.039973497390747,1.6342686414718628,8.602392196655273,27.50644874572754,27.74134063720703
0.7017655372619629,3.8299756050109863,3.0397818088531494,1.6141350269317627,8.602200508117676,27.506258010864258,27.74134063720703
0.7137653827667236,3.8299756050109863,3.0395901203155518,1.5972611904144287,8.602200508117676,27.50644874572754,27.74134063720703
0.725750207901001,3.830167293548584,3.039398193359375,1.5792368650436401,8.602008819580078,27.50644874572754,27.741147994995117
0.7377526760101318,3.8299756050109863,3.038823127746582,1.5587198734283447,8.602200508117676,27.506065368652344,27.741147994995117
0.7497515678405762,3.830167293548584,3.0378642082214355,1.5443388223648071,8.60181713104248,27.50644874572754,27.741147994995117
0.7617597579956055,3.8299756050109863,3.0361385345458984,1.538394570350647,8.60105037689209,27.506258010864258,27.74134063720703
0.7737574577331543,3.8294003009796143,3.0347962379455566,1.530532956123352,8.600091934204102,27.506258010864258,27.74134063720703
0.7857496738433838,3.8267157077789307,3.033262252807617,1.519411563873291,8.599516868591309,27.506258010864258,27.74134063720703
0.7977502346038818,3.819429397583008,3.0317282676696777,1.5021542310714722,8.599516868591309,27.506258010864258,27.741147994995117
0.8097522258758545,3.805431842803955,3.030961275100708,1.4783774614334106,8.599516868591309,27.50644874572754,27.741147994995117
0.8217487335205078,3.794693946838379,3.0296192169189453,1.443479299545288,8.599900245666504,27.506258010864258,27.741147994995117
0.833747386932373,3.7839560508728027,3.0288522243499756,1.3940082788467407,8.600091934204102,27.50644874572754,27.741147994995117
0.845754861831665,3.778395175933838,3.028468608856201,1.3384013175964355,8.599900245666504,27.506258010864258,27.74134063720703
0.8577492237091064,3.7745602130889893,3.027509927749634,1.319993495941162,8.599708557128906,27.50644874572754,27.741147994995117
0.8697474002838135,3.766315221786499,3.027318239212036,1.3328406810760498,8.598749160766602,27.506258010864258,27.741147994995117
0.8817462921142578,3.754810333251953,3.0259759426116943,1.3291974067687988,8.596832275390625,27.506258010864258,27.74134063720703
0.8937497138977051,3.745222806930542,3.023099660873413,1.3153916597366333,8.597790718078613,27.506258010864258,27.741147994995117
0.9057486057281494,3.72892427444458,3.021373987197876,1.2898890972137451,8.59721565246582,27.506258010864258,27.74134063720703
0.9177463054656982,3.7118587493896484,3.0204153060913086,1.2524982690811157,8.5989408493042,27.506258010864258,27.741147994995117
0.9297473430633545,3.6907663345336914,3.0198400020599365,1.215299129486084,8.611980438232422,27.506258010864258,27.741147994995117
0.9417445659637451,3.662771224975586,3.0198400020599365,1.1871122121810913,8.620224952697754,27.50644874572754,27.74134063720703
0.9537444114685059,3.6336255073547363,3.0186893939971924,1.1828937530517578,8.619458198547363,27.506258010864258,27.741147994995117
0.9657437801361084,3.607356071472168,3.018881320953369,1.1907553672790527,8.613513946533203,27.506258010864258,27.741147994995117
0.9777283668518066,3.5877976417541504,3.0186893939971924,1.1890296936035156,8.60699462890625,27.506258010864258,27.74134063720703
0.989727258682251,3.5764846801757812,3.0181143283843994,1.188262701034546,8.609295845031738,27.506258010864258,27.741147994995117
1.0017216205596924,3.5728414058685303,3.0181143283843994,1.1880708932876587,8.614472389221191,27.506258010864258,27.74134063720703
1.0137293338775635,3.572266101837158,3.0179224014282227,1.1880708932876587,8.618308067321777,27.506258010864258,27.74134063720703
1.0257236957550049,3.572266101837158,3.0179224014282227,1.1880708932876587,8.61888313293457,27.506258010864258,27.741531372070312
1.0377299785614014,3.572457790374756,3.0179224014282227,1.1880708932876587,8.617924690246582,27.506258010864258,27.741147994995117
1.04972243309021,3.572457790374756,3.0181143283843994,1.188262701034546,8.616390228271484,27.50644874572754,27.741147994995117
1.0617241859436035,3.5728414058685303,3.0181143283843994,1.188262701034546,8.614472389221191,27.506258010864258,27.74134063720703
1.0737230777740479,3.5743753910064697,3.018306016921997,1.188262701034546,8.612555503845215,27.506258010864258,27.74134063720703
1.0857276916503906,3.575334072113037,3.0184977054595947,1.1880708932876587,8.61217212677002,27.506258010864258,27.741147994995117
1.0977251529693604,3.5755257606506348,3.018306016921997,1.188262701034546,8.61217212677002,27.506258010864258,27.74134063720703
1.1097230911254883,3.5757176876068115,3.018306016921997,1.1880708932876587,8.61217212677002,27.50644874572754,27.741147994995117
1.121718406677246,3.5755257606506348,3.018306016921997,1.1880708932876587,8.61217212677002,27.506258010864258,27.741147994995117
1.1337201595306396,3.575334072113037,3.018306016921997,1.188262701034546,8.612555503845215,27.506258010864258,27.741147994995117
1.1457171440124512,3.575334072113037,3.0181143283843994,1.1880708932876587,8.612747192382812,27.506258010864258,27.741147994995117
1.1577231884002686,3.574950695037842,3.0181143283843994,1.188262701034546,8.612747192382812,27.506258010864258,27.74134063720703
1.1697173118591309,3.574950695037842,3.0181143283843994,1.1880708932876587,8.612747192382812,27.506258010864258,27.741147994995117
1.1817176342010498,3.5751423835754395,3.0181143283843994,1.188262701034546,8.612555503845215,27.506258010864258,27.740957260131836
1.1937227249145508,3.5751423835754395,3.0181143283843994,1.188262701034546,8.612747192382812,27.506258010864258,27.741147994995117
1.2057201862335205,3.5751423835754395,3.0181143283843994,1.188262701034546,8.612363815307617,27.506258010864258,27.74134063720703
1.2177200317382812,3.575334072113037,3.0184977054595947,1.1880708932876587,8.612363815307617,27.506065368652344,27.74134063720703
1.2297165393829346,3.5755257606506348,3.0184977054595947,1.1880708932876587,8.611980438232422,27.506258010864258,27.74134063720703
1.241715669631958,3.5755257606506348,3.0184977054595947,1.1880708932876587,8.61159610748291,27.506258010864258,27.741147994995117
1.2537224292755127,3.5755257606506348,3.0184977054595947,1.1880708932876587,8.611404418945312,27.50644874572754,27.741147994995117
1.2657008171081543,3.5755257606506348,3.0184977054595947,1.188262701034546,8.611212730407715,27.506258010864258,27.74134063720703
1.2776944637298584,3.575334072113037,3.018306016921997,1.188262701034546,8.611212730407715,27.506258010864258,27.74134063720703
1.2896919250488281,3.5757176876068115,3.0184977054595947,1.188262701034546,8.611021041870117,27.50644874572754,27.74134063720703
1.30169677734375,3.5755257606506348,3.0184977054595947,1.1880708932876587,8.611404418945312,27.506258010864258,27.740957260131836
1.313692331314087,3.5755257606506348,3.0184977054595947,1.188262701034546,8.611021041870117,27.506258010864258,27.74134063720703
1.3256933689117432,3.5757176876068115,3.018306016921997,1.188262701034546,8.611212730407715,27.506258010864258,27.74134063720703
1.3376905918121338,3.5755257606506348,3.0181143283843994,1.188262701034546,8.611404418945312,27.506258010864258,27.74134063720703
1.349691390991211,3.5757176876068115,3.0181143283843994,1.187879204750061,8.61159610748291,27.506258010864258,27.74134063720703
1.3616902828216553,3.5755257606506348,3.0179224014282227,1.1880708932876587,8.61159610748291,27.506258010864258,27.74134063720703
1.3736951351165771,3.574950695037842,3.0181143283843994,1.1880708932876587,8.61217212677002,27.506258010864258,27.74134063720703
1.3856914043426514,3.574950695037842,3.0179224014282227,1.1880708932876587,8.611980438232422,27.506258010864258,27.74134063720703
1.3976891040802002,3.574950695037842,3.0181143283843994,1.188262701034546,8.612363815307617,27.506258010864258,27.74134063720703
1.4096930027008057,3.574950695037842,3.0179224014282227,1.1880708932876587,8.61217212677002,27.50644874572754,27.741147994995117
1.421689510345459,3.574758768081665,3.017730712890625,1.188262701034546,8.61217212677002,27.506258010864258,27.74134063720703
1.4336905479431152,3.5745670795440674,3.0179224014282227,1.1880708932876587,8.611980438232422,27.506065368652344,27.741147994995117
1.4456884860992432,3.5745670795440674,3.0181143283843994,1.1880708932876587,8.61159610748291,27.506258010864258,27.74134063720703
1.457688808441162,3.5751423835754395,3.0184977054595947,1.188262701034546,8.611404418945312,27.506258010864258,27.741147994995117
1.469691276550293,3.5755257606506348,3.018306016921997,1.1880708932876587,8.61159610748291,27.506258010864258,27.74134063720703
1.481691837310791,3.575334072113037,3.0184977054595947,1.188262701034546,8.611788749694824,27.506258010864258,27.74134063720703
1.493689775466919,3.5755257606506348,3.0181143283843994,1.188262701034546,8.61159610748291,27.506258010864258,27.74134063720703
1.5056934356689453,3.5755257606506348,3.0181143283843994,1.188262701034546,8.611788749694824,27.506258010864258,27.74134063720703
1.5176875591278076,3.5757176876068115,3.0181143283843994,1.1880708932876587,8.611788749694824,27.506258010864258,27.741147994995117
1.5296921730041504,3.575334072113037,3.0179224014282227,1.1880708932876587,8.611788749694824,27.506258010864258,27.741147994995117
1.541687250137329,3.5745670795440674,3.0179224014282227,1.1880708932876587,8.61217212677002,27.506258010864258,27.741147994995117
1.5536901950836182,3.574758768081665,3.0179224014282227,1.188262701034546,8.612363815307617,27.50644874572754,27.74134063720703
1.5656893253326416,3.5745670795440674,3.0179224014282227,1.1880708932876587,8.61217212677002,27.506258010864258,27.741147994995117
1.577683687210083,3.5745670795440674,3.0179224014282227,1.188262701034546,8.611980438232422,27.50644874572754,27.740957260131836
1.5896854400634766,3.574758768081665,3.0179224014282227,1.1880708932876587,8.611404418945312,27.506258010864258,27.741147994995117
1.6016638278961182,3.574758768081665,3.018306016921997,1.1880708932876587,8.611404418945312,27.50644874572754,27.74134063720703
1.613666296005249,3.5755257606506348,3.0181143283843994,1.1880708932876587,8.61159610748291,27.50644874572754,27.741147994995117
1.6256685256958008,3.5757176876068115,3.018306016921997,1.1880708932876587,8.611788749694824,27.50644874572754,27.74134063720703
1.6376609802246094,3.5757176876068115,3.018306016921997,1.1880708932876587,8.611788749694824,27.506258010864258,27.74134063720703
1.6496665477752686,3.575334072113037,3.0181143283843994,1.188262701034546,8.611980438232422,27.506258010864258,27.741147994995117
1.6616618633270264,3.575334072113037,3.0179224014282227,1.188262701034546,8.611980438232422,27.506258010864258,27.741147994995117
1.6736669540405273,3.5751423835754395,3.0181143283843994,1.1880708932876587,8.611788749694824,27.50644874572754,27.74134063720703
1.6856639385223389,3.574758768081665,3.0181143283843994,1.188262701034546,8.61217212677002,27.50644874572754,27.741147994995117
1.6976699829101562,3.5745670795440674,3.0181143283843994,1.188262701034546,8.611980438232422,27.506258010864258,27.74134063720703
1.7096612453460693,3.5745670795440674,3.0179224014282227,1.1880708932876587,8.61217212677002,27.50644874572754,27.741147994995117
1.721658706665039,3.5745670795440674,3.0181143283843994,1.1880708932876587,8.611788749694824,27.506258010864258,27.741147994995117
1.7336647510528564,3.574758768081665,3.018306016921997,1.188262701034546,8.611788749694824,27.506258010864258,27.741147994995117
1.7456636428833008,3.574758768081665,3.0181143283843994,1.188262701034546,8.61159610748291,27.506258010864258,27.74134063720703
1.7576603889465332,3.574950695037842,3.0181143283843994,1.1880708932876587,8.611404418945312,27.506258010864258,27.740957260131836
1.7696619033813477,3.574950695037842,3.018306016921997,1.188262701034546,8.611788749694824,27.506065368652344,27.741147994995117
1.7816591262817383,3.574950695037842,3.018306016921997,1.187879204750061,8.611788749694824,27.50644874572754,27.741147994995117
1.7936980724334717,3.5751423835754395,3.018306016921997,1.1880708932876587,8.61217212677002,27.506258010864258,27.74134063720703
1.8056588172912598,3.574950695037842,3.0179224014282227,1.188262701034546,8.612363815307617,27.506258010864258,27.741147994995117
1.8176634311676025,3.574950695037842,3.018306016921997,1.1880708932876587,8.61217212677002,27.506065368652344,27.741147994995117
1.8296582698822021,3.574950695037842,3.018306016921997,1.187879204750061,8.611980438232422,27.506258010864258,27.741147994995117
1.8416626453399658,3.574758768081665,3.0181143283843994,1.1880708932876587,8.611788749694824,27.506258010864258,27.741147994995117
1.8536558151245117,3.574950695037842,3.0184977054595947,1.1880708932876587,8.611788749694824,27.506258010864258,27.741147994995117
1.8656361103057861,3.574950695037842,3.0181143283843994,1.1880708932876587,8.611788749694824,27.506258010864258,27.741147994995117
1.877638578414917,3.574950695037842,3.0181143283843994,1.1880708932876587,8.611980438232422,27.506258010864258,27.74134063720703
1.8896410465240479,3.574950695037842,3.018306016921997,1.1880708932876587,8.611788749694824,27.50644874572754,27.741147994995117
1.9016351699829102,3.574950695037842,3.0181143283843994,1.1880708932876587,8.611980438232422,27.50644874572754,27.74134063720703
1.9136369228363037,3.574758768081665,3.0181143283843994,1.1880708932876587,8.611788749694824,27.506258010864258,27.741147994995117
1.9256324768066406,3.574950695037842,3.0181143283843994,1.1880708932876587,8.611788749694824,27.506258010864258,27.740957260131836
1.9376368522644043,3.5751423835754395,3.018306016921997,1.188262701034546,8.611980438232422,27.506258010864258,27.741147994995117
1.9496541023254395,3.574758768081665,3.0181143283843994,1.1880708932876587,8.61217212677002,27.506258010864258,27.74134063720703
1.9616334438323975,3.574950695037842,3.0179224014282227,1.188262701034546,8.611980438232422,27.50644874572754,27.74134063720703
1.9736368656158447,3.574950695037842,3.0181143283843994,1.188262701034546,8.611980438232422,27.506258010864258,27.74134063720703
1.9856321811676025,3.574758768081665,3.0181143283843994,1.1880708932876587,8.611788749694824,27.506258010864258,27.74134063720703
1.997654914855957,3.574758768081665,3.018306016921997,1.188262701034546,8.611788749694824,27.506258010864258,27.74134063720703
2.0096516609191895,3.574758768081665,3.018306016921997,1.1880708932876587,8.611980438232422,27.506258010864258,27.741147994995117
2.0217158794403076,3.574950695037842,3.0184977054595947,1.1880708932876587,8.611980438232422,27.506258010864258,27.741147994995117
2.033632278442383,3.574758768081665,3.0181143283843994,1.1880708932876587,8.611980438232422,27.506258010864258,27.741147994995117
2.0457146167755127,3.5751423835754395,3.0181143283843994,1.1880708932876587,8.611980438232422,27.506258010864258,27.741147994995117
2.057809829711914,3.574950695037842,3.0179224014282227,1.1880708932876587,8.611980438232422,27.506065368652344,27.74134063720703
2.0697741508483887,3.574950695037842,3.018306016921997,1.187879204750061,8.611788749694824,27.506258010864258,27.74134063720703
2.081670045852661,3.574758768081665,3.0181143283843994,1.188262701034546,8.611788749694824,27.505874633789062,27.741147994995117
2.093632221221924,3.574758768081665,3.0181143283843994,1.1880708932876587,8.611788749694824,27.506258010864258,27.741147994995117
2.1056935787200928,3.574950695037842,3.0181143283843994,1.1880708932876587,8.611980438232422,27.506258010864258,27.741147994995117
2.117666721343994,3.574950695037842,3.0181143283843994,1.1880708932876587,8.611980438232422,27.50644874572754,27.74134063720703
2.1296651363372803,3.5751423835754395,3.018306016921997,1.188262701034546,8.611788749694824,27.506258010864258,27.74134063720703
2.1416635513305664,3.574950695037842,3.018306016921997,1.1880708932876587,8.611788749694824,27.506258010864258,27.741147994995117
2.153665781021118,3.574950695037842,3.0181143283843994,1.1880708932876587,8.611788749694824,27.506065368652344,27.74134063720703
2.165635347366333,3.574950695037842,3.0179224014282227,1.188262701034546,8.611980438232422,27.50644874572754,27.741147994995117
2.1776773929595947,3.574950695037842,3.0181143283843994,1.1880708932876587,8.611980438232422,27.506258010864258,27.741147994995117
2.189610004425049,3.574950695037842,3.0181143283843994,1.188262701034546,8.611788749694824,27.506258010864258,27.74134063720703
2.2016866207122803,3.574950695037842,3.018306016921997,1.188262701034546,8.611788749694824,27.506258010864258,27.741147994995117
2.213665723800659,3.574950695037842,3.0181143283843994,1.187879204750061,8.611788749694824,27.506258010864258,27.74134063720703
2.2256720066070557,3.5751423835754395,3.0181143283843994,1.188262701034546,8.611788749694824,27.50644874572754,27.74134063720703
2.2376697063446045,3.5751423835754395,3.0181143283843994,1.1880708932876587,8.611980438232422,27.50644874572754,27.74134063720703
2.249661445617676,3.574950695037842,3.0181143283843994,1.1880708932876587,8.611788749694824,27.506258010864258,27.740957260131836
2.261606216430664,3.5751423835754395,3.0179224014282227,1.1880708932876587,8.611788749694824,27.50644874572754,27.741147994995117
2.2736048698425293,3.574950695037842,3.0181143283843994,1.188262701034546,8.611788749694824,27.506258010864258,27.741147994995117
2.28560733795166,3.574950695037842,3.018306016921997,1.1880708932876587,8.611788749694824,27.506258010864258,27.741147994995117
2.2976016998291016,3.574950695037842,3.0181143283843994,1.1880708932876587,8.611980438232422,27.506065368652344,27.741147994995117
2.3096022605895996,3.5751423835754395,3.0181143283843994,1.1880708932876587,8.611980438232422,27.506258010864258,27.740957260131836
2.321599245071411,3.5751423835754395,3.0179224014282227,1.1880708932876587,8.611788749694824,27.506258010864258,27.74134063720703
2.333599805831909,3.574950695037842,3.0179224014282227,1.188262701034546,8.611788749694824,27.506258010864258,27.74134063720703
2.345602512359619,3.574950695037842,3.0181143283843994,1.1880708932876587,8.611980438232422,27.506258010864258,27.741147994995117
2.3576064109802246,3.574758768081665,3.0181143283843994,1.1880708932876587,8.611980438232422,27.506258010864258,27.741147994995117
2.3696045875549316,3.5751423835754395,3.018306016921997,1.1880708932876587,8.611980438232422,27.506258010864258,27.74134063720703
2.3816096782684326,3.5751423835754395,3.0181143283843994,1.1880708932876587,8.611788749694824,27.506258010864258,27.741147994995117
2.3935985565185547,3.574950695037842,3.0181143283843994,1.1880708932876587,8.611788749694824,27.506065368652344,27.741147994995117
2.4056036472320557,3.574950695037842,3.018306016921997,1.1880708932876587,8.611788749694824,27.50644874572754,27.741147994995117
2.417604446411133,3.5751423835754395,3.0181143283843994,1.188262701034546,8.611788749694824,27.506258010864258,27.740957260131836
2.429598808288574,3.574950695037842,3.0181143283843994,1.1880708932876587,8.611788749694824,27.506258010864258,27.741147994995117
2.441599130630493,3.574950695037842,3.0181143283843994,1.187879204750061,8.61217212677002,27.506258010864258,27.74134063720703
2.4535953998565674,3.5751423835754395,3.0179224014282227,1.187879204750061,8.61217212677002,27.506258010864258,27.74134063720703
2.465576648712158,3.574950695037842,3.0181143283843994,1.188262701034546,8.611980438232422,27.50644874572754,27.741147994995117
2.4775824546813965,3.5751423835754395,3.0181143283843994,1.188262701034546,8.611788749694824,27.50644874572754,27.741531372070312
2.48957896232605,3.574950695037842,3.0181143283843994,1.188262701034546,8.611788749694824,27.506065368652344,27.741147994995117
2.501577615737915,3.574950695037842,3.0181143283843994,1.1880708932876587,8.61159610748291,27.506258010864258,27.741147994995117
2.51357364654541,3.574950695037842,3.0181143283843994,1.1880708932876587,8.611788749694824,27.506258010864258,27.74134063720703
2.525580644607544,3.574950695037842,3.0179224014282227,1.188262701034546,8.611788749694824,27.506258010864258,27.741147994995117
2.5375752449035645,3.5751423835754395,3.018306016921997,1.1880708932876587,8.611788749694824,27.506258010864258,27.741147994995117
2.5496277809143066,3.5751423835754395,3.0181143283843994,1.1880708932876587,8.611980438232422,27.50644874572754,27.74134063720703
2.5616402626037598,3.5751423835754395,3.018306016921997,1.1880708932876587,8.611788749694824,27.506258010864258,27.741147994995117
2.5736300945281982,3.5751423835754395,3.0181143283843994,1.188262701034546,8.611980438232422,27.506258010864258,27.741147994995117
2.585631847381592,3.5751423835754395,3.0181143283843994,1.188262701034546,8.611980438232422,27.506258010864258,27.741147994995117
2.5976405143737793,3.574950695037842,3.0181143283843994,1.188262701034546,8.611788749694824,27.506258010864258,27.74134063720703
2.6095733642578125,3.5751423835754395,3.018306016921997,1.1880708932876587,8.611788749694824,27.506258010864258,27.74134063720703
2.621575355529785,3.574950695037842,3.018306016921997,1.1880708932876587,8.61159610748291,27.506258010864258,27.741147994995117
2.633573055267334,3.574950695037842,3.0181143283843994,1.188262701034546,8.611788749694824,27.506258010864258,27.741147994995117
2.6455700397491455,3.574950695037842,3.018306016921997,1.1880708932876587,8.611788749694824,27.506258010864258,27.741147994995117
2.6575708389282227,3.5751423835754395,3.0181143283843994,1.1880708932876587,8.611788749694824,27.506258010864258,27.741147994995117
2.6695704460144043,3.574950695037842,3.0181143283843994,1.187879204750061,8.611980438232422,27.506258010864258,27.74134063720703
2.681568145751953,3.574950695037842,3.0179224014282227,1.188262701034546,8.611788749694824,27.506065368652344,27.741147994995117
2.6935744285583496,3.574950695037842,3.0181143283843994,1.1880708932876587,8.611788749694824,27.506258010864258,27.741147994995117
2.7055556774139404,3.5751423835754395,3.0179224014282227,1.1880708932876587,8.611788749694824,27.50644874572754,27.741147994995117
2.7175753116607666,3.574950695037842,3.018306016921997,1.1880708932876587,8.611788749694824,27.506258010864258,27.741147994995117
2.7295684814453125,3.574950695037842,3.0181143283843994,1.1880708932876587,8.611788749694824,27.506258010864258,27.74134063720703
2.7415597438812256,3.574950695037842,3.0181143283843994,1.1880708932876587,8.611788749694824,27.506258010864258,27.74134063720703
2.753567695617676,3.5751423835754395,3.0181143283843994,1.1880708932876587,8.611980438232422,27.506258010864258,27.741147994995117
2.7655699253082275,3.574950695037842,3.0181143283843994,1.188262701034546,8.611788749694824,27.506258010864258,27.741147994995117
2.77754545211792,3.574950695037842,3.0179224014282227,1.1880708932876587,8.611980438232422,27.506258010864258,27.741147994995117
2.789548873901367,3.5751423835754395,3.0179224014282227,1.1880708932876587,8.611788749694824,27.506258010864258,27.74134063720703
2.801544189453125,3.574950695037842,3.0179224014282227,1.1880708932876587,8.611788749694824,27.50644874572754,27.741147994995117
2.8135485649108887,3.5751423835754395,3.0181143283843994,1.1880708932876587,8.611788749694824,27.50644874572754,27.74134063720703
2.825547456741333,3.5751423835754395,3.0181143283843994,1.1880708932876587,8.61217212677002,27.506258010864258,27.741147994995117
2.837547540664673,3.574758768081665,3.0181143283843994,1.1880708932876587,8.611980438232422,27.506258010864258,27.74134063720703
2.849547863006592,3.574950695037842,3.0181143283843994,1.1880708932876587,8.611980438232422,27.50644874572754,27.741147994995117
2.861543655395508,3.5751423835754395,3.0181143283843994,1.1880708932876587,8.611788749694824,27.506065368652344,27.741147994995117
2.873547077178955,3.574950695037842,3.018306016921997,1.188262701034546,8.611788749694824,27.506258010864258,27.74134063720703
2.8855440616607666,3.5751423835754395,3.0181143283843994,1.188262701034546,8.611980438232422,27.506258010864258,27.741147994995117
2.897545099258423,3.5751423835754395,3.0181143283843994,1.1880708932876587,8.611788749694824,27.506258010864258,27.741147994995117
2.9095399379730225,3.574950695037842,3.0181143283843994,1.1880708932876587,8.611980438232422,27.506258010864258,27.741147994995117
2.921546220779419,3.574950695037842,3.018306016921997,1.1880708932876587,8.611788749694824,27.506258010864258,27.74134063720703
2.9335460662841797,3.574950695037842,3.0181143283843994,1.188262701034546,8.611788749694824,27.506258010864258,27.74134063720703
2.9455435276031494,3.5751423835754395,3.0181143283843994,1.1880708932876587,8.611980438232422,27.506258010864258,27.741147994995117
2.957547187805176,3.574950695037842,3.0181143283843994,1.188262701034546,8.611788749694824,27.506258010864258,27.74134063720703
2.9695396423339844,3.574950695037842,3.0181143283843994,1.188262701034546,8.611788749694824,27.506258010864258,27.74134063720703
2.9815399646759033,3.574950695037842,3.0181143283843994,1.1880708932876587,8.611980438232422,27.506258010864258,27.741147994995117
2.993539571762085,3.574950695037842,3.018306016921997,1.1880708932876587,8.611788749694824,27.506258010864258,27.74134063720703
3.0055389404296875,3.574950695037842,3.0181143283843994,1.188262701034546,8.61217212677002,27.506258010864258,27.74134063720703
3.017554759979248,3.5751423835754395,3.018306016921997,1.1880708932876587,8.611980438232422,27.506065368652344,27.741147994995117
3.0295469760894775,3.574950695037842,3.0181143283843994,1.1880708932876587,8.611980438232422,27.506258010864258,27.741147994995117
3.041537046432495,3.574950695037842,3.0181143283843994,1.188262701034546,8.611980438232422,27.506258010864258,27.741147994995117
3.0535385608673096,3.5751423835754395,3.0181143283843994,1.1880708932876587,8.61159610748291,27.506258010864258,27.741147994995117
3.0655181407928467,3.5751423835754395,3.0181143283843994,1.1880708932876587,8.611788749694824,27.506258010864258,27.741147994995117
3.077514171600342,3.574950695037842,3.0181143283843994,1.1880708932876587,8.611788749694824,27.506258010864258,27.74134063720703
3.0895190238952637,3.574950695037842,3.0181143283843994,1.1880708932876587,8.611788749694824,27.506258010864258,27.741147994995117
3.1016006469726562,3.574950695037842,3.0181143283843994,1.1880708932876587,8.61217212677002,27.506258010864258,27.741147994995117
3.113520383834839,3.574950695037842,3.0181143283843994,1.1880708932876587,8.611980438232422,27.506258010864258,27.74134063720703
3.125513792037964,3.5751423835754395,3.0181143283843994,1.187879204750061,8.611788749694824,27.506258010864258,27.74134063720703
3.137521982192993,3.574950695037842,3.0181143283843994,1.1880708932876587,8.611980438232422,27.506258010864258,27.740957260131836
3.149515390396118,3.5751423835754395,3.018306016921997,1.1880708932876587,8.611788749694824,27.506258010864258,27.74134063720703
3.161515951156616,3.574950695037842,3.0181143283843994,1.1880708932876587,8.611980438232422,27.506258010864258,27.74134063720703
3.173511505126953,3.574950695037842,3.0181143283843994,1.187879204750061,8.611788749694824,27.50644874572754,27.741147994995117
3.185512065887451,3.574758768081665,3.0179224014282227,1.1880708932876587,8.611788749694824,27.506258010864258,27.741147994995117
3.1975274085998535,3.574950695037842,3.0179224014282227,1.1880708932876587,8.611788749694824,27.506258010864258,27.74134063720703
3.2095248699188232,3.574758768081665,3.0181143283843994,1.1880708932876587,8.611788749694824,27.506258010864258,27.74134063720703
3.221522331237793,3.5751423835754395,3.0181143283843994,1.188262701034546,8.611788749694824,27.506258010864258,27.74134063720703
3.2335236072540283,3.5751423835754395,3.018306016921997,1.188262701034546,8.611788749694824,27.506258010864258,27.741147994995117
3.2455217838287354,3.5751423835754395,3.018306016921997,1.1880708932876587,8.611980438232422,27.506258010864258,27.740957260131836
3.257521152496338,3.574950695037842,3.0181143283843994,1.1880708932876587,8.611980438232422,27.506258010864258,27.74134063720703
3.269582748413086,3.5751423835754395,3.0181143283843994,1.1880708932876587,8.611788749694824,27.50644874572754,27.741147994995117
3.281569242477417,3.574758768081665,3.0179224014282227,1.1880708932876587,8.611788749694824,27.506258010864258,27.741147994995117
3.293523073196411,3.574758768081665,3.0179224014282227,1.188262701034546,8.611788749694824,27.506258010864258,27.741147994995117
3.3055217266082764,3.574950695037842,3.0181143283843994,1.188262701034546,8.611980438232422,27.506258010864258,27.74134063720703
3.3175346851348877,3.5751423835754395,3.0181143283843994,1.1880708932876587,8.611788749694824,27.506258010864258,27.741147994995117
3.3295013904571533,3.574950695037842,3.0181143283843994,1.1880708932876587,8.611788749694824,27.50644874572754,27.74134063720703
3.3415019512176514,3.5751423835754395,3.018306016921997,1.1880708932876587,8.611788749694824,27.50644874572754,27.740957260131836
3.353501796722412,3.5751423835754395,3.018306016921997,1.1880708932876587,8.611788749694824,27.506258010864258,27.74134063720703
3.365499258041382,3.5751423835754395,3.0181143283843994,1.187879204750061,8.611980438232422,27.506258010864258,27.74134063720703
3.3774971961975098,3.574950695037842,3.0179224014282227,1.1880708932876587,8.611788749694824,27.506258010864258,27.741147994995117
3.3894965648651123,3.5751423835754395,3.0181143283843994,1.1880708932876587,8.611980438232422,27.506258010864258,27.741147994995117
3.401499032974243,3.574950695037842,3.0181143283843994,1.1880708932876587,8.611788749694824,27.50644874572754,27.740957260131836
3.413533926010132,3.5751423835754395,3.0181143283843994,1.1880708932876587,8.611980438232422,27.50644874572754,27.741147994995117
3.4255001544952393,3.574950695037842,3.0181143283843994,1.1880708932876587,8.611980438232422,27.506258010864258,27.740957260131836
3.4374947547912598,3.574950695037842,3.018306016921997,1.188262701034546,8.611788749694824,27.506258010864258,27.74134063720703
3.449495315551758,3.574950695037842,3.0179224014282227,1.1880708932876587,8.611788749694824,27.506258010864258,27.741147994995117
3.4614970684051514,3.574950695037842,3.0181143283843994,1.1880708932876587,8.611788749694824,27.506258010864258,27.741147994995117
3.473498821258545,3.574950695037842,3.0181143283843994,1.1880708932876587,8.611788749694824,27.50644874572754,27.74134063720703
3.485495090484619,3.5751423835754395,3.018306016921997,1.1880708932876587,8.611788749694824,27.506258010864258,27.74134063720703
3.4974920749664307,3.5751423835754395,3.018306016921997,1.1880708932876587,8.611788749694824,27.50644874572754,27.741147994995117
3.509492874145508,3.5751423835754395,3.0181143283843994,1.1880708932876587,8.611980438232422,27.506258010864258,27.74134063720703
3.5214877128601074,3.574950695037842,3.018306016921997,1.1880708932876587,8.611980438232422,27.506258010864258,27.74134063720703
3.533482551574707,3.574950695037842,3.018306016921997,1.1880708932876587,8.611788749694824,27.506258010864258,27.741147994995117
3.5454819202423096,3.5751423835754395,3.0181143283843994,1.1880708932876587,8.611788749694824,27.506065368652344,27.741147994995117
3.557482957839966,3.574950695037842,3.0181143283843994,1.187879204750061,8.611980438232422,27.506258010864258,27.741147994995117
3.569481134414673,3.574950695037842,3.0181143283843994,1.1880708932876587,8.611788749694824,27.506258010864258,27.741147994995117
3.581482410430908,3.574950695037842,3.0179224014282227,1.1880708932876587,8.611788749694824,27.506258010864258,27.741147994995117
3.593482494354248,3.574950695037842,3.0181143283843994,1.1880708932876587,8.611788749694824,27.50644874572754,27.74134063720703
3.6055428981781006,3.574950695037842,3.0181143283843994,1.1880708932876587,8.611788749694824,27.506258010864258,27.74134063720703
3.617540121078491,3.574950695037842,3.018306016921997,1.1880708932876587,8.611788749694824,27.506258010864258,27.741147994995117
3.629533529281616,3.5751423835754395,3.0181143283843994,1.1880708932876587,8.611788749694824,27.506258010864258,27.741147994995117
3.6415321826934814,3.574950695037842,3.018306016921997,1.188262701034546,8.611980438232422,27.506258010864258,27.74134063720703
3.65346097946167,3.574950695037842,3.0181143283843994,1.187879204750061,8.61217212677002,27.506065368652344,27.741147994995117
3.6655161380767822,3.574950695037842,3.018306016921997,1.1880708932876587,8.611788749694824,27.506258010864258,27.740957260131836
3.677480459213257,3.574950695037842,3.0184977054595947,1.1880708932876587,8.611980438232422,27.50644874572754,27.741147994995117
3.6895751953125,3.574950695037842,3.0181143283843994,1.1880708932876587,8.611980438232422,27.506258010864258,27.741147994995117
3.7015676498413086,3.574950695037842,3.0181143283843994,1.1880708932876587,8.611788749694824,27.50644874572754,27.741147994995117
3.7135345935821533,3.574950695037842,3.0181143283843994,1.188262701034546,8.611980438232422,27.506258010864258,27.741147994995117
3.725531816482544,3.574950695037842,3.0181143283843994,1.1880708932876587,8.611788749694824,27.506258010864258,27.74134063720703
3.737473964691162,3.574950695037842,3.018306016921997,1.1880708932876587,8.611788749694824,27.506258010864258,27.74134063720703
3.749537706375122,3.5751423835754395,3.0181143283843994,1.188262701034546,8.611788749694824,27.506258010864258,27.74134063720703
3.7615320682525635,3.574950695037842,3.0179224014282227,1.187879204750061,8.611980438232422,27.50644874572754,27.740957260131836
3.7735202312469482,3.5751423835754395,3.0181143283843994,1.1880708932876587,8.611980438232422,27.506258010864258,27.741147994995117
3.785512685775757,3.574758768081665,3.0181143283843994,1.1880708932876587,8.611788749694824,27.506258010864258,27.74134063720703
3.7975316047668457,3.574950695037842,3.0184977054595947,1.188262701034546,8.611788749694824,27.50644874572754,27.741531372070312
3.8095309734344482,3.574950695037842,3.018306016921997,1.1880708932876587,8.611980438232422,27.50644874572754,27.741147994995117
3.8215084075927734,3.5751423835754395,3.0181143283843994,1.1880708932876587,8.611980438232422,27.506258010864258,27.74134063720703
3.833526849746704,3.574758768081665,3.0181143283843994,1.188262701034546,8.611788749694824,27.506258010864258,27.741147994995117
3.8455090522766113,3.574950695037842,3.0181143283843994,1.188262701034546,8.610445976257324,27.50644874572754,27.74134063720703
3.8575127124786377,3.574950695037842,3.0184977054595947,1.188262701034546,8.610254287719727,27.506258010864258,27.741147994995117
3.8695390224456787,3.5751423835754395,3.0181143283843994,1.1880708932876587,8.610254287719727,27.506258010864258,27.741147994995117
3.8815324306488037,3.5736083984375,3.0179224014282227,1.188262701034546,8.609870910644531,27.506258010864258,27.741147994995117
3.8935110569000244,3.5714991092681885,3.0181143283843994,1.188262701034546,8.609870910644531,27.50644874572754,27.741147994995117
3.9055111408233643,3.5659384727478027,3.018306016921997,1.1884543895721436,8.61082935333252,27.506065368652344,27.741147994995117
3.917497396469116,3.5576932430267334,3.0179224014282227,1.1886461973190308,8.611788749694824,27.50644874572754,27.74134063720703
3.929490327835083,3.5448460578918457,3.0179224014282227,1.1890296936035156,8.613130569458008,27.506258010864258,27.74134063720703
3.941432476043701,3.5178096294403076,3.0186893939971924,1.1892213821411133,8.61293888092041,27.50644874572754,27.74134063720703
3.953498601913452,3.484445571899414,3.0186893939971924,1.189988374710083,8.613513946533203,27.50644874572754,27.741531372070312
3.965486526489258,3.4487802982330322,3.018881320953369,1.1907553672790527,8.614664077758789,27.506258010864258,27.741147994995117
3.977484703063965,3.4136905670166016,3.019073009490967,1.1920976638793945,8.619649887084961,27.506258010864258,27.741147994995117
3.9894907474517822,3.37725830078125,3.0198400020599365,1.1974666118621826,8.626744270324707,27.50644874572754,27.74134063720703
4.0014684200286865,3.342360258102417,3.020223379135132,1.2091631889343262,8.634031295776367,27.50644874572754,27.74134063720703
4.013487339019775,3.3070785999298096,3.021373987197876,1.2191340923309326,8.644001960754395,27.506258010864258,27.74134063720703
4.02543044090271,3.276782274246216,3.022524356842041,1.2306389808654785,8.66528606414795,27.506258010864258,27.741531372070312
4.037485837936401,3.260483741760254,3.0242502689361572,1.2553744316101074,8.704211235046387,27.506258010864258,27.741531372070312
4.0494256019592285,3.254923105239868,3.02559232711792,1.3096392154693604,8.772089958190918,27.50644874572754,27.741724014282227
4.061486005783081,3.2535808086395264,3.0271263122558594,1.3907486200332642,8.858184814453125,27.506258010864258,27.741914749145508
4.073501348495483,3.253964424133301,3.029235601425171,1.4444379806518555,8.961536407470703,27.50644874572754,27.741724014282227
4.085496425628662,3.2566487789154053,3.0317282676696777,1.477226972579956,9.071983337402344,27.50644874572754,27.741724014282227
4.097441911697388,3.2570323944091797,3.0355632305145264,1.5274649858474731,9.196428298950195,27.50644874572754,27.741724014282227
4.109442472457886,3.256840467453003,3.0361385345458984,1.594385027885437,9.329692840576172,27.50644874572754,27.741531372070312
4.121426582336426,3.253197431564331,3.0372891426086426,1.6517176628112793,9.477913856506348,27.506641387939453,27.741531372070312
4.133435487747192,3.247636556625366,3.036905527114868,1.717295527458191,9.633230209350586,27.506258010864258,27.741147994995117
4.145433187484741,3.2386245727539062,3.035946846008301,1.7736694812774658,9.791613578796387,27.50644874572754,27.741531372070312
4.157433271408081,3.2330639362335205,3.0392065048217773,1.820264220237732,9.953065872192383,27.50644874572754,27.741724014282227
4.169433116912842,3.228461980819702,3.0390148162841797,1.8914027214050293,10.116435050964355,27.50644874572754,27.74134063720703
4.181432723999023,3.2265443801879883,3.0409321784973145,1.9663761854171753,10.276161193847656,27.50644874572754,27.741531372070312
4.193414211273193,3.2196414470672607,3.0415074825286865,2.0237088203430176,10.430709838867188,27.506258010864258,27.741531372070312
4.205434799194336,3.214080810546875,3.043616771697998,2.0833425521850586,10.565317153930664,27.506065368652344,27.74134063720703
4.217426776885986,3.2136971950531006,3.04419207572937,2.1303207874298096,10.692830085754395,27.506258010864258,27.74134063720703
4.2294111251831055,3.2112045288085938,3.0459177494049072,2.190337896347046,10.793113708496094,27.506258010864258,27.741531372070312
4.241411924362183,3.2071778774261475,3.046684741973877,2.2798843383789062,10.883427619934082,27.506258010864258,27.741531372070312
4.253407001495361,3.198932647705078,3.046684741973877,2.3531320095062256,10.951689720153809,27.50644874572754,27.74134063720703
4.265407085418701,3.182634115219116,3.047260046005249,2.438459873199463,11.004420280456543,27.50644874572754,27.74134063720703
4.277409553527832,3.155789375305176,3.0468764305114746,2.527622699737549,11.034141540527344,27.506258010864258,27.741531372070312
4.289406776428223,3.1270270347595215,3.0476434230804443,2.6240720748901367,11.044112205505371,27.506258010864258,27.741531372070312
4.301406383514404,3.0988402366638184,3.047260046005249,2.6954023838043213,11.041619300842285,27.506258010864258,27.741531372070312
4.313405513763428,3.077939748764038,3.0476434230804443,2.782264232635498,11.040852546691895,27.506258010864258,27.741531372070312
4.325409412384033,3.0668182373046875,3.0463011264801025,2.8746867179870605,11.040852546691895,27.50644874572754,27.741147994995117
4.337417364120483,3.0649008750915527,3.047260046005249,2.9673011302948,11.041044235229492,27.506258010864258,27.74134063720703
4.349409818649292,3.068352222442627,3.0459177494049072,3.049561023712158,11.040660858154297,27.50644874572754,27.741147994995117
4.361477851867676,3.071420192718506,3.046109437942505,3.153104782104492,11.040852546691895,27.506258010864258,27.741147994995117
4.373463869094849,3.0752551555633545,3.045534133911133,3.2516634464263916,11.041427612304688,27.506258010864258,27.741147994995117
4.38546085357666,3.080432415008545,3.0457260608673096,3.355015516281128,11.042386054992676,27.506258010864258,27.741147994995117
4.3974449634552,3.083500385284424,3.0432331562042236,3.471790075302124,11.044303894042969,27.506258010864258,27.741147994995117
4.409461259841919,3.08158278465271,3.039398193359375,3.5866472721099854,11.044112205505371,27.506258010864258,27.741147994995117
4.421475410461426,3.08158278465271,3.0374808311462402,3.7153100967407227,11.044303894042969,27.50644874572754,27.74134063720703
4.433461427688599,3.0823497772216797,3.035946846008301,3.8526017665863037,11.043920516967773,27.50644874572754,27.741531372070312
4.4454591274261475,3.083500385284424,3.034604549407959,3.9983303546905518,11.043920516967773,27.506258010864258,27.74134063720703
4.457457065582275,3.0850343704223633,3.03230357170105,4.157097816467285,11.043920516967773,27.506258010864258,27.741147994995117
4.469459056854248,3.085801362991333,3.0294272899627686,4.31663179397583,11.043920516967773,27.506258010864258,27.741147994995117
4.48144006729126,3.085226058959961,3.027509927749634,4.475207805633545,11.044112205505371,27.506258010864258,27.74134063720703
4.493444919586182,3.0856096744537354,3.026167631149292,4.625538349151611,11.044112205505371,27.50644874572754,27.740957260131836
4.50543737411499,3.0859930515289307,3.02559232711792,4.768198490142822,11.044112205505371,27.50644874572754,27.741147994995117
4.517465829849243,3.0879106521606445,3.0265512466430664,4.908558368682861,11.044112205505371,27.506258010864258,27.741147994995117
4.5294365882873535,3.0951969623565674,3.028468608856201,5.057162761688232,11.044112205505371,27.506258010864258,27.741147994995117
4.541433334350586,3.107468843460083,3.0317282676696777,5.2096028327941895,11.044112205505371,27.50644874572754,27.740957260131836
4.553436040878296,3.118398427963257,3.0386312007904053,5.373355388641357,11.043920516967773,27.50644874572754,27.74134063720703
4.5654377937316895,3.123767375946045,3.049561023712158,5.533848762512207,11.043537139892578,27.50644874572754,27.74134063720703
4.577436208724976,3.1325879096984863,3.0578060150146484,5.686671733856201,11.043537139892578,27.506258010864258,27.74134063720703
4.589435338973999,3.14351749420166,3.071995496749878,5.833359241485596,11.04334545135498,27.50644874572754,27.74134063720703
4.6014320850372314,3.149653434753418,3.087143659591675,5.975252628326416,11.042962074279785,27.506258010864258,27.741531372070312
4.613435983657837,3.158090353012085,3.1028668880462646,6.118488311767578,11.042962074279785,27.506258010864258,27.74134063720703
4.625430583953857,3.1663355827331543,3.1178231239318848,6.2598066329956055,11.04200267791748,27.50644874572754,27.741147994995117
4.637438058853149,3.1697869300842285,3.14428448677063,6.3934550285339355,11.04200267791748,27.50644874572754,27.741147994995117
4.649436950683594,3.1753475666046143,3.177265167236328,6.532088756561279,11.041619300842285,27.50644874572754,27.74134063720703
4.661442995071411,3.187044382095337,3.2004666328430176,6.66420316696167,11.041810989379883,27.50644874572754,27.741147994995117
4.673430442810059,3.199124336242676,3.225969076156616,6.794208526611328,11.04200267791748,27.506258010864258,27.74134063720703
4.685431480407715,3.2106292247772217,3.256840467453003,6.906381130218506,11.041810989379883,27.50644874572754,27.74134063720703
4.697431325912476,3.220216751098633,3.2919304370880127,7.023922920227051,11.041427612304688,27.506258010864258,27.74134063720703
4.7094409465789795,3.2276949882507324,3.335073709487915,7.132835388183594,11.041427612304688,27.50644874572754,27.74134063720703
4.721433401107788,3.2372822761535645,3.3799428939819336,7.2281341552734375,11.041427612304688,27.50644874572754,27.74134063720703
4.733430862426758,3.2439935207366943,3.414649248123169,7.336855411529541,11.04123592376709,27.50644874572754,27.74134063720703
4.745435476303101,3.24955415725708,3.4581761360168457,7.4359893798828125,11.04200267791748,27.506258010864258,27.74134063720703
4.757429838180542,3.2572240829467773,3.509756326675415,7.530520915985107,11.041810989379883,27.50644874572754,27.741531372070312
4.769439935684204,3.2656610012054443,3.5601859092712402,7.621026039123535,11.041619300842285,27.506258010864258,27.74134063720703
4.781371355056763,3.2750566005706787,3.6065890789031982,7.714599132537842,11.041619300842285,27.50644874572754,27.74134063720703
4.793421983718872,3.289437770843506,3.6598949432373047,7.793215751647949,11.041619300842285,27.50644874572754,27.741531372070312
4.80540919303894,3.299025058746338,3.719336748123169,7.887364387512207,11.041810989379883,27.50644874572754,27.741531372070312
4.817424774169922,3.309954881668091,3.7684242725372314,7.972500324249268,11.042386054992676,27.50644874572754,27.74134063720703
4.829413890838623,3.3258697986602783,3.8178954124450684,8.044214248657227,11.04257869720459,27.50644874572754,27.74134063720703
4.841438055038452,3.3421685695648193,3.881939172744751,8.093685150146484,11.043728828430176,27.50644874572754,27.741147994995117
4.853409051895142,3.356741189956665,3.9448325634002686,8.181697845458984,11.043153762817383,27.50644874572754,27.741531372070312
4.865411281585693,3.3828189373016357,3.998713731765747,8.27392864227295,11.043728828430176,27.506258010864258,27.74134063720703
4.877401113510132,3.4173336029052734,4.06486701965332,8.345450401306152,11.043728828430176,27.50644874572754,27.74134063720703
4.8893983364105225,3.44590425491333,4.1189398765563965,8.405275344848633,11.043537139892578,27.50644874572754,27.741147994995117
4.901397943496704,3.4685304164886475,4.1712870597839355,8.47104549407959,11.043153762817383,27.50644874572754,27.74134063720703
4.91340708732605,3.4871299266815186,4.239165782928467,8.556565284729004,11.043537139892578,27.50644874572754,27.741531372070312
4.92540168762207,3.51167368888855,4.299950122833252,8.615815162658691,11.043153762817383,27.50644874572754,27.74134063720703
4.937409400939941,3.5442709922790527,4.356323719024658,8.67583179473877,11.04334545135498,27.50644874572754,27.74134063720703
4.9494171142578125,3.5835793018341064,4.424394607543945,8.749654769897461,11.043153762817383,27.50644874572754,27.741147994995117
4.96139669418335,3.6142590045928955,4.48306941986084,8.818684577941895,11.042962074279785,27.50644874572754,27.74134063720703
4.973395347595215,3.648773670196533,4.550373077392578,8.888096809387207,11.04257869720459,27.506641387939453,27.74134063720703
4.985399961471558,3.6871232986450195,4.617292881011963,8.920310974121094,11.04257869720459,27.50644874572754,27.74134063720703
4.99739670753479,3.730841636657715,4.67347526550293,8.944663047790527,11.041619300842285,27.50644874572754,27.741147994995117
5.009397745132446,3.7774364948272705,4.739436626434326,9.00813102722168,11.041427612304688,27.506641387939453,27.741531372070312
5.021394968032837,3.8081161975860596,4.808849334716797,9.096718788146973,11.041810989379883,27.506258010864258,27.74134063720703
5.033398628234863,3.8349609375,4.872509479522705,9.150983810424805,11.04123592376709,27.50644874572754,27.74134063720703
5.045392751693726,3.8804051876068115,4.936936855316162,9.187032699584961,11.041427612304688,27.50644874572754,27.741531372070312
5.057395935058594,3.9310266971588135,4.990242958068848,9.228641510009766,11.041427612304688,27.50644874572754,27.74134063720703
5.0694005489349365,3.9768545627593994,5.046233177185059,9.266416549682617,11.04123592376709,27.50644874572754,27.74134063720703
5.08135986328125,4.014820575714111,5.11181116104126,9.30898380279541,11.04123592376709,27.506641387939453,27.741531372070312
5.093390226364136,4.050293922424316,5.170677661895752,9.374178886413574,11.039318084716797,27.506258010864258,27.74134063720703
5.105397701263428,4.097655773162842,5.226860046386719,9.440139770507812,11.03605842590332,27.506641387939453,27.74134063720703
5.117419004440308,4.146934986114502,5.286302089691162,9.466601371765137,11.035866737365723,27.50644874572754,27.74134063720703
5.12940526008606,4.183175563812256,5.33807373046875,9.480406761169434,11.035866737365723,27.50644874572754,27.74134063720703
5.141339302062988,4.219032287597656,5.390613079071045,9.512429237365723,11.034524917602539,27.506641387939453,27.741531372070312
5.153369426727295,4.270804405212402,5.4492878913879395,9.578390121459961,11.032990455627441,27.50644874572754,27.741531372070312
5.165371894836426,4.322192668914795,5.504894733428955,9.638023376464844,11.029730796813965,27.506258010864258,27.74134063720703
5.177381753921509,4.364760875701904,5.554173946380615,9.686152458190918,11.023019790649414,27.50644874572754,27.74134063720703
5.189375877380371,4.410013198852539,5.607863426208496,9.739266395568848,11.012090682983398,27.50644874572754,27.74134063720703
5.201321363449097,4.463319301605225,5.655033588409424,9.774548530578613,11.001160621643066,27.50644874572754,27.741531372070312
5.2133214473724365,4.507996559143066,5.694533348083496,9.78240966796875,10.990806579589844,27.506641387939453,27.74134063720703
5.225375175476074,4.543853282928467,5.740361213684082,9.798325538635254,10.984862327575684,27.506641387939453,27.741531372070312
5.237377405166626,4.599076747894287,5.785805702209473,9.841852188110352,10.982177734375,27.506641387939453,27.74134063720703
5.2493813037872314,4.660244464874268,5.826264381408691,9.909347534179688,10.98006820678711,27.50644874572754,27.741531372070312
5.261372089385986,4.700128078460693,5.864038944244385,9.975308418273926,10.97700023651123,27.50644874572754,27.741531372070312
5.273308038711548,4.739052772521973,5.897019386291504,10.001578330993652,10.970672607421875,27.50644874572754,27.741531372070312
5.285304307937622,4.798878192901611,5.925398349761963,10.017301559448242,10.96261978149414,27.50644874572754,27.741531372070312
5.297309875488281,4.851992607116699,5.952434539794922,10.049131393432617,10.950347900390625,27.50644874572754,27.741531372070312
5.309307813644409,4.8813300132751465,5.980813503265381,10.106081008911133,10.929255485534668,27.506641387939453,27.741531372070312
5.321312665939331,4.926966190338135,6.005740642547607,10.137527465820312,10.893973350524902,27.506641387939453,27.741531372070312
5.3333070278167725,4.988133907318115,6.024723529815674,10.148649215698242,10.842009544372559,27.50644874572754,27.741531372070312
5.345306873321533,5.034152984619141,6.042172908782959,10.179903984069824,10.789470672607422,27.50644874572754,27.74134063720703
5.357361555099487,5.059463977813721,6.059238433837891,10.252384185791016,10.734630584716797,27.506641387939453,27.741724014282227
5.369379997253418,5.099730968475342,6.072085380554199,10.327933311462402,10.664643287658691,27.50644874572754,27.74134063720703
5.381357431411743,5.150544166564941,6.0803303718566895,10.362064361572266,10.593120574951172,27.506641387939453,27.74134063720703
5.393357753753662,5.191195011138916,6.092027187347412,10.386991500854492,10.5177640914917,27.506641387939453,27.741147994995117
5.405362606048584,5.22379207611084,6.097779750823975,10.44835090637207,10.446817398071289,27.50644874572754,27.741531372070312
5.417449474334717,5.2667436599731445,6.102956771850586,10.509710311889648,10.373761177062988,27.50644874572754,27.74134063720703
5.429358005523682,5.309503555297852,6.1056413650512695,10.566468238830566,10.295144081115723,27.506258010864258,27.74134063720703
5.441355228424072,5.347277641296387,6.108517646789551,10.637606620788574,10.222663879394531,27.506641387939453,27.741531372070312
5.453355073928833,5.381600856781006,6.11005163192749,10.682283401489258,10.152483940124512,27.506258010864258,27.741147994995117
5.4653639793396,5.421100616455078,6.109859943389893,10.71277141571045,10.085563659667969,27.506258010864258,27.741147994995117
5.47736668586731,5.465011119842529,6.109476089477539,10.782759666442871,10.015575408935547,27.50644874572754,27.741531372070312
5.489338636398315,5.5112223625183105,6.108901023864746,10.876524925231934,9.94654655456543,27.50644874572754,27.74134063720703
5.501338481903076,5.548996925354004,6.108325958251953,10.961468696594238,9.890364646911621,27.50644874572754,27.74134063720703
5.51329779624939,5.579868316650391,6.107558727264404,11.013432502746582,9.828620910644531,27.506641387939453,27.741531372070312
5.525352239608765,5.6149582862854,6.104490756988525,11.038934707641602,9.757099151611328,27.50644874572754,27.741147994995117
5.537348985671997,5.6600189208984375,6.098930358886719,11.104704856872559,9.67790699005127,27.506258010864258,27.741531372070312
5.549356460571289,5.6937665939331055,6.094520092010498,11.209207534790039,9.590853691101074,27.50644874572754,27.741147994995117
5.5612804889678955,5.719844341278076,6.090876579284668,11.284372329711914,9.506868362426758,27.506258010864258,27.741531372070312
5.573360204696655,5.752824783325195,6.083398342132568,11.339595794677734,9.406392097473145,27.50644874572754,27.74134063720703
5.5853002071380615,5.7852301597595215,6.06825065612793,11.370467185974121,9.309751510620117,27.50644874572754,27.741531372070312
5.597364902496338,5.8159098625183105,6.0580878257751465,11.421472549438477,9.213109970092773,27.50644874572754,27.741531372070312
5.609334707260132,5.841987609863281,6.0465826988220215,11.510443687438965,9.114168167114258,27.506258010864258,27.741531372070312
5.621334552764893,5.857711315155029,6.037570953369141,11.572569847106934,9.0213623046875,27.506641387939453,27.741531372070312
5.633364200592041,5.878419876098633,6.0249152183532715,11.600181579589844,8.930856704711914,27.50644874572754,27.741531372070312
5.645364761352539,5.898936748504639,6.006891250610352,11.640448570251465,8.845529556274414,27.50644874572754,27.741531372070312
5.6573216915130615,5.903730392456055,5.988099575042725,11.69912338256836,8.760584831237793,27.50644874572754,27.741531372070312
5.669328212738037,5.908140659332275,5.969883918762207,11.737090110778809,8.693089485168457,27.50644874572754,27.741531372070312
5.681323289871216,5.919454097747803,5.951859474182129,11.77735710144043,8.63920783996582,27.506832122802734,27.741147994995117
5.693276643753052,5.928082466125488,5.9309587478637695,11.834114074707031,8.585518836975098,27.50644874572754,27.74134063720703
5.7053258419036865,5.928466320037842,5.9069905281066895,11.873039245605469,8.544485092163086,27.506641387939453,27.741531372070312
5.717308521270752,5.9286580085754395,5.881679534912109,11.872079849243164,8.521666526794434,27.50644874572754,27.74134063720703
5.729330062866211,5.928082466125488,5.858286380767822,11.876298904418945,8.524351119995117,27.50644874572754,27.74134063720703
5.741321086883545,5.9261651039123535,5.8375773429870605,11.89029598236084,8.53393840789795,27.50644874572754,27.741531372070312
5.7533118724823,5.919454097747803,5.8184027671813965,11.914456367492676,8.54870319366455,27.506641387939453,27.74134063720703
5.765309810638428,5.9092912673950195,5.798844337463379,11.946287155151367,8.564809799194336,27.50644874572754,27.74134063720703
5.777332305908203,5.8881988525390625,5.776793479919434,11.980993270874023,8.578424453735352,27.50644874572754,27.741531372070312
5.789319276809692,5.867490291595459,5.754934310913086,12.014549255371094,8.590120315551758,27.50644874572754,27.74134063720703
5.801306486129761,5.844097137451172,5.730006694793701,12.014740943908691,8.59721565246582,27.50644874572754,27.741147994995117
5.813308238983154,5.8178277015686035,5.707764148712158,12.01186466217041,8.60181713104248,27.50644874572754,27.741147994995117
5.825326204299927,5.790791034698486,5.684370994567871,12.0126314163208,8.605844497680664,27.50644874572754,27.74134063720703
5.837251663208008,5.748798370361328,5.662319660186768,12.010522842407227,8.61159610748291,27.506641387939453,27.741147994995117
5.849326133728027,5.706996917724609,5.639501571655273,12.007838249206543,8.622142791748047,27.50644874572754,27.741147994995117
5.861307859420776,5.676701068878174,5.613424301147461,12.006303787231445,8.637290954589844,27.50644874572754,27.740957260131836
5.8733038902282715,5.647555351257324,5.586962699890137,12.006112098693848,8.663368225097656,27.50644874572754,27.740957260131836
5.885253190994263,5.612082004547119,5.561460494995117,12.005728721618652,8.709962844848633,27.506641387939453,27.741147994995117
5.897245645523071,5.568938732147217,5.5353827476501465,12.004002571105957,8.786470413208008,27.50644874572754,27.74134063720703
5.90924859046936,5.5305891036987305,5.509305000305176,12.000359535217285,8.883111953735352,27.50644874572754,27.74134063720703
5.9212446212768555,5.504127502441406,5.480926036834717,11.997483253479004,9.000844955444336,27.506641387939453,27.74134063720703
5.933250904083252,5.467695713043213,5.4588751792907715,11.994223594665527,9.13353443145752,27.50644874572754,27.741147994995117
5.945244789123535,5.4251275062561035,5.432605743408203,11.98885440826416,9.279263496398926,27.506258010864258,27.74134063720703
5.957233667373657,5.379683017730713,5.402309417724609,11.97907543182373,9.435346603393555,27.50644874572754,27.741147994995117
5.9692442417144775,5.347085952758789,5.365110397338867,11.965845108032227,9.596606254577637,27.506641387939453,27.74134063720703
5.981246471405029,5.311612606048584,5.332321643829346,11.945136070251465,9.75479793548584,27.50644874572754,27.74134063720703
5.993224143981934,5.264634609222412,5.303942680358887,11.9111967086792,9.912798881530762,27.50644874572754,27.74134063720703
6.005243539810181,5.218422889709473,5.274796962738037,11.861917495727539,10.072141647338867,27.506832122802734,27.74134063720703
6.017223596572876,5.1854424476623535,5.242199897766113,11.811871528625488,10.228224754333496,27.50644874572754,27.74134063720703
6.0292253494262695,5.1492018699646,5.208835601806641,11.798641204833984,10.382773399353027,27.50644874572754,27.74134063720703
6.041228294372559,5.098388671875,5.179881572723389,11.792120933532715,10.52907657623291,27.50644874572754,27.74134063720703
6.053223371505737,5.0487260818481445,5.149010181427002,11.750895500183105,10.671354293823242,27.506641387939453,27.74134063720703
6.0652241706848145,5.00577449798584,5.118714332580566,11.672086715698242,10.810179710388184,27.506641387939453,27.741147994995117
6.07722020149231,4.964165210723877,5.082090377807617,11.601907730102539,10.956291198730469,27.50644874572754,27.741147994995117
6.089224100112915,4.918529033660889,5.047192096710205,11.537288665771484,11.106046676635742,27.50644874572754,27.741147994995117
6.101226806640625,4.86982536315918,5.0126776695251465,11.448700904846191,11.261938095092773,27.506641387939453,27.740957260131836
6.113222360610962,4.8169026374816895,4.9842987060546875,11.380054473876953,11.416678428649902,27.50644874572754,27.74134063720703
6.125223159790039,4.76608943939209,4.95496129989624,11.289358139038086,11.57506275177002,27.50644874572754,27.74134063720703
6.1372082233428955,4.715467929840088,4.926774501800537,11.186964988708496,11.739773750305176,27.50644874572754,27.741147994995117
6.149216890335083,4.656984806060791,4.898012161254883,11.078818321228027,11.91330623626709,27.50644874572754,27.74134063720703
6.16122031211853,4.608088970184326,4.871167182922363,10.983902931213379,12.093358039855957,27.50644874572754,27.741147994995117
6.173217535018921,4.566863059997559,4.841638088226318,10.866361618041992,12.277819633483887,27.50644874572754,27.741147994995117
6.185223579406738,4.506845951080322,4.820929527282715,10.737698554992676,12.46745777130127,27.50644874572754,27.741147994995117
6.197220325469971,4.443377494812012,4.797728061676025,10.596763610839844,12.663232803344727,27.50644874572754,27.74134063720703
6.209216356277466,4.396399021148682,4.775101661682129,10.448734283447266,12.859199523925781,27.50644874572754,27.741147994995117
6.221215486526489,4.344051837921143,4.754776477813721,10.2984037399292,13.05056381225586,27.506641387939453,27.74134063720703
6.233225107192993,4.2911295890808105,4.739628314971924,10.140978813171387,13.237326622009277,27.50644874572754,27.741147994995117
6.2452147006988525,4.247027397155762,4.724288463592529,9.974733352661133,13.425431251525879,27.50644874572754,27.741147994995117
6.257216930389404,4.191037178039551,4.709523677825928,9.796599388122559,13.615262031555176,27.506258010864258,27.74134063720703
6.269213676452637,4.126034259796143,4.698210716247559,9.600057601928711,13.803366661071777,27.50644874572754,27.74134063720703
6.281216144561768,4.0736870765686035,4.685171604156494,9.387025833129883,13.98974609375,27.50644874572754,27.741147994995117
6.293213605880737,4.02766752243042,4.677501678466797,9.171692848205566,14.1766996383667,27.506258010864258,27.741147994995117
6.305196762084961,3.973978281021118,4.671557903289795,8.958660125732422,14.366722106933594,27.506258010864258,27.741147994995117
6.317218780517578,3.9225897789001465,4.670407295227051,8.7450532913208,14.554827690124512,27.50644874572754,27.741147994995117
6.329192161560059,3.8736939430236816,4.669064998626709,8.511504173278809,14.737371444702148,27.50644874572754,27.741147994995117
6.341198444366455,3.8196210861206055,4.669448375701904,8.261080741882324,14.922599792480469,27.506258010864258,27.74134063720703
6.353203773498535,3.765164613723755,4.670598983764648,8.006247520446777,15.11070442199707,27.506258010864258,27.741147994995117
6.365192651748657,3.721254348754883,4.672132968902588,7.7550578117370605,15.299385070800781,27.50644874572754,27.740957260131836
6.377189636230469,3.679069757461548,4.674433708190918,7.500608444213867,15.482120513916016,27.506258010864258,27.74134063720703
6.389198303222656,3.6269142627716064,4.680569648742676,7.236571311950684,15.653926849365234,27.506258010864258,27.741147994995117
6.401195526123047,3.5822370052337646,4.688239574432373,6.961221218109131,15.82439136505127,27.506258010864258,27.74134063720703
6.413188219070435,3.5498316287994385,4.692649841308594,6.675133228302002,15.99006175994873,27.506258010864258,27.741147994995117
6.425188779830933,3.5118653774261475,4.696676731109619,6.390770435333252,16.1551570892334,27.506258010864258,27.741147994995117
6.437190294265747,3.4654624462127686,4.702620983123779,6.110818386077881,16.302993774414062,27.50644874572754,27.74134063720703
6.4491870403289795,3.429030418395996,4.705305099487305,5.845439434051514,16.44182014465332,27.506258010864258,27.741147994995117
6.461191177368164,3.4064040184020996,4.704730033874512,5.593674182891846,16.565879821777344,27.506258010864258,27.741147994995117
6.473196268081665,3.375916004180908,4.704730033874512,5.351304531097412,16.68438148498535,27.506258010864258,27.74134063720703
6.485189199447632,3.3431272506713867,4.702237129211426,5.116604804992676,16.785049438476562,27.506065368652344,27.74134063720703
6.497185468673706,3.3088042736053467,4.695334434509277,4.887657642364502,16.870759963989258,27.50644874572754,27.741147994995117
6.509193420410156,3.2788915634155273,4.679802894592285,4.671749591827393,16.943241119384766,27.506258010864258,27.741147994995117
6.521186351776123,3.2618260383605957,4.656793117523193,4.478275775909424,16.99462890625,27.506258010864258,27.74134063720703
6.533186912536621,3.245527505874634,4.629373073577881,4.312605381011963,17.01629638671875,27.506065368652344,27.741147994995117
6.545188665390015,3.214080810546875,4.599076747894287,4.173012733459473,17.014572143554688,27.506065368652344,27.741147994995117
6.557193040847778,3.1937553882598877,4.564178943634033,4.060648441314697,17.0120792388916,27.506065368652344,27.741531372070312
6.569188117980957,3.184551477432251,4.51815938949585,3.960939407348633,17.011886596679688,27.506258010864258,27.74134063720703
6.581167459487915,3.1824424266815186,4.461018085479736,3.9014976024627686,17.011886596679688,27.506258010864258,27.741147994995117
6.593183994293213,3.1789908409118652,4.404068946838379,3.8568201065063477,17.011695861816406,27.506258010864258,27.74134063720703
6.6051836013793945,3.169019937515259,4.337915897369385,3.804281234741211,17.009586334228516,27.506065368652344,27.740957260131836
6.6171746253967285,3.15924072265625,4.261983871459961,3.7762861251831055,17.00517463684082,27.506258010864258,27.74134063720703
6.629164457321167,3.158665657043457,4.191995620727539,3.786065101623535,17.002300262451172,27.506258010864258,27.74134063720703
6.641164779663086,3.158090353012085,4.100723743438721,3.802363872528076,17.000764846801758,27.506258010864258,27.741147994995117
6.653162240982056,3.1573233604431152,4.019997596740723,3.8142521381378174,17.000381469726562,27.506258010864258,27.741147994995117
6.665165185928345,3.1534883975982666,3.9333276748657227,3.8196210861206055,17.000574111938477,27.506258010864258,27.740957260131836
6.6771628856658936,3.152146100997925,3.8435895442962646,3.8305506706237793,17.00019073486328,27.506065368652344,27.740957260131836
6.689164638519287,3.151954412460327,3.7546184062957764,3.8491501808166504,17.00019073486328,27.506258010864258,27.741147994995117
6.701160192489624,3.1523377895355225,3.674659490585327,3.878871202468872,17.00019073486328,27.506065368652344,27.740957260131836
6.71316123008728,3.151954412460327,3.604288101196289,3.9333276748657227,16.999998092651367,27.505874633789062,27.740957260131836
6.725159645080566,3.152721405029297,3.5323824882507324,4.009835243225098,16.999998092651367,27.506065368652344,27.741147994995117
6.7371604442596436,3.153104782104492,3.4625861644744873,4.06275749206543,17.00019073486328,27.506258010864258,27.740957260131836
6.749160289764404,3.1552140712738037,3.387037515640259,4.08289098739624,17.00019073486328,27.506065368652344,27.740957260131836
6.761157035827637,3.156364679336548,3.3300883769989014,4.081932544708252,17.00019073486328,27.506258010864258,27.74134063720703
6.773173093795776,3.1565563678741455,3.2601003646850586,4.084616661071777,17.00019073486328,27.506258010864258,27.740957260131836
6.785169839859009,3.1601996421813965,3.197206974029541,4.092862129211426,16.999614715576172,27.506065368652344,27.741147994995117
6.797159910202026,3.1630756855010986,3.1536800861358643,4.1074347496032715,16.99942398071289,27.506258010864258,27.740957260131836
6.809157609939575,3.1636509895324707,3.0980732440948486,4.1195149421691895,16.99942398071289,27.506065368652344,27.741147994995117
6.8211669921875,3.1657602787017822,3.0499444007873535,4.129677772521973,16.999231338500977,27.506258010864258,27.740957260131836
6.833155632019043,3.1680612564086914,3.018306016921997,4.132362365722656,16.99673843383789,27.506065368652344,27.741147994995117
6.845144748687744,3.1745805740356445,3.0186893939971924,4.122199535369873,16.994245529174805,27.506065368652344,27.741147994995117
6.857154130935669,3.2071778774261475,3.0397818088531494,4.069660663604736,16.981590270996094,27.506258010864258,27.740957260131836
6.869155168533325,3.244760513305664,3.0384395122528076,3.944640874862671,16.975454330444336,27.506258010864258,27.741147994995117
6.881153106689453,3.2577993869781494,3.0390148162841797,3.828824996948242,16.97219467163086,27.505874633789062,27.74134063720703
6.893136024475098,3.2629764080047607,3.039398193359375,3.7335262298583984,16.958580017089844,27.506258010864258,27.741147994995117
6.905135154724121,3.2740979194641113,3.0397818088531494,3.662004232406616,16.941898345947266,27.506258010864258,27.741147994995117
6.917135238647461,3.2854111194610596,3.040740489959717,3.6136837005615234,16.932886123657227,27.506065368652344,27.74134063720703
6.92913293838501,3.291163444519043,3.0428497791290283,3.61099910736084,16.92751693725586,27.506065368652344,27.74134063720703
6.9411914348602295,3.2967240810394287,3.0426580905914307,3.6027541160583496,16.925216674804688,27.506065368652344,27.740957260131836
6.953295946121216,3.3030519485473633,3.0426580905914307,3.5601859092712402,16.925983428955078,27.506258010864258,27.740957260131836
6.9651994705200195,3.306694984436035,3.0440001487731934,3.4809939861297607,16.925600051879883,27.506258010864258,27.741147994995117
6.977202653884888,3.311680555343628,3.047260046005249,3.4029526710510254,16.925024032592773,27.506258010864258,27.741147994995117
6.989199876785278,3.3203091621398926,3.0463011264801025,3.3642194271087646,16.925024032592773,27.506065368652344,27.74134063720703
7.001189470291138,3.3256781101226807,3.0470681190490723,3.3534815311431885,16.924833297729492,27.506065368652344,27.741147994995117
7.013132095336914,3.3287460803985596,3.0464930534362793,3.3523311614990234,16.92540740966797,27.506065368652344,27.740957260131836
7.025179147720337,3.335649013519287,3.046109437942505,3.336991310119629,16.925600051879883,27.506258010864258,27.741147994995117
7.037191390991211,3.3396756649017334,3.046684741973877,3.2957653999328613,16.92540740966797,27.506258010864258,27.741147994995117
7.0491859912872314,3.3438942432403564,3.047260046005249,3.256840467453003,16.925216674804688,27.506258010864258,27.740957260131836
7.06118369102478,3.350797176361084,3.0468764305114746,3.2372822761535645,16.925792694091797,27.506065368652344,27.741147994995117
7.073180675506592,3.359042167663574,3.0470681190490723,3.212163209915161,16.925600051879883,27.506065368652344,27.74134063720703
7.085192918777466,3.3678627014160156,3.047260046005249,3.1705539226531982,16.925792694091797,27.506258010864258,27.741147994995117
7.097184419631958,3.385695219039917,3.0482187271118164,3.12261700630188,16.925792694091797,27.506258010864258,27.741147994995117
7.109186172485352,3.4117729663848877,3.0482187271118164,3.090595006942749,16.925792694091797,27.506258010864258,27.741147994995117
7.121187448501587,3.4342074394226074,3.048410415649414,3.0932796001434326,16.925600051879883,27.506065368652344,27.741147994995117
7.133180618286133,3.452423572540283,3.047835111618042,3.0842673778533936,16.925792694091797,27.506258010864258,27.740957260131836
7.1451873779296875,3.468147039413452,3.0480270385742188,3.0595319271087646,16.925600051879883,27.506258010864258,27.741147994995117
7.157164096832275,3.4806106090545654,3.048410415649414,3.0148544311523438,16.925792694091797,27.506065368652344,27.741147994995117
7.169190406799316,3.4942245483398438,3.0487940311431885,2.949660301208496,16.925600051879883,27.506258010864258,27.741147994995117
7.181179046630859,3.5036203861236572,3.050328016281128,2.886383295059204,16.925600051879883,27.505874633789062,27.741147994995117
7.19316029548645,3.5132076740264893,3.050328016281128,2.842473030090332,16.92540740966797,27.505874633789062,27.741147994995117
7.205131530761719,3.5208775997161865,3.050328016281128,2.7897422313690186,16.92540740966797,27.506065368652344,27.741147994995117
7.217175006866455,3.5318071842193604,3.0499444007873535,2.7337520122528076,16.925983428955078,27.506258010864258,27.740957260131836
7.22915506362915,3.550598621368408,3.049561023712158,2.7047979831695557,16.926366806030273,27.506258010864258,27.741147994995117
7.241157531738281,3.5732247829437256,3.0486021041870117,2.657052755355835,16.926559448242188,27.506258010864258,27.74134063720703
7.253158330917358,3.5912492275238037,3.049561023712158,2.557535409927368,16.927133560180664,27.506258010864258,27.740957260131836
7.265160083770752,3.609657049179077,3.049561023712158,2.4687561988830566,16.926559448242188,27.506258010864258,27.740957260131836
7.2771875858306885,3.632666826248169,3.0493690967559814,2.3968505859375,16.92675018310547,27.506065368652344,27.741147994995117
7.289175271987915,3.649348735809326,3.0487940311431885,2.351598024368286,16.92675018310547,27.506258010864258,27.741147994995117
7.301173686981201,3.6667978763580322,3.0482187271118164,2.296949863433838,16.927900314331055,27.506065368652344,27.741147994995117
7.313174247741699,3.6890406608581543,3.0476434230804443,2.208937406539917,16.929052352905273,27.506065368652344,27.740957260131836
7.32517409324646,3.711667060852051,3.047260046005249,2.143934965133667,16.929052352905273,27.506258010864258,27.740957260131836
7.337182521820068,3.744072437286377,3.04495906829834,2.084301233291626,16.92885971069336,27.506258010864258,27.741147994995117
7.349171876907349,3.7732181549072266,3.0445754528045654,2.005300998687744,16.929243087768555,27.506258010864258,27.740957260131836
7.361182928085327,3.7960360050201416,3.0445754528045654,1.9186309576034546,16.925024032592773,27.506258010864258,27.741147994995117
7.373157262802124,3.8236477375030518,3.044767141342163,1.8306186199188232,16.899139404296875,27.50644874572754,27.740957260131836
7.38517165184021,3.8641066551208496,3.0443837642669678,1.7744364738464355,16.86251449584961,27.506258010864258,27.741147994995117
7.397170782089233,3.8917183876037598,3.0443837642669678,1.7075163125991821,16.830493927001953,27.506258010864258,27.741147994995117
7.409152507781982,3.913961172103882,3.0440001487731934,1.6434725522994995,16.80115509033203,27.506065368652344,27.740957260131836
7.4211719036102295,3.924699068069458,3.045534133911133,1.5846058130264282,16.784666061401367,27.506258010864258,27.74134063720703
7.433147192001343,3.9248907566070557,3.0464930534362793,1.5155766010284424,16.770092010498047,27.506641387939453,27.741147994995117
7.445143938064575,3.9239320755004883,3.048410415649414,1.4701322317123413,16.75283432006836,27.506641387939453,27.741147994995117
7.457137584686279,3.9212474822998047,3.0547380447387695,1.4386855363845825,16.75417709350586,27.506258010864258,27.740957260131836
7.46914529800415,3.9200971126556396,3.052628993988037,1.4103069305419922,16.76894187927246,27.50644874572754,27.740957260131836
7.4811341762542725,3.9208641052246094,3.052628993988037,1.3719573020935059,16.79041862487793,27.506065368652344,27.741147994995117
7.493134498596191,3.919905424118042,3.051478385925293,1.3487557172775269,16.798662185668945,27.506065368652344,27.741147994995117
7.50513768196106,3.910126209259033,3.047835111618042,1.3610275983810425,16.796361923217773,27.506065368652344,27.740957260131836
7.517150640487671,3.895169734954834,3.0457260608673096,1.3721489906311035,16.795978546142578,27.506258010864258,27.740957260131836
7.529148101806641,3.888650417327881,3.0428497791290283,1.3727242946624756,16.796554565429688,27.506258010864258,27.740957260131836
7.541146516799927,3.8863494396209717,3.0415074825286865,1.3729159832000732,16.795978546142578,27.506258010864258,27.740957260131836
7.553141355514526,3.874652862548828,3.0403571128845215,1.3727242946624756,16.79616928100586,27.506065368652344,27.740957260131836
7.565131902694702,3.859696388244629,3.040548801422119,1.3721489906311035,16.79616928100586,27.506065368652344,27.740764617919922
7.577136516571045,3.852410078048706,3.0401651859283447,1.3723407983779907,16.79827880859375,27.506065368652344,27.740957260131836
7.589160442352295,3.852410078048706,3.0395901203155518,1.3725324869155884,16.802305221557617,27.506258010864258,27.740957260131836
7.601131439208984,3.852410078048706,3.0392065048217773,1.3723407983779907,16.802305221557617,27.506065368652344,27.741147994995117
7.613141059875488,3.8489584922790527,3.0367138385772705,1.3727242946624756,16.802305221557617,27.505874633789062,27.741147994995117
7.625128269195557,3.8393712043762207,3.0361385345458984,1.3729159832000732,16.801538467407227,27.505874633789062,27.741147994995117
7.637139081954956,3.8280580043792725,3.036522150039673,1.3727242946624756,16.801538467407227,27.506258010864258,27.741147994995117
7.649141788482666,3.825181722640991,3.035946846008301,1.3727242946624756,16.80173110961914,27.506065368652344,27.740957260131836
7.661147117614746,3.825181722640991,3.035755157470703,1.3729159832000732,16.801921844482422,27.506258010864258,27.740957260131836
7.67313289642334,3.825181722640991,3.035755157470703,1.3725324869155884,16.802114486694336,27.506258010864258,27.740957260131836
7.685137510299683,3.825181722640991,3.035755157470703,1.3725324869155884,16.802114486694336,27.506065368652344,27.741147994995117
7.697122812271118,3.825181722640991,3.035755157470703,1.3727242946624756,16.80173110961914,27.506258010864258,27.740957260131836
7.7091453075408936,3.8249900341033936,3.0361385345458984,1.3727242946624756,16.80173110961914,27.506065368652344,27.741147994995117
7.721079111099243,3.825181722640991,3.035946846008301,1.3727242946624756,16.801538467407227,27.506258010864258,27.741147994995117
7.733110427856445,3.8255653381347656,3.0361385345458984,1.3727242946624756,16.801538467407227,27.506065368652344,27.741147994995117
7.745121002197266,3.825948715209961,3.0361385345458984,1.3727242946624756,16.80173110961914,27.506065368652344,27.740957260131836
7.7571094036102295,3.8255653381347656,3.035755157470703,1.3727242946624756,16.801538467407227,27.506065368652344,27.740957260131836
7.769104957580566,3.8255653381347656,3.035755157470703,1.3727242946624756,16.80173110961914,27.506065368652344,27.740957260131836
7.78110408782959,3.8255653381347656,3.035946846008301,1.3727242946624756,16.80173110961914,27.506065368652344,27.740957260131836
7.793103933334351,3.8257570266723633,3.035946846008301,1.3727242946624756,16.801538467407227,27.506258010864258,27.740957260131836
7.80510139465332,3.825948715209961,3.035755157470703,1.3727242946624756,16.80173110961914,27.506065368652344,27.740957260131836
