timestamp,goal_image,similarity_score,curr_j0,curr_j1,curr_j2,curr_j3,curr_j4,curr_j5,cmd_j0,cmd_j1,cmd_j2,cmd_j3,cmd_j4,cmd_j5,step_diff_j0,step_diff_j1,step_diff_j2,step_diff_j3,step_diff_j4,step_diff_j5
1769718814.579927,goal2.png,0.7468253374099731,-0.5506773591041565,-1.3502635955810547,-1.523533582687378,0.9921219348907471,1.3811311721801758,3.027876615524292,-0.5608463287353516,-1.1502635478973389,-1.722065806388855,1.0762996673583984,1.18113112449646,2.9345014095306396,-0.010168969631195068,0.20000000298023224,-0.19853222370147705,0.08417773246765137,-0.20000000298023224,-0.09337520599365234
1769718814.632421,goal2.png,0.7513471841812134,-0.550768256187439,-1.3502635955810547,-1.5234124660491943,0.9920916557312012,1.3811311721801758,3.027876615524292,-0.5614193677902222,-1.1502635478973389,-1.7219195365905762,1.0764312744140625,1.18113112449646,2.934864044189453,-0.010651111602783203,0.20000000298023224,-0.19850707054138184,0.08433961868286133,-0.20000000298023224,-0.09301257133483887
1769718814.732692,goal2.png,0.7141498327255249,-0.5541609525680542,-1.3307251930236816,-1.547131061553955,1.0262610912322998,1.334557294845581,3.0285582542419434,-0.5636177062988281,-1.1307251453399658,-1.725408673286438,1.0830836296081543,1.1345572471618652,2.9388351440429688,-0.009456753730773926,0.20000000298023224,-0.1782776117324829,0.05682253837585449,-0.20000000298023224,-0.08972311019897461
1769718814.8324635,goal2.png,0.7200819253921509,-0.5580080151557922,-1.292951226234436,-1.5863592624664307,1.0634292364120483,1.2747005224227905,3.0199553966522217,-0.5638360977172852,-1.0929511785507202,-1.744042992591858,1.104548454284668,1.0747004747390747,2.952479839324951,-0.00582808256149292,0.20000000298023224,-0.15768373012542725,0.04111921787261963,-0.20000000298023224,-0.06747555732727051
1769718814.9326339,goal2.png,0.6922547817230225,-0.564157247543335,-1.2557224035263062,-1.6324635744094849,1.0777876377105713,1.2167367935180664,3.006490468978882,-0.559571385383606,-1.0557223558425903,-1.7766656875610352,1.1419175863265991,1.0167367458343506,2.9744162559509277,0.004585862159729004,0.20000000298023224,-0.1442021131515503,0.06412994861602783,-0.20000000298023224,-0.0320742130279541
1769718815.0327427,goal2.png,0.6778572201728821,-0.5644904971122742,-1.2204928398132324,-1.6744784116744995,1.0990221500396729,1.1489434242248535,3.0038249492645264,-0.5478695631027222,-1.0204927921295166,-1.8237743377685547,1.1943719387054443,0.9489434361457825,3.0059711933135986,0.016620934009552002,0.20000000298023224,-0.14929592609405518,0.09534978866577148,-0.20000000298023224,0.0021462440490722656
1769718815.1332433,goal2.png,0.6738786697387695,-0.5605828166007996,-1.181900978088379,-1.7209765911102295,1.134887933731079,1.0730620622634888,3.0035219192504883,-0.5102922320365906,-0.9819009900093079,-1.8823812007904053,1.2598315477371216,0.8730620741844177,3.0410194396972656,0.050290584564208984,0.20000000298023224,-0.16140460968017578,0.12494361400604248,-0.20000000298023224,0.037497520446777344
1769718815.2324066,goal2.png,0.6739883422851562,-0.5470725893974304,-1.1447327136993408,-1.7646878957748413,1.1797200441360474,1.002421259880066,3.0044307708740234,-0.4173811376094818,-0.9447327256202698,-1.9357854127883911,1.3506896495819092,0.8024212718009949,3.051386833190918,0.1296914517879486,0.20000000298023224,-0.1710975170135498,0.17096960544586182,-0.20000000298023224,0.04695606231689453
1769718815.3321807,goal2.png,0.5320566296577454,-0.5185073018074036,-1.1031419038772583,-1.8065210580825806,1.235457181930542,0.9323408007621765,3.003476619720459,-0.3185073137283325,-0.9031419157981873,-1.9544079303741455,1.4354572296142578,0.7323408126831055,3.00347900390625,0.20000000298023224,0.20000000298023224,-0.14788687229156494,0.20000000298023224,-0.20000000298023224,2.384185791015625e-06
1769718815.4325328,goal2.png,0.4964766502380371,-0.4763106107711792,-1.0625203847885132,-1.8485662937164307,1.2919214963912964,0.8637749552726746,3.0066421031951904,-0.27631062269210815,-0.8625203967094421,-1.9341363906860352,1.4919215440750122,0.6637749671936035,2.919358253479004,0.20000000298023224,0.20000000298023224,-0.08557009696960449,0.20000000298023224,-0.20000000298023224,-0.08728384971618652
1769718815.5326562,goal2.png,0.4672949016094208,-0.4285402297973633,-1.015446662902832,-1.8930954933166504,1.3514753580093384,0.7890750169754028,3.005854368209839,-0.22854022681713104,-0.815446674823761,-1.893945336341858,1.5514754056930542,0.5890750288963318,2.825777292251587,0.20000000298023224,0.20000000298023224,-0.0008498430252075195,0.20000000298023224,-0.20000000298023224,-0.18007707595825195
1769718815.6320539,goal2.png,0.5109421014785767,-0.3876763880252838,-0.9708569049835205,-1.931051254272461,1.4074246883392334,0.7364882826805115,2.9889817237854004,-0.18767638504505157,-0.7708569169044495,-1.866080641746521,1.6074247360229492,0.5364882946014404,2.7889816761016846,0.20000000298023224,0.20000000298023224,0.06497061252593994,0.20000000298023224,-0.20000000298023224,-0.20000000298023224
1769718815.7322793,goal2.png,0.38437408208847046,-0.3474486470222473,-0.9343248605728149,-1.9076356887817383,1.4635252952575684,0.70525723695755,2.949662923812866,-0.14744864404201508,-0.7343248724937439,-1.845447301864624,1.6635253429412842,0.505257248878479,2.7496628761291504,0.20000000298023224,0.20000000298023224,0.06218838691711426,0.20000000298023224,-0.20000000298023224,-0.20000000298023224
1769718815.832564,goal2.png,0.4743526577949524,-0.304555207490921,-0.888523280620575,-1.8782826662063599,1.5185961723327637,0.668861448764801,2.917447328567505,-0.10455520451068878,-0.700025737285614,-1.8196873664855957,1.6868224143981934,0.46886146068573,2.717447280883789,0.20000000298023224,0.18849754333496094,0.05859529972076416,0.1682262420654297,-0.20000000298023224,-0.20000000298023224
1769718815.933668,goal2.png,0.3922329246997833,-0.25775420665740967,-0.8406318426132202,-1.8567754030227661,1.5792405605316162,0.6315417885780334,2.8785524368286133,-0.05775420367717743,-0.6671328544616699,-1.7735084295272827,1.6668051481246948,0.43374544382095337,2.6785523891448975,0.20000000298023224,0.1734989881515503,0.0832669734954834,0.08756458759307861,-0.19779634475708008,-0.20000000298023224
1769718816.0330071,goal2.png,0.43380478024482727,-0.21849583089351654,-0.8043723106384277,-1.8319966793060303,1.6354928016662598,0.5962668061256409,2.84379243850708,-0.018495827913284302,-0.6428419351577759,-1.743558406829834,1.6545040607452393,0.41321825981140137,2.6437923908233643,0.20000000298023224,0.16153037548065186,0.08843827247619629,0.019011259078979492,-0.1830485463142395,-0.20000000298023224
1769718816.1328516,goal2.png,0.43824732303619385,-0.17684435844421387,-0.7602671980857849,-1.7954646348953247,1.6679656505584717,0.562506377696991,2.8078510761260986,0.02315564453601837,-0.6215174794197083,-1.717700481414795,1.647927165031433,0.4023425877094269,2.607851028442383,0.20000000298023224,0.13874971866607666,0.07776415348052979,-0.020038485527038574,-0.1601637899875641,-0.20000000298023224
1769718816.2324297,goal2.png,0.4368733763694763,-0.12964953482151031,-0.7110731601715088,-1.7592353820800781,1.6572725772857666,0.5317449569702148,2.763761043548584,0.05858407914638519,-0.600001335144043,-1.7072758674621582,1.6620017290115356,0.3931107819080353,2.563760995864868,0.1882336139678955,0.11107182502746582,0.05195951461791992,0.004729151725769043,-0.13863417506217957,-0.20000000298023224
1769718816.3321762,goal2.png,0.4689198434352875,-0.08711965382099152,-0.6727538108825684,-1.7371524572372437,1.6525471210479736,0.5076173543930054,2.717641592025757,0.0752488523721695,-0.5763711929321289,-1.7027406692504883,1.6913394927978516,0.3916124701499939,2.517641544342041,0.162368506193161,0.09638261795043945,0.03441178798675537,0.03879237174987793,-0.11600488424301147,-0.20000000298023224
1769718816.4322116,goal2.png,0.44243377447128296,-0.04722511023283005,-0.635434091091156,-1.7210068702697754,1.6605744361877441,0.4888666570186615,2.667235851287842,0.0812951996922493,-0.5542322397232056,-1.7014116048812866,1.7331933975219727,0.3941440284252167,2.467235803604126,0.12852030992507935,0.08120185136795044,0.01959526538848877,0.07261896133422852,-0.09472262859344482,-0.20000000298023224
1769718816.5332203,goal2.png,0.4942140579223633,-0.0048164320178329945,-0.6093829870223999,-1.7144638299942017,1.6856259107589722,0.4732814431190491,2.6123316287994385,0.08832162618637085,-0.5279611349105835,-1.6943824291229248,1.7891957759857178,0.3824831247329712,2.4123315811157227,0.09313806146383286,0.0814218521118164,0.020081400871276855,0.1035698652267456,-0.09079831838607788,-0.20000000298023224
1769718816.6326551,goal2.png,0.4923708438873291,0.04189379885792732,-0.5913593173027039,-1.711525559425354,1.7228243350982666,0.4619370996952057,2.5485217571258545,0.10139237344264984,-0.5069449543952942,-1.6851239204406738,1.8376877307891846,0.3773452341556549,2.3759207725524902,0.05949857458472252,0.08441436290740967,0.026401638984680176,0.11486339569091797,-0.08459186553955078,-0.17260098457336426
1769718816.732623,goal2.png,0.5048383474349976,0.0831514373421669,-0.5673075914382935,-1.7055882215499878,1.7714126110076904,0.4480331242084503,2.4924514293670654,0.11288155615329742,-0.49130362272262573,-1.6822843551635742,1.8631870746612549,0.3855434060096741,2.361301898956299,0.029730118811130524,0.07600396871566772,0.023303866386413574,0.09177446365356445,-0.062489718198776245,-0.1311495304107666
1769718816.8324592,goal2.png,0.48441967368125916,0.10238680988550186,-0.5420441031455994,-1.6969550848007202,1.819970726966858,0.43038806319236755,2.440364360809326,0.1216408759355545,-0.48790442943573,-1.6977616548538208,1.861969232559204,0.4093148708343506,2.379976272583008,0.019254066050052643,0.054139673709869385,-0.0008065700531005859,0.04199850559234619,-0.021073192358016968,-0.06038808822631836
1769718816.9318428,goal2.png,0.4944778382778168,0.10983864963054657,-0.524505078792572,-1.6929564476013184,1.848899483680725,0.40671485662460327,2.3938510417938232,0.12412422150373459,-0.4880121946334839,-1.7134802341461182,1.8445274829864502,0.43662527203559875,2.4030206203460693,0.014285571873188019,0.036492884159088135,-0.020523786544799805,-0.004372000694274902,0.029910415410995483,0.009169578552246094
1769718817.032016,goal2.png,0.4983399212360382,0.1158667579293251,-0.5171136856079102,-1.7019532918930054,1.8568965196609497,0.4051397144794464,2.3801591396331787,0.12546926736831665,-0.4867275655269623,-1.7201554775238037,1.822541356086731,0.4566543698310852,2.413022994995117,0.009602509438991547,0.030386120080947876,-0.01820218563079834,-0.03435516357421875,0.051514655351638794,0.03286385536193848
1769718817.132856,goal2.png,0.5053790807723999,0.12328824400901794,-0.5149024724960327,-1.7148879766464233,1.84659743309021,0.42885833978652954,2.3982737064361572,0.128157377243042,-0.4848361611366272,-1.7208689451217651,1.806654453277588,0.46878141164779663,2.4131643772125244,0.004869133234024048,0.030066311359405518,-0.005980968475341797,-0.03994297981262207,0.03992307186126709,0.014890670776367188
1769718817.2319143,goal2.png,0.5051229000091553,0.12755943834781647,-0.5136604309082031,-1.7223397493362427,1.8300881385803223,0.44756361842155457,2.4086790084838867,0.12905548512935638,-0.4861287474632263,-1.7233250141143799,1.7978503704071045,0.471541166305542,2.4144747257232666,0.001496046781539917,0.027531683444976807,-0.000985264778137207,-0.03223776817321777,0.023977547883987427,0.005795717239379883
1769718817.3326,goal2.png,0.515753984451294,0.12683244049549103,-0.5118733048439026,-1.725974678993225,1.8135488033294678,0.4628155827522278,2.4122684001922607,0.12654024362564087,-0.4883497655391693,-1.7269532680511475,1.7924469709396362,0.46586093306541443,2.4152040481567383,-0.0002921968698501587,0.023523539304733276,-0.0009785890579223633,-0.021101832389831543,0.0030453503131866455,0.002935647964477539
1769718817.432645,goal2.png,0.5057862997055054,0.12704448401927948,-0.5117520689964294,-1.7289434671401978,1.8025225400924683,0.4677683711051941,2.413919448852539,0.12249160557985306,-0.48988789319992065,-1.7320213317871094,1.7887904644012451,0.4563736319541931,2.4181532859802246,-0.004552878439426422,0.02186417579650879,-0.003077864646911621,-0.013732075691223145,-0.011394739151000977,0.004233837127685547
1769718817.533959,goal2.png,0.521878719329834,0.12868019938468933,-0.5127213597297668,-1.7325783967971802,1.7951617240905762,0.46599626541137695,2.414964437484741,0.11781802773475647,-0.49211061000823975,-1.737485647201538,1.7866160869598389,0.4471997618675232,2.422844886779785,-0.010862171649932861,0.0206107497215271,-0.00490725040435791,-0.008545637130737305,-0.01879650354385376,0.007880449295043945
1769718817.6326017,goal2.png,0.5233594179153442,0.1255904734134674,-0.513690710067749,-1.73703134059906,1.7913144826889038,0.45972582697868347,2.417509078979492,0.11438591033220291,-0.49547094106674194,-1.7423558235168457,1.7831226587295532,0.4396556615829468,2.4281558990478516,-0.011204563081264496,0.01821976900100708,-0.0053244829177856445,-0.008191823959350586,-0.020070165395736694,0.010646820068359375
1769718817.7326045,goal2.png,0.5146361589431763,0.1185930147767067,-0.5154174566268921,-1.7413630485534668,1.7884974479675293,0.4509563148021698,2.4219467639923096,0.11025622487068176,-0.49927520751953125,-1.7460267543792725,1.775517225265503,0.4360654950141907,2.4301764965057373,-0.008336789906024933,0.01614224910736084,-0.004663705825805664,-0.012980222702026367,-0.014890819787979126,0.008229732513427734
1769718817.8325543,goal2.png,0.5227010250091553,0.11535172909498215,-0.5186282992362976,-1.7461189031600952,1.7848321199417114,0.4430501163005829,2.4266419410705566,0.1088666170835495,-0.5049748420715332,-1.7475132942199707,1.7675330638885498,0.4358399510383606,2.4318583011627197,-0.006485112011432648,0.013653457164764404,-0.0013943910598754883,-0.01729905605316162,-0.00721016526222229,0.005216360092163086
1769718817.9328127,goal2.png,0.5178330540657043,0.11392807215452194,-0.5221725702285767,-1.7495115995407104,1.7790462970733643,0.4384608566761017,2.429474353790283,0.10825423151254654,-0.5117049813270569,-1.7494115829467773,1.7634350061416626,0.4317687153816223,2.4352235794067383,-0.005673840641975403,0.010467588901519775,0.00010001659393310547,-0.01561129093170166,-0.00669214129447937,0.005749225616455078
1769718818.0326967,goal2.png,0.5330162048339844,0.11071707308292389,-0.5273826718330383,-1.7518441677093506,1.7712914943695068,0.43659788370132446,2.4314584732055664,0.10882896184921265,-0.5200087428092957,-1.7513797283172607,1.7700817584991455,0.4187326729297638,2.4412002563476562,-0.0018881112337112427,0.007373929023742676,0.00046443939208984375,-0.0012097358703613281,-0.01786521077156067,0.009741783142089844
1769718818.1324868,goal2.png,0.510545015335083,0.10850576311349869,-0.5349859595298767,-1.7541764974594116,1.7664146423339844,0.43338698148727417,2.434366464614868,0.1083744615316391,-0.5270127058029175,-1.7550675868988037,1.7811923027038574,0.40145179629325867,2.4492297172546387,-0.00013130158185958862,0.007973253726959229,-0.0008910894393920898,0.014777660369873047,-0.0319351851940155,0.014863252639770508
1769718818.2332892,goal2.png,0.5026875138282776,0.10941454023122787,-0.5428315997123718,-1.7566605806350708,1.7692316770553589,0.4209975600242615,2.440455198287964,0.11021651327610016,-0.5342837572097778,-1.7561395168304443,1.7933740615844727,0.3869459927082062,2.4544565677642822,0.0008019730448722839,0.008547842502593994,0.0005210638046264648,0.02414238452911377,-0.0340515673160553,0.01400136947631836
1769718818.332365,goal2.png,0.4888140857219696,0.1101718321442604,-0.5491020083427429,-1.7595685720443726,1.7779861688613892,0.40735098719596863,2.446831703186035,0.11298371106386185,-0.5426892042160034,-1.7560145854949951,1.8031306266784668,0.3762313425540924,2.4554357528686523,0.0028118789196014404,0.006412804126739502,0.0035539865493774414,0.025144457817077637,-0.03111964464187622,0.008604049682617188
1769718818.4328485,goal2.png,0.49923649430274963,0.11011126637458801,-0.5570386052131653,-1.7612649202346802,1.788527488708496,0.39353787899017334,2.4521327018737793,0.11487004160881042,-0.5502119660377502,-1.7510387897491455,1.816770076751709,0.36572664976119995,2.446565628051758,0.004758775234222412,0.006826639175415039,0.010226130485534668,0.02824258804321289,-0.02781122922897339,-0.005567073822021484
1769718818.533772,goal2.png,0.4891512989997864,0.11168641597032547,-0.5661866664886475,-1.76177978515625,1.7993723154067993,0.3804820775985718,2.4536170959472656,0.1174655556678772,-0.5581071376800537,-1.743713617324829,1.8402349948883057,0.3523372411727905,2.4358036518096924,0.005779139697551727,0.00807952880859375,0.0180661678314209,0.04086267948150635,-0.02814483642578125,-0.017813444137573242
1769718818.6322403,goal2.png,0.48615288734436035,0.11477620899677277,-0.57306307554245,-1.759265661239624,1.812518835067749,0.3702585995197296,2.4490277767181396,0.12531206011772156,-0.5659244656562805,-1.7338238954544067,1.8694186210632324,0.34273216128349304,2.426288604736328,0.010535851120948792,0.007138609886169434,0.025441765785217285,0.0568997859954834,-0.027526438236236572,-0.022739171981811523
1769718818.7325506,goal2.png,0.49091872572898865,0.117714524269104,-0.5801209807395935,-1.7539039850234985,1.8321479558944702,0.3579145669937134,2.4398341178894043,0.13807718455791473,-0.5705553293228149,-1.722760558128357,1.8937640190124512,0.3370351791381836,2.417462110519409,0.02036266028881073,0.009565651416778564,0.0311434268951416,0.06161606311798096,-0.020879387855529785,-0.022372007369995117
1769718818.8320556,goal2.png,0.4966769218444824,0.12292478233575821,-0.5876637697219849,-1.745543360710144,1.857956886291504,0.3477819263935089,2.43033766746521,0.15019598603248596,-0.572611391544342,-1.7110538482666016,1.9121036529541016,0.33459198474884033,2.407540798187256,0.027271203696727753,0.015052378177642822,0.03448951244354248,0.054146766662597656,-0.013189941644668579,-0.0227968692779541
1769718818.932469,goal2.png,0.4979255199432373,0.13510213792324066,-0.5939947962760925,-1.7355470657348633,1.8846741914749146,0.33973944187164307,2.4209320545196533,0.1593300700187683,-0.5734784007072449,-1.700617790222168,1.9267159700393677,0.33767372369766235,2.3973681926727295,0.02422793209552765,0.020516395568847656,0.03492927551269531,0.042041778564453125,-0.002065718173980713,-0.023563861846923828
1769718819.032899,goal2.png,0.49975651502609253,0.14761266112327576,-0.5963878631591797,-1.7244601249694824,1.9035460948944092,0.3359832465648651,2.412238121032715,0.16326749324798584,-0.5738756656646729,-1.6940994262695312,1.929534673690796,0.3503831624984741,2.3875699043273926,0.015654832124710083,0.022512197494506836,0.030360698699951172,0.02598857879638672,0.014399915933609009,-0.024668216705322266
1769718819.1324692,goal2.png,0.4980531930923462,0.15724553167819977,-0.5973572134971619,-1.7144032716751099,1.9196916818618774,0.33836108446121216,2.402226686477661,0.1673346757888794,-0.5738875865936279,-1.6858272552490234,1.920078992843628,0.3678026795387268,2.3775827884674072,0.010089144110679626,0.023469626903533936,0.028576016426086426,0.0003873109817504883,0.02944159507751465,-0.024643898010253906
1769718819.232492,goal2.png,0.49454233050346375,0.16121375560760498,-0.5983568429946899,-1.7070119380950928,1.9258108139038086,0.3471609652042389,2.3928210735321045,0.1692495197057724,-0.5749230980873108,-1.6774150133132935,1.9082612991333008,0.3799396753311157,2.3679075241088867,0.00803576409816742,0.02343374490737915,0.029596924781799316,-0.017549514770507812,0.03277871012687683,-0.024913549423217773
1769718819.3322854,goal2.png,0.4850720167160034,0.16527289152145386,-0.5989323258399963,-1.6977123022079468,1.922508955001831,0.36148905754089355,2.3818554878234863,0.16618594527244568,-0.5751078128814697,-1.6721692085266113,1.895757794380188,0.3913598358631134,2.3587028980255127,0.0009130537509918213,0.02382451295852661,0.02554309368133545,-0.026751160621643066,0.02987077832221985,-0.023152589797973633
1769718819.4327183,goal2.png,0.4864000678062439,0.168695867061615,-0.5990534424781799,-1.689624547958374,1.9129972457885742,0.37406015396118164,2.3717682361602783,0.1562570035457611,-0.5757313966751099,-1.6745119094848633,1.878756046295166,0.39988964796066284,2.355759620666504,-0.012438863515853882,0.02332204580307007,0.015112638473510742,-0.0342411994934082,0.0258294939994812,-0.016008615493774414
1769718819.534302,goal2.png,0.488258957862854,0.16796886920928955,-0.5995381474494934,-1.6845051050186157,1.9007896184921265,0.38564684987068176,2.3626351356506348,0.14452432096004486,-0.5778495073318481,-1.6814041137695312,1.8570799827575684,0.40400150418281555,2.3565258979797363,-0.02344454824924469,0.021688640117645264,0.0031009912490844727,-0.043709635734558105,0.01835465431213379,-0.0061092376708984375
1769718819.6318886,goal2.png,0.47946152091026306,0.1601535528898239,-0.5998108386993408,-1.6839295625686646,1.88631010055542,0.39438605308532715,2.3581368923187256,0.13351279497146606,-0.5828250646591187,-1.6896039247512817,1.8391281366348267,0.40050041675567627,2.360450506210327,-0.02664075791835785,0.016985774040222168,-0.0056743621826171875,-0.04718196392059326,0.006114363670349121,0.0023136138916015625
1769718819.732317,goal2.png,0.48478585481643677,0.1486729383468628,-0.6008407473564148,-1.6867769956588745,1.8660448789596558,0.4003535807132721,2.357016086578369,0.12551139295101166,-0.5877683162689209,-1.6977158784866333,1.8285173177719116,0.39214998483657837,2.364922046661377,-0.023161545395851135,0.013072431087493896,-0.010938882827758789,-0.03752756118774414,-0.008203595876693726,0.007905960083007812
1769718819.8335195,goal2.png,0.48133721947669983,0.1384342610836029,-0.6039607524871826,-1.6925628185272217,1.8471124172210693,0.4002172648906708,2.3592121601104736,0.11783593893051147,-0.5917292833328247,-1.705384373664856,1.8234819173812866,0.3793797492980957,2.3699300289154053,-0.02059832215309143,0.01223146915435791,-0.012821555137634277,-0.023630499839782715,-0.020837515592575073,0.01071786880493164
1769718819.9337213,goal2.png,0.47265103459358215,0.1301342099905014,-0.608716607093811,-1.6995601654052734,1.8352985382080078,0.39484041929244995,2.3634681701660156,0.10870327055454254,-0.5949069261550903,-1.7132728099822998,1.8217504024505615,0.36299383640289307,2.375293493270874,-0.021430939435958862,0.013809680938720703,-0.013712644577026367,-0.013548135757446289,-0.031846582889556885,0.011825323104858398
1769718820.0330691,goal2.png,0.49231329560279846,0.12207656353712082,-0.6145629286766052,-1.7074966430664062,1.8275738954544067,0.38491982221603394,2.3677847385406494,0.1019635871052742,-0.5970921516418457,-1.7184789180755615,1.823836326599121,0.3449513912200928,2.3780477046966553,-0.02011297643184662,0.01747077703475952,-0.010982275009155273,-0.0037375688552856445,-0.03996843099594116,0.01026296615600586
1769718820.1327415,goal2.png,0.48427891731262207,0.11295872926712036,-0.6203487515449524,-1.7157663106918335,1.8236360549926758,0.36977383494377136,2.3733584880828857,0.10031509399414062,-0.6003644466400146,-1.7224280834197998,1.8333255052566528,0.32529228925704956,2.3823180198669434,-0.012643635272979736,0.019984304904937744,-0.006661772727966309,0.00968945026397705,-0.0444815456867218,0.008959531784057617
1769718820.2328203,goal2.png,0.5009869933128357,0.1061430498957634,-0.6238020062446594,-1.721127986907959,1.8239388465881348,0.3520379066467285,2.3774328231811523,0.10480426251888275,-0.6059529781341553,-1.723801612854004,1.8531047105789185,0.30698415637016296,2.386578321456909,-0.0013387873768806458,0.01784902811050415,-0.002673625946044922,0.02916586399078369,-0.04505375027656555,0.009145498275756836
1769718820.332681,goal2.png,0.496614545583725,0.10229595750570297,-0.6253771185874939,-1.7256416082382202,1.8300881385803223,0.3342262804508209,2.38124942779541,0.11748450249433517,-0.6129123568534851,-1.7234883308410645,1.87893807888031,0.298434317111969,2.3956100940704346,0.015188544988632202,0.012464761734008789,0.0021532773971557617,0.04884994029998779,-0.03579196333885193,0.014360666275024414
1769718820.4323874,goal2.png,0.4987471103668213,0.10435577481985092,-0.6295877695083618,-1.7283072471618652,1.8465368747711182,0.31536951661109924,2.385566234588623,0.13383366167545319,-0.61663818359375,-1.71920645236969,1.90176522731781,0.30069899559020996,2.4006755352020264,0.029477886855602264,0.012949585914611816,0.009100794792175293,0.055228352546691895,-0.014670521020889282,0.01510930061340332
1769718820.5348027,goal2.png,0.5008950233459473,0.11414005607366562,-0.635434091091156,-1.7288525104522705,1.8695284128189087,0.3047976791858673,2.392775535583496,0.1507965624332428,-0.6160145998001099,-1.711531162261963,1.92156183719635,0.3059765696525574,2.3994266986846924,0.03665650635957718,0.019419491291046143,0.017321348190307617,0.052033424377441406,0.0011788904666900635,0.006651163101196289
1769718820.6321788,goal2.png,0.5024781227111816,0.12861962616443634,-0.6404927968978882,-1.7273681163787842,1.8913688659667969,0.30178356170654297,2.3975770473480225,0.16780725121498108,-0.6132411360740662,-1.7017804384231567,1.9398212432861328,0.3090750277042389,2.3934714794158936,0.03918762505054474,0.02725166082382202,0.02558767795562744,0.04845237731933594,0.007291465997695923,-0.004105567932128906
1769718820.7326756,goal2.png,0.5110572576522827,0.14455322921276093,-0.6424921751022339,-1.72206711769104,1.9110889434814453,0.30419185757637024,2.3989551067352295,0.18340104818344116,-0.6110369563102722,-1.6899768114089966,1.9580079317092896,0.3121281862258911,2.3866381645202637,0.03884781897068024,0.03145521879196167,0.03209030628204346,0.04691898822784424,0.007936328649520874,-0.01231694221496582
1769718820.832762,goal2.png,0.513428807258606,0.16209223866462708,-0.641280472278595,-1.7139489650726318,1.9312330484390259,0.3076450526714325,2.395289897918701,0.1951616406440735,-0.6083247065544128,-1.6794700622558594,1.9715992212295532,0.31943902373313904,2.377434730529785,0.03306940197944641,0.03295576572418213,0.03447890281677246,0.040366172790527344,0.011793971061706543,-0.017855167388916016
1769718820.9329298,goal2.png,0.5094716548919678,0.17687472701072693,-0.6393114924430847,-1.7040131092071533,1.9495294094085693,0.3105834424495697,2.390625,0.20362231135368347,-0.6044579744338989,-1.6694749593734741,1.9782674312591553,0.3287509083747864,2.36795973777771,0.026747584342956543,0.03485351800918579,0.0345381498336792,0.028738021850585938,0.018167465925216675,-0.02266526222229004
1769718821.0327756,goal2.png,0.5086039304733276,0.19014261662960052,-0.6366458535194397,-1.6920174360275269,1.9647057056427002,0.3175656795501709,2.381370782852173,0.20942266285419464,-0.6011940240859985,-1.660477876663208,1.9759876728057861,0.33967554569244385,2.3609936237335205,0.019280046224594116,0.03545182943344116,0.03153955936431885,0.011281967163085938,0.02210986614227295,-0.020377159118652344
1769718821.1329808,goal2.png,0.5113815069198608,0.19968456029891968,-0.6334348320960999,-1.6832327842712402,1.9738537073135376,0.32533565163612366,2.3730251789093018,0.20977476239204407,-0.599448025226593,-1.653157114982605,1.9699997901916504,0.3474990129470825,2.3546481132507324,0.01009020209312439,0.033986806869506836,0.030075669288635254,-0.003853917121887207,0.022163361310958862,-0.018377065658569336
1769718821.2334628,goal2.png,0.5096914172172546,0.20743930339813232,-0.6302238702774048,-1.6744178533554077,1.9751867055892944,0.3347715139389038,2.3644070625305176,0.2027439922094345,-0.5978211760520935,-1.6528139114379883,1.9533568620681763,0.35936644673347473,2.351506471633911,-0.004695311188697815,0.03240269422531128,0.021603941917419434,-0.021829843521118164,0.024594932794570923,-0.012900590896606445
1769718821.3325047,goal2.png,0.4885033369064331,0.21010500192642212,-0.6285881400108337,-1.665693759918213,1.9727027416229248,0.34255653619766235,2.3581366539001465,0.18946005403995514,-0.595798671245575,-1.659052848815918,1.9296585321426392,0.37210923433303833,2.351327419281006,-0.02064494788646698,0.03278946876525879,0.006640911102294922,-0.043044209480285645,0.029552698135375977,-0.006809234619140625
1769718821.432319,goal2.png,0.4922506511211395,0.20507651567459106,-0.6272249817848206,-1.6629068851470947,1.9587079286575317,0.35449162125587463,2.353562593460083,0.17403225600719452,-0.5953359603881836,-1.6686608791351318,1.904398798942566,0.3800163269042969,2.354505777359009,-0.031044259667396545,0.03188902139663696,-0.005753993988037109,-0.05430912971496582,0.02552470564842224,0.0009431838989257812
1769718821.5326426,goal2.png,0.4969862699508667,0.19398963451385498,-0.6254984140396118,-1.6652090549468994,1.9383819103240967,0.3662145137786865,2.352320671081543,0.1618160903453827,-0.5972585678100586,-1.6763581037521362,1.8809205293655396,0.3817425072193146,2.3562421798706055,-0.03217354416847229,0.028239846229553223,-0.011149048805236816,-0.05746138095855713,0.015527993440628052,0.0039215087890625
1769718821.632816,goal2.png,0.4926224648952484,0.18038855493068695,-0.6244381070137024,-1.6722066402435303,1.9154813289642334,0.37533247470855713,2.3540472984313965,0.15173353254795074,-0.600918710231781,-1.6851661205291748,1.8629571199417114,0.37746375799179077,2.36076021194458,-0.028655022382736206,0.023519396781921387,-0.012959480285644531,-0.05252420902252197,0.0021312832832336426,0.006712913513183594
1769718821.7324908,goal2.png,0.49201077222824097,0.1663331538438797,-0.6247410774230957,-1.6800521612167358,1.8908840417861938,0.3794218599796295,2.3560163974761963,0.14194318652153015,-0.6053357124328613,-1.693660020828247,1.8495457172393799,0.3689936399459839,2.3657784461975098,-0.02438996732234955,0.019405364990234375,-0.01360785961151123,-0.041338324546813965,-0.01042822003364563,0.009762048721313477
1769718821.832426,goal2.png,0.48508548736572266,0.15645796060562134,-0.6265888810157776,-1.687231421470642,1.8718003034591675,0.37810415029525757,2.3590304851531982,0.13300295174121857,-0.6100267171859741,-1.7019745111465454,1.843782663345337,0.3532787561416626,2.37060546875,-0.02345500886440277,0.016562163829803467,-0.01474308967590332,-0.028017640113830566,-0.02482539415359497,0.011574983596801758
1769718821.9324713,goal2.png,0.478701651096344,0.14718863368034363,-0.6296483278274536,-1.6943801641464233,1.856987476348877,0.3723032772541046,2.3641042709350586,0.12710890173912048,-0.6156541109085083,-1.7099037170410156,1.8443901538848877,0.3371726870536804,2.377166748046875,-0.020079731941223145,0.013994216918945312,-0.015523552894592285,-0.012597322463989258,-0.035130590200424194,0.013062477111816406
1769718822.0329962,goal2.png,0.4821661710739136,0.13737399876117706,-0.6336771249771118,-1.7038617134094238,1.8475968837738037,0.3588990867137909,2.369117498397827,0.1236666664481163,-0.6207352876663208,-1.7176440954208374,1.8486685752868652,0.322508841753006,2.3852758407592773,-0.01370733231306076,0.012941837310791016,-0.013782382011413574,0.0010716915130615234,-0.03639024496078491,0.016158342361450195
1769718822.132525,goal2.png,0.491166889667511,0.1301039308309555,-0.6387359499931335,-1.7123130559921265,1.8460520505905151,0.3438742756843567,2.3749337196350098,0.12564605474472046,-0.6236889362335205,-1.7223327159881592,1.8581336736679077,0.30974242091178894,2.3907947540283203,-0.004457876086235046,0.015047013759613037,-0.010019659996032715,0.012081623077392578,-0.03413185477256775,0.015861034393310547
1769718822.2324266,goal2.png,0.491825133562088,0.12643860280513763,-0.6450366973876953,-1.7193106412887573,1.8474456071853638,0.3290918171405792,2.383051872253418,0.13849221169948578,-0.6263289451599121,-1.7238296270370483,1.8769543170928955,0.30550840497016907,2.397582530975342,0.012053608894348145,0.018707752227783203,-0.004518985748291016,0.02950870990753174,-0.023583412170410156,0.014530658721923828
1769718822.3319993,goal2.png,0.5085373520851135,0.127801775932312,-0.6501256823539734,-1.7252780199050903,1.8561393022537231,0.31536951661109924,2.389988660812378,0.15464383363723755,-0.6283453106880188,-1.720179796218872,1.902645468711853,0.30248892307281494,2.3997573852539062,0.026842057704925537,0.02178037166595459,0.005098223686218262,0.04650616645812988,-0.012880593538284302,0.00976872444152832
1769718822.4323816,goal2.png,0.5042274594306946,0.13555651903152466,-0.6524279117584229,-1.7279133796691895,1.8713154792785645,0.3095686137676239,2.3953654766082764,0.17009928822517395,-0.627784013748169,-1.7126569747924805,1.9298808574676514,0.3000672161579132,2.3966221809387207,0.03454276919364929,0.024643898010253906,0.015256404876708984,0.058565378189086914,-0.009501397609710693,0.001256704330444336
1769718822.532359,goal2.png,0.5032693147659302,0.14949078857898712,-0.6546998620033264,-1.726944088935852,1.893701434135437,0.3053731918334961,2.398500919342041,0.18503421545028687,-0.6279388070106506,-1.703627109527588,1.9548454284667969,0.2974856197834015,2.3922979831695557,0.035543426871299744,0.02676105499267578,0.02331697940826416,0.06114399433135986,-0.007887572050094604,-0.0062029361724853516
1769718822.6319878,goal2.png,0.5027472972869873,0.16730250418186188,-0.655608594417572,-1.7212189435958862,1.9217818975448608,0.30195021629333496,2.3967134952545166,0.20000065863132477,-0.6255218982696533,-1.6947848796844482,1.9752496480941772,0.2982126474380493,2.387221097946167,0.03269815444946289,0.0300866961479187,0.02643406391143799,0.053467750549316406,-0.0037375688552856445,-0.00949239730834961
1769718822.7319005,goal2.png,0.5036898255348206,0.18135789036750793,-0.655214786529541,-1.714827299118042,1.9448339939117432,0.29963284730911255,2.3940024375915527,0.21098703145980835,-0.6228542923927307,-1.6878478527069092,1.9895853996276855,0.29859304428100586,2.38287353515625,0.029629141092300415,0.0323604941368103,0.026979446411132812,0.04475140571594238,-0.0010398030281066895,-0.011128902435302734
1769718822.8322732,goal2.png,0.5086953639984131,0.19447430968284607,-0.6545482873916626,-1.7075875997543335,1.9656445980072021,0.2990270256996155,2.3902764320373535,0.21982544660568237,-0.6188542246818542,-1.6812989711761475,2.0016140937805176,0.299935907125473,2.3789901733398438,0.025351136922836304,0.03569406270980835,0.026288628578186035,0.03596949577331543,0.0009088814258575439,-0.011286258697509766
1769718822.9324644,goal2.png,0.4981635808944702,0.20671230554580688,-0.6527308821678162,-1.6993482112884521,1.9819722175598145,0.2994965612888336,2.385929584503174,0.22578658163547516,-0.6155553460121155,-1.6778427362442017,2.0083274841308594,0.305218905210495,2.378925323486328,0.019074276089668274,0.037175536155700684,0.02150547504425049,0.026355266571044922,0.005722343921661377,-0.007004261016845703
1769718823.0323286,goal2.png,0.5126266479492188,0.21764768660068512,-0.648974597454071,-1.6917752027511597,1.9960274696350098,0.30057188868522644,2.382006883621216,0.22988563776016235,-0.6112409234046936,-1.6761127710342407,2.007715940475464,0.3173063099384308,2.379302978515625,0.012237951159477234,0.03773367404937744,0.015662431716918945,0.011688470840454102,0.016734421253204346,-0.0027039051055908203
1769718823.1318238,goal2.png,0.5172702670097351,0.22370600700378418,-0.6454607844352722,-1.6879886388778687,2.00441837310791,0.3034799098968506,2.3804619312286377,0.2337760329246521,-0.6071894764900208,-1.6736466884613037,1.9992854595184326,0.33262553811073303,2.377986431121826,0.01007002592086792,0.038271307945251465,0.014341950416564941,-0.005132913589477539,0.029145628213882446,-0.0024755001068115234
1769718823.2322576,goal2.png,0.5224953293800354,0.22815905511379242,-0.6413107514381409,-1.6857471466064453,2.0061147212982178,0.31332483887672424,2.3791897296905518,0.23757417500019073,-0.6039738655090332,-1.6674035787582397,1.987499475479126,0.3469711244106293,2.374523162841797,0.009415119886398315,0.037336885929107666,0.018343567848205566,-0.018615245819091797,0.03364628553390503,-0.004666566848754883
1769718823.3327446,goal2.png,0.5370755791664124,0.23264221847057343,-0.6362520456314087,-1.6832327842712402,2.001358985900879,0.32815274596214294,2.37865948677063,0.23477113246917725,-0.600400447845459,-1.6606677770614624,1.9706445932388306,0.35966283082962036,2.368727684020996,0.002128913998603821,0.03585159778594971,0.022565007209777832,-0.03071439266204834,0.03151008486747742,-0.009931802749633789
1769718823.4320798,goal2.png,0.5120677947998047,0.23642875254154205,-0.6324958205223083,-1.6788403987884521,1.9911506175994873,0.3412085771560669,2.3756909370422363,0.22559046745300293,-0.5966522097587585,-1.6580220460891724,1.9492175579071045,0.37453019618988037,2.362511396408081,-0.010838285088539124,0.035843610763549805,0.020818352699279785,-0.04193305969238281,0.03332161903381348,-0.013179540634155273
1769718823.5328066,goal2.png,0.49363473057746887,0.23539884388446808,-0.6297997236251831,-1.6723883152008057,1.9755805730819702,0.35550636053085327,2.3703293800354004,0.20912489295005798,-0.593438982963562,-1.6623413562774658,1.919636607170105,0.3893290162086487,2.358384609222412,-0.026273950934410095,0.036360740661621094,0.010046958923339844,-0.055943965911865234,0.03382265567779541,-0.011944770812988281
1769718823.632589,goal2.png,0.49406951665878296,0.22897683084011078,-0.6267706155776978,-1.6687533855438232,1.957223653793335,0.3683047294616699,2.3654067516326904,0.19025278091430664,-0.5927640795707703,-1.672541618347168,1.8904962539672852,0.3976120054721832,2.3607563972473145,-0.03872404992580414,0.03400653600692749,-0.0037882328033447266,-0.0667273998260498,0.029307276010513306,-0.0046503543853759766
1769718823.7327821,goal2.png,0.490315318107605,0.21267977356910706,-0.6236808896064758,-1.6703284978866577,1.9282341003417969,0.3837990462779999,2.3607873916625977,0.1746886968612671,-0.596703290939331,-1.683557391166687,1.8679561614990234,0.3957975208759308,2.367619514465332,-0.037991076707839966,0.026977598667144775,-0.013228893280029297,-0.06027793884277344,0.011998474597930908,0.006832122802734375
1769718823.832003,goal2.png,0.4917234182357788,0.19677653908729553,-0.622499406337738,-1.6769623756408691,1.9015166759490967,0.39194756746292114,2.3612418174743652,0.16185128688812256,-0.603147029876709,-1.692741870880127,1.8547947406768799,0.3834247887134552,2.3724241256713867,-0.034925252199172974,0.019352376461029053,-0.015779495239257812,-0.0467219352722168,-0.008522778749465942,0.011182308197021484
1769718823.9320962,goal2.png,0.49644437432289124,0.1814790964126587,-0.6233475804328918,-1.6853229999542236,1.8782825469970703,0.3942497670650482,2.3655431270599365,0.15136432647705078,-0.6106743812561035,-1.7017207145690918,1.8477277755737305,0.36741721630096436,2.3778493404388428,-0.03011476993560791,0.01267319917678833,-0.016397714614868164,-0.030554771423339844,-0.026832550764083862,0.01230621337890625
1769718824.0325768,goal2.png,0.4913969039916992,0.16624222695827484,-0.6278005242347717,-1.694198489189148,1.862015962600708,0.385177344083786,2.3710713386535645,0.14263737201690674,-0.6167789697647095,-1.7102725505828857,1.8479658365249634,0.34823042154312134,2.3834564685821533,-0.023604854941368103,0.011021554470062256,-0.016074061393737793,-0.014050126075744629,-0.03694692254066467,0.012385129928588867
1769718824.1355314,goal2.png,0.49414926767349243,0.15548861026763916,-0.6337681412696838,-1.7039828300476074,1.8518985509872437,0.37119758129119873,2.376357316970825,0.13694314658641815,-0.6218710541725159,-1.718043327331543,1.8538918495178223,0.3294515311717987,2.3898887634277344,-0.01854546368122101,0.011897087097167969,-0.014060497283935547,0.0019932985305786133,-0.041746050119400024,0.01353144645690918
1769718824.231838,goal2.png,0.49173086881637573,0.14679481089115143,-0.6400688290596008,-1.7127069234848022,1.8495961427688599,0.3550519645214081,2.382112741470337,0.1388252228498459,-0.6249673962593079,-1.7224538326263428,1.8665053844451904,0.31602412462234497,2.3942298889160156,-0.007969588041305542,0.015101432800292969,-0.009746909141540527,0.016909241676330566,-0.03902783989906311,0.012117147445678711
1769718824.3321464,goal2.png,0.49330636858940125,0.14016090333461761,-0.6466724276542664,-1.7200981378555298,1.852685809135437,0.3354228138923645,2.3888072967529297,0.14762774109840393,-0.6281151175498962,-1.7241005897521973,1.885446310043335,0.3083130717277527,2.397397756576538,0.007466837763786316,0.018557310104370117,-0.0040024518966674805,0.03276050090789795,-0.027109742164611816,0.008590459823608398
1769718824.4367127,goal2.png,0.4980403482913971,0.1398579180240631,-0.6511555910110474,-1.725399136543274,1.864378809928894,0.3218671679496765,2.393033027648926,0.16150912642478943,-0.6297224760055542,-1.7201902866363525,1.9127657413482666,0.30430683493614197,2.3972363471984863,0.02165120840072632,0.021433115005493164,0.005208849906921387,0.04838693141937256,-0.017560333013534546,0.004203319549560547
1769718824.533252,goal2.png,0.5042731761932373,0.14570434391498566,-0.6541243195533752,-1.7281558513641357,1.8788886070251465,0.31326428055763245,2.3963046073913574,0.17790758609771729,-0.630774974822998,-1.7129493951797485,1.9404536485671997,0.3017817437648773,2.3975589275360107,0.03220324218273163,0.023349344730377197,0.015206456184387207,0.06156504154205322,-0.011482536792755127,0.0012543201446533203
1769718824.632054,goal2.png,0.5011720657348633,0.1583966463804245,-0.6559720039367676,-1.7270350456237793,1.9027283191680908,0.30782681703567505,2.397167921066284,0.1939469277858734,-0.6284792423248291,-1.701297640800476,1.9628007411956787,0.30258649587631226,2.391857624053955,0.035550281405448914,0.027492761611938477,0.025737404823303223,0.06007242202758789,-0.005240321159362793,-0.0053102970123291016
1769718824.731901,goal2.png,0.5046720504760742,0.17490576207637787,-0.6574865579605103,-1.7211886644363403,1.9310815334320068,0.3041311502456665,2.3970165252685547,0.21011266112327576,-0.6246268153190613,-1.6912931203842163,1.9804611206054688,0.30671221017837524,2.387216329574585,0.03520689904689789,0.032859742641448975,0.029895544052124023,0.049379587173461914,0.0025810599327087402,-0.009800195693969727
1769718824.832449,goal2.png,0.5060235261917114,0.19059693813323975,-0.6570626497268677,-1.7128583192825317,1.954345703125,0.30382832884788513,2.393744945526123,0.21990841627120972,-0.6189055442810059,-1.6827009916305542,1.9927289485931396,0.31006720662117004,2.380736827850342,0.02931147813796997,0.038157105445861816,0.03015732765197754,0.03838324546813965,0.006238877773284912,-0.01300811767578125
1769718824.9318707,goal2.png,0.49939796328544617,0.20650024712085724,-0.6543059945106506,-1.7030134201049805,1.974065899848938,0.30660000443458557,2.389185905456543,0.22539332509040833,-0.6116712093353271,-1.6782681941986084,2.0003786087036133,0.3169848322868347,2.376955032348633,0.018893077969551086,0.042634785175323486,0.02474522590637207,0.026312708854675293,0.010384827852249146,-0.012230873107910156
1769718825.0319884,goal2.png,0.5126975774765015,0.21758712828159332,-0.6499136686325073,-1.6939258575439453,1.9866067171096802,0.3095838129520416,2.383960723876953,0.2263595461845398,-0.6053973436355591,-1.678100347518921,2.0000863075256348,0.3286427855491638,2.37795090675354,0.008772417902946472,0.04451632499694824,0.015825510025024414,0.01347959041595459,0.019058972597122192,-0.006009817123413086
1769718825.1321704,goal2.png,0.5280115604400635,0.2231910526752472,-0.6428253054618835,-1.688957929611206,1.9957852363586426,0.3157784044742584,2.3790383338928223,0.22639530897140503,-0.5994560718536377,-1.6782302856445312,1.98893404006958,0.3442803919315338,2.3809409141540527,0.003204256296157837,0.04336923360824585,0.010727643966674805,-0.0068511962890625,0.02850198745727539,0.0019025802612304688
1769718825.2318578,goal2.png,0.5202547907829285,0.22519046068191528,-0.6343436241149902,-1.6872011423110962,1.9972996711730957,0.32733482122421265,2.379598617553711,0.2251308560371399,-0.5954610705375671,-1.6737589836120605,1.969887375831604,0.3624768853187561,2.3788113594055176,-5.9604644775390625e-05,0.038882553577423096,0.013442158699035645,-0.0274122953414917,0.03514206409454346,-0.0007872581481933594
1769718825.3319726,goal2.png,0.5157362222671509,0.22585682570934296,-0.6290727853775024,-1.6863832473754883,1.989938735961914,0.3404664397239685,2.3802499771118164,0.2211281806230545,-0.5920071005821228,-1.6693233251571655,1.9480664730072021,0.3776856064796448,2.3732709884643555,-0.004728645086288452,0.03706568479537964,0.017059922218322754,-0.041872262954711914,0.03721916675567627,-0.0069789886474609375
1769718825.431955,goal2.png,0.5188055634498596,0.22549328207969666,-0.6257709860801697,-1.683475136756897,1.9730359315872192,0.358581006526947,2.3790078163146973,0.21382349729537964,-0.5902445316314697,-1.6699810028076172,1.923590064048767,0.39092832803726196,2.369290828704834,-0.011669784784317017,0.03552645444869995,0.013494133949279785,-0.04944586753845215,0.03234732151031494,-0.009716987609863281
1769718825.5323932,goal2.png,0.4929782450199127,0.22188852727413177,-0.6225600838661194,-1.6805368661880493,1.9523769617080688,0.3736512064933777,2.373873472213745,0.2007172852754593,-0.5905451774597168,-1.6779916286468506,1.9036965370178223,0.39366498589515686,2.370694637298584,-0.021171241998672485,0.03201490640640259,0.0025452375411987305,-0.04868042469024658,0.020013779401779175,-0.003178834915161133
1769718825.6322565,goal2.png,0.4918307363986969,0.21498200297355652,-0.6196216344833374,-1.6802036762237549,1.930687665939331,0.38490474224090576,2.370919942855835,0.18806776404380798,-0.5944130420684814,-1.6863768100738525,1.8880078792572021,0.38750210404396057,2.374114990234375,-0.026914238929748535,0.025208592414855957,-0.006173133850097656,-0.042679786682128906,0.0025973618030548096,0.003195047378540039
1769718825.7319047,goal2.png,0.4878554344177246,0.203046977519989,-0.6190764307975769,-1.6845353841781616,1.9096652269363403,0.389721155166626,2.3713743686676025,0.17500218749046326,-0.601650595664978,-1.696495532989502,1.8770935535430908,0.37534332275390625,2.3819143772125244,-0.028044790029525757,0.017425835132598877,-0.011960148811340332,-0.03257167339324951,-0.014377832412719727,0.010540008544921875
1769718825.8317456,goal2.png,0.49456796050071716,0.19053636491298676,-0.6212877631187439,-1.69053316116333,1.8934286832809448,0.38607093691825867,2.3747823238372803,0.1630014181137085,-0.6096322536468506,-1.7049071788787842,1.8692688941955566,0.3618350625038147,2.387883186340332,-0.02753494679927826,0.01165550947189331,-0.014374017715454102,-0.024159789085388184,-0.02423587441444397,0.013100862503051758
1769718825.9338608,goal2.png,0.5025405287742615,0.1778440624475479,-0.6267402768135071,-1.699196696281433,1.8811300992965698,0.376665323972702,2.3805527687072754,0.1527746617794037,-0.6152323484420776,-1.7119195461273193,1.8650619983673096,0.34598487615585327,2.3901712894439697,-0.025069400668144226,0.011507928371429443,-0.01272284984588623,-0.016068100929260254,-0.030680447816848755,0.009618520736694336
1769718826.0322232,goal2.png,0.5030926465988159,0.16654513776302338,-0.6332834362983704,-1.7080419063568115,1.8732541799545288,0.36448797583580017,2.386399269104004,0.1507360190153122,-0.6206443309783936,-1.7168433666229248,1.8695095777511597,0.33186233043670654,2.3939566612243652,-0.01580911874771118,0.012639105319976807,-0.008801460266113281,-0.0037446022033691406,-0.03262564539909363,0.007557392120361328
1769718826.1318252,goal2.png,0.5018820762634277,0.15697291493415833,-0.6389479637145996,-1.7153726816177368,1.8686801195144653,0.3493116497993469,2.3900341987609863,0.16024838387966156,-0.6244001984596252,-1.7167797088623047,1.8826696872711182,0.3256181478500366,2.3971400260925293,0.003275468945503235,0.014547765254974365,-0.001407027244567871,0.013989567756652832,-0.023693501949310303,0.007105827331542969
1769718826.2324245,goal2.png,0.5026248097419739,0.15445870161056519,-0.6449458599090576,-1.719704270362854,1.8709217309951782,0.3369525372982025,2.3932149410247803,0.17463065683841705,-0.6272076368331909,-1.712672233581543,1.9014911651611328,0.3222166895866394,2.3977890014648438,0.020171955227851868,0.0177382230758667,0.007032036781311035,0.03056943416595459,-0.01473584771156311,0.0045740604400634766
1769718826.333647,goal2.png,0.5171971917152405,0.16097141802310944,-0.6515493988990784,-1.7210371494293213,1.8814938068389893,0.32913723587989807,2.396183490753174,0.18649402260780334,-0.6280651688575745,-1.7074713706970215,1.9249298572540283,0.31400367617607117,2.3952739238739014,0.02552260458469391,0.023484230041503906,0.013565778732299805,0.04343605041503906,-0.015133559703826904,-0.0009095668792724609
