timestamp,model_type,goal_image,curr_j0,curr_j1,curr_j2,curr_j3,curr_j4,curr_j5,cmd_j0,cmd_j1,cmd_j2,cmd_j3,cmd_j4,cmd_j5,step_diff_j0,step_diff_j1,step_diff_j2,step_diff_j3,step_diff_j4,step_diff_j5
1769571201.815692,full,goal2.png,0.16172878444194794,-0.32282117009162903,-2.457010507583618,2.3702845573425293,0.6334501504898071,1.3605623245239258,0.06648984551429749,-0.12282116711139679,-2.2570104598999023,2.4855244159698486,0.8334501385688782,1.5605623722076416,-0.09523893892765045,0.20000000298023224,0.20000000298023224,0.11523985862731934,0.20000000298023224,0.20000000298023224
1769571201.8379424,full,goal2.png,0.15430714190006256,-0.32618358731269836,-2.457040548324585,2.370345115661621,0.6334198117256165,1.3605623245239258,0.06703366339206696,-0.12618358433246613,-2.257040500640869,2.4847538471221924,0.8334197998046875,1.5605623722076416,-0.0872734785079956,0.20000000298023224,0.20000000298023224,0.11440873146057129,0.20000000298023224,0.20000000298023224
1769571201.9368312,full,goal2.png,0.14658282697200775,-0.32279089093208313,-2.4521334171295166,2.3768579959869385,0.6394479274749756,1.3666812181472778,0.06677523255348206,-0.12279088795185089,-2.252133369445801,2.484193801879883,0.8394479155540466,1.5666812658309937,-0.0798075944185257,0.20000000298023224,0.20000000298023224,0.10733580589294434,0.20000000298023224,0.20000000298023224
1769571202.0340226,full,goal2.png,0.10502221435308456,-0.28692519664764404,-2.4130568504333496,2.432746648788452,0.6756316423416138,1.403046727180481,0.06169261783361435,-0.1020016074180603,-2.236722469329834,2.4849538803100586,0.8756316304206848,1.6030467748641968,-0.043329596519470215,0.18492358922958374,0.17633438110351562,0.052207231521606445,0.20000000298023224,0.20000000298023224
1769571202.1364799,full,goal2.png,0.07430614531040192,-0.24475878477096558,-2.3724353313446045,2.472883462905884,0.7098464369773865,1.4367161989212036,0.043441660702228546,-0.08104878664016724,-2.219662666320801,2.4860517978668213,0.9075319170951843,1.6281754970550537,-0.03086448460817337,0.16370999813079834,0.1527726650238037,0.0131683349609375,0.19768548011779785,0.1914592981338501
1769571202.282569,full,goal2.png,0.06521859019994736,-0.2197074294090271,-2.347050905227661,2.4783360958099365,0.7328531742095947,1.4592382907867432,0.020222287625074387,-0.06202635169029236,-2.1997480392456055,2.4876437187194824,0.92839515209198,1.6388089656829834,-0.04499630257487297,0.15768107771873474,0.14730286598205566,0.009307622909545898,0.19554197788238525,0.17957067489624023
1769571202.3484576,full,goal2.png,0.04946677014231682,-0.17257316410541534,-2.292191982269287,2.4831221103668213,0.7791089415550232,1.5024951696395874,-0.013695146888494492,-0.03466486930847168,-2.1758017539978027,2.4884767532348633,0.9391558170318604,1.6335291862487793,-0.06316191703081131,0.13790829479694366,0.11639022827148438,0.005354642868041992,0.16004687547683716,0.1310340166091919
1769571202.4364154,full,goal2.png,0.03510839864611626,-0.13361775875091553,-2.255690097808838,2.4849395751953125,0.8145051002502441,1.5327720642089844,-0.0461684949696064,-0.00566178560256958,-2.150909900665283,2.489816665649414,0.9509307146072388,1.624106764793396,-0.08127689361572266,0.12795597314834595,0.10478019714355469,0.0048770904541015625,0.13642561435699463,0.09133470058441162
1769571202.536234,full,goal2.png,0.0029685937333852053,-0.09187544882297516,-2.2133116722106934,2.4864845275878906,0.8562777042388916,1.5599136352539062,-0.0734911859035492,0.024419106543064117,-2.1222033500671387,2.489896774291992,0.9681980609893799,1.6156020164489746,-0.07645978033542633,0.11629455536603928,0.09110832214355469,0.0034122467041015625,0.11192035675048828,0.05568838119506836
1769571202.633349,full,goal2.png,-0.031230950728058815,-0.04625576734542847,-2.1722357273101807,2.4881808757781982,0.9038209319114685,1.5877972841262817,-0.09578081965446472,0.050130538642406464,-2.095211982727051,2.480818271636963,0.9905793070793152,1.6097885370254517,-0.06454987078905106,0.09638630598783493,0.07702374458312988,-0.0073626041412353516,0.08675837516784668,0.021991252899169922
1769571202.7329886,full,goal2.png,-0.06061413884162903,-0.005573495756834745,-2.14603328704834,2.488877534866333,0.950849175453186,1.610592007637024,-0.1128043383359909,0.0681772381067276,-2.070462465286255,2.467982292175293,1.017155408859253,1.6096056699752808,-0.05219019949436188,0.07375073432922363,0.07557082176208496,-0.02089524269104004,0.0663062334060669,-0.000986337661743164
1769571202.835871,full,goal2.png,-0.0849992036819458,0.02490008994936943,-2.1197397708892822,2.4839704036712646,0.9798082709312439,1.6126822233200073,-0.13294777274131775,0.08143901824951172,-2.051452159881592,2.4537723064422607,1.0437302589416504,1.6133121252059937,-0.04794856905937195,0.05653892830014229,0.06828761100769043,-0.030198097229003906,0.0639219880104065,0.0006299018859863281
1769571202.9364371,full,goal2.png,-0.10462839156389236,0.04758879914879799,-2.0928404331207275,2.473731517791748,1.005662441253662,1.6109403371810913,-0.15743237733840942,0.08952856063842773,-2.0328493118286133,2.444608449935913,1.0629940032958984,1.6173135042190552,-0.05280398577451706,0.041939761489629745,0.05999112129211426,-0.02912306785583496,0.05733156204223633,0.006373167037963867
1769571203.0413823,full,goal2.png,-0.12428787350654602,0.06221994385123253,-2.0723934173583984,2.4609181880950928,1.0310168266296387,1.61233389377594,-0.18494361639022827,0.09478182345628738,-2.0137314796447754,2.437594175338745,1.0784077644348145,1.6169456243515015,-0.06065574288368225,0.032561879605054855,0.05866193771362305,-0.023324012756347656,0.04739093780517578,0.0046117305755615234
1769571203.1358674,full,goal2.png,-0.14688566327095032,0.07397318631410599,-2.054309129714966,2.4508612155914307,1.0524938106536865,1.6158779859542847,-0.2123190462589264,0.09858135133981705,-1.9954228401184082,2.4263434410095215,1.0914520025253296,1.6137373447418213,-0.06543338298797607,0.02460816502571106,0.05888628959655762,-0.02451777458190918,0.038958191871643066,-0.002140641212463379
1769571203.2350092,full,goal2.png,-0.1731487661600113,0.08112198114395142,-2.035346508026123,2.4426519870758057,1.0690635442733765,1.61642324924469,-0.2463127076625824,0.1015256717801094,-1.9781997203826904,2.409407615661621,1.0958282947540283,1.6063263416290283,-0.0731639415025711,0.02040369063615799,0.05714678764343262,-0.03324437141418457,0.026764750480651855,-0.010096907615661621
1769571203.3455913,full,goal2.png,-0.20029036700725555,0.08563543856143951,-2.0160202980041504,2.4316864013671875,1.0841186046600342,1.6147269010543823,-0.27580469846725464,0.10422804951667786,-1.9660382270812988,2.392576217651367,1.0954985618591309,1.599959135055542,-0.07551433145999908,0.018592610955238342,0.04998207092285156,-0.03911018371582031,0.01137995719909668,-0.014767765998840332
1769571203.4458783,full,goal2.png,-0.23215748369693756,0.08966436982154846,-1.9998443126678467,2.417964220046997,1.0909796953201294,1.609501600265503,-0.3016415536403656,0.10856854915618896,-1.9586825370788574,2.3745293617248535,1.0911434888839722,1.5970914363861084,-0.06948406994342804,0.018904179334640503,0.04116177558898926,-0.043434858322143555,0.00016379356384277344,-0.012410163879394531
1769571203.5463014,full,goal2.png,-0.26102569699287415,0.09272366017103195,-1.9852436780929565,2.401636838912964,1.0944936275482178,1.604109525680542,-0.3251819312572479,0.10953459143638611,-1.9507163763046265,2.3573126792907715,1.0854610204696655,1.5960384607315063,-0.06415623426437378,0.016810931265354156,0.03452730178833008,-0.04432415962219238,-0.009032607078552246,-0.008071064949035645
1769571203.6461911,full,goal2.png,-0.28980308771133423,0.09623764455318451,-1.9759743213653564,2.3841583728790283,1.0922671556472778,1.599883794784546,-0.3525645434856415,0.10692772269248962,-1.9409961700439453,2.341773509979248,1.079226016998291,1.5947009325027466,-0.06276145577430725,0.010690078139305115,0.03497815132141113,-0.04238486289978027,-0.013041138648986816,-0.005182862281799316
1769571203.745675,full,goal2.png,-0.3128249943256378,0.09905467182397842,-1.9673713445663452,2.36728572845459,1.087965726852417,1.5969455242156982,-0.381442129611969,0.10269716382026672,-1.9292452335357666,2.3290064334869385,1.0712286233901978,1.5926647186279297,-0.06861713528633118,0.0036424919962882996,0.03812611103057861,-0.03827929496765137,-0.01673710346221924,-0.004280805587768555
1769571203.8371127,full,goal2.png,-0.33939099311828613,0.09896397590637207,-1.9585866928100586,2.351170301437378,1.0823768377304077,1.5954763889312744,-0.40469253063201904,0.1030692383646965,-1.9220223426818848,2.3167922496795654,1.0674521923065186,1.5908710956573486,-0.06530153751373291,0.004105262458324432,0.03656435012817383,-0.0343780517578125,-0.01492464542388916,-0.004605293273925781
1769571203.9344668,full,goal2.png,-0.3693194091320038,0.09560155868530273,-1.947560429573059,2.336357593536377,1.0749250650405884,1.5940829515457153,-0.4239456355571747,0.10585547983646393,-1.9205477237701416,2.302316904067993,1.0656232833862305,1.5914404392242432,-0.0546262264251709,0.010253921151161194,0.02701270580291748,-0.03404068946838379,-0.00930178165435791,-0.002642512321472168
1769571204.03429,full,goal2.png,-0.3948555886745453,0.09402626007795334,-1.9373822212219238,2.3231201171875,1.0700933933258057,1.5922199487686157,-0.44145482778549194,0.10647186636924744,-1.9206535816192627,2.286221504211426,1.0645043849945068,1.5934429168701172,-0.046599239110946655,0.012445606291294098,0.016728639602661133,-0.03689861297607422,-0.005589008331298828,0.0012229681015014648
1769571204.1323547,full,goal2.png,-0.4178168475627899,0.0956316888332367,-1.9337775707244873,2.3081860542297363,1.0674277544021606,1.5920685529708862,-0.45839935541152954,0.10435347259044647,-1.9169025421142578,2.269293785095215,1.063736915588379,1.5952529907226562,-0.040582507848739624,0.008721783757209778,0.016875028610229492,-0.038892269134521484,-0.0036908388137817383,0.0031844377517700195
1769571204.2354653,full,goal2.png,-0.43611323833465576,0.0966920331120491,-1.9323235750198364,2.2914347648620605,1.0659282207489014,1.5931439399719238,-0.4754360318183899,0.10169653594493866,-1.9137792587280273,2.251617908477783,1.0606342554092407,1.5913350582122803,-0.03932279348373413,0.005004502832889557,0.018544316291809082,-0.039816856384277344,-0.0052939653396606445,-0.0018088817596435547
1769571204.3362768,full,goal2.png,-0.45256170630455017,0.09569225460290909,-1.9299911260604858,2.27713680267334,1.0649135112762451,1.5942494869232178,-0.49632173776626587,0.0979921966791153,-1.9118783473968506,2.2325596809387207,1.0513579845428467,1.5831379890441895,-0.0437600314617157,0.0022999420762062073,0.018112778663635254,-0.04457712173461914,-0.013555526733398438,-0.01111149787902832
1769571204.4345734,full,goal2.png,-0.47125184535980225,0.09351130574941635,-1.9273860454559326,2.258204460144043,1.0612784624099731,1.5910991430282593,-0.5202634930610657,0.08825632929801941,-1.9110065698623657,2.2110342979431152,1.0381845235824585,1.5762836933135986,-0.04901164770126343,-0.005254976451396942,0.016379475593566895,-0.047170162200927734,-0.02309393882751465,-0.014815449714660645
1769571204.532959,full,goal2.png,-0.4917898178100586,0.09023988991975784,-1.925386667251587,2.238605499267578,1.0532662868499756,1.5847227573394775,-0.5404659509658813,0.07915416359901428,-1.91171133518219,2.1900501251220703,1.0282938480377197,1.573392629623413,-0.048676133155822754,-0.01108572632074356,0.013675332069396973,-0.04855537414550781,-0.02497243881225586,-0.011330127716064453
1769571204.6348708,full,goal2.png,-0.5165988802909851,0.0816975012421608,-1.924084186553955,2.216946840286255,1.0410586595535278,1.5780584812164307,-0.5542535185813904,0.0718793123960495,-1.9127047061920166,2.1774508953094482,1.0237833261489868,1.5708427429199219,-0.03765463829040527,-0.009818188846111298,0.011379480361938477,-0.03949594497680664,-0.017275333404541016,-0.007215738296508789
1769571204.7343216,full,goal2.png,-0.5348043441772461,0.07282184809446335,-1.9240236282348633,2.1978628635406494,1.0322890281677246,1.5750747919082642,-0.5663970708847046,0.06662934273481369,-1.9087820053100586,2.1731512546539307,1.019014835357666,1.5702109336853027,-0.031592726707458496,-0.006192505359649658,0.015241622924804688,-0.02471160888671875,-0.013274192810058594,-0.004863858222961426
1769571204.834836,full,goal2.png,-0.5494656562805176,0.06503697484731674,-1.9240236282348633,2.1839587688446045,1.0261852741241455,1.5722121000289917,-0.5786489844322205,0.05752827599644661,-1.902232050895691,2.1698598861694336,1.0105117559432983,1.5731853246688843,-0.02918332815170288,-0.0075086988508701324,0.021791577339172363,-0.014098882675170898,-0.015673518180847168,0.0009732246398925781
1769571204.9324784,full,goal2.png,-0.563521146774292,0.058251574635505676,-1.9212367534637451,2.1770522594451904,1.0196573734283447,1.5716214179992676,-0.595215380191803,0.04698147624731064,-1.8949878215789795,2.163422107696533,0.9974921941757202,1.5734217166900635,-0.031694233417510986,-0.011270098388195038,0.026248931884765625,-0.013630151748657227,-0.02216517925262451,0.0018002986907958984
1769571205.0367548,full,goal2.png,-0.5773948431015015,0.050254568457603455,-1.9158447980880737,2.172144889831543,1.0116904973983765,1.572893738746643,-0.6130905747413635,0.033090829849243164,-1.887932538986206,2.1572468280792236,0.9827505350112915,1.5684407949447632,-0.03569573163986206,-0.01716373860836029,0.027912259101867676,-0.014898061752319336,-0.02893996238708496,-0.004452943801879883
1769571205.1348379,full,goal2.png,-0.5936313271522522,0.03907684236764908,-1.9089685678482056,2.1662683486938477,0.9990285038948059,1.5726211071014404,-0.6309842467308044,0.01876533217728138,-1.8815100193023682,2.1562812328338623,0.9681013226509094,1.5591468811035156,-0.037352919578552246,-0.0203115101903677,0.027458548545837402,-0.009987115859985352,-0.030927181243896484,-0.013474225997924805
1769571205.2333286,full,goal2.png,-0.6106857061386108,0.026202691718935966,-1.90251624584198,2.1602401733398438,0.9856394529342651,1.5677744150161743,-0.6464290618896484,0.005589162930846214,-1.8753139972686768,2.158571720123291,0.9561557769775391,1.5487937927246094,-0.0357433557510376,-0.020613528788089752,0.027202248573303223,-0.0016684532165527344,-0.029483675956726074,-0.01898062229156494
1769571205.3327675,full,goal2.png,-0.6274977326393127,0.011177726089954376,-1.8962759971618652,2.158271312713623,0.9719474911689758,1.5598682165145874,-0.6617333889007568,-0.004173858091235161,-1.8699445724487305,2.159097194671631,0.9435794353485107,1.5380499362945557,-0.03423565626144409,-0.015351584181189537,0.026331424713134766,0.0008258819580078125,-0.028368055820465088,-0.02181828022003174
1769571205.434098,full,goal2.png,-0.6437039375305176,-0.0026959001552313566,-1.8895816802978516,2.158574104309082,0.9587099552154541,1.5496597290039062,-0.6765255331993103,-0.012714914977550507,-1.8623573780059814,2.158785104751587,0.9322872757911682,1.5288608074188232,-0.032821595668792725,-0.010019014589488506,0.027224302291870117,0.0002110004425048828,-0.02642267942428589,-0.020798921585083008
1769571205.5343058,full,goal2.png,-0.658789336681366,-0.013873626478016376,-1.8833414316177368,2.158907413482666,0.9468051791191101,1.5399057865142822,-0.6944566369056702,-0.019450422376394272,-1.8532814979553223,2.1576194763183594,0.9211037158966064,1.519768476486206,-0.0356673002243042,-0.005576795898377895,0.03005993366241455,-0.0012879371643066406,-0.025701463222503662,-0.020137310028076172
1769571205.6320305,full,goal2.png,-0.6742382049560547,-0.022839972749352455,-1.875889539718628,2.15887713432312,0.9354608654975891,1.5305910110473633,-0.7129935622215271,-0.027167122811079025,-1.8436503410339355,2.1548209190368652,0.911514163017273,1.512945532798767,-0.03875535726547241,-0.00432715006172657,0.03223919868469238,-0.004056215286254883,-0.023946702480316162,-0.01764547824859619
1769571205.7356231,full,goal2.png,-0.6919287443161011,-0.030625149607658386,-1.8685286045074463,2.158241033554077,0.9244951605796814,1.5220789909362793,-0.730644941329956,-0.037670332938432693,-1.8333423137664795,2.1532912254333496,0.9028497338294983,1.5079562664031982,-0.03871619701385498,-0.007045183330774307,0.0351862907409668,-0.004949808120727539,-0.021645426750183105,-0.014122724533081055
1769571205.8485746,full,goal2.png,-0.7106491327285767,-0.038470588624477386,-1.8587141036987305,2.155696392059326,0.9140293002128601,1.5148240327835083,-0.7473106384277344,-0.04726049304008484,-1.8242383003234863,2.1543161869049072,0.8941473960876465,1.5035582780838013,-0.036661505699157715,-0.008789904415607452,0.03447580337524414,-0.0013802051544189453,-0.019881904125213623,-0.011265754699707031
1769571205.9369333,full,goal2.png,-0.7248257994651794,-0.04683128371834755,-1.8489903211593628,2.1544241905212402,0.9065017700195312,1.5100833177566528,-0.7637670040130615,-0.05651615560054779,-1.8157258033752441,2.1545002460479736,0.8836748600006104,1.497356653213501,-0.03894120454788208,-0.009684871882200241,0.03326451778411865,7.605552673339844e-05,-0.0228269100189209,-0.012726664543151855
1769571206.0380702,full,goal2.png,-0.7421528100967407,-0.05603989213705063,-1.840872049331665,2.154484748840332,0.897050678730011,1.5048731565475464,-0.7809213399887085,-0.06477637588977814,-1.808466911315918,2.1533474922180176,0.8691644072532654,1.489430546760559,-0.03876852989196777,-0.008736483752727509,0.03240513801574707,-0.0011372566223144531,-0.027886271476745605,-0.015442609786987305
1769571206.1339085,full,goal2.png,-0.7609034776687622,-0.06667253375053406,-1.8304517269134521,2.154454469680786,0.8853276968002319,1.4976030588150024,-0.7982794642448425,-0.07454206049442291,-1.801040530204773,2.151766300201416,0.8532494902610779,1.4793999195098877,-0.03737598657608032,-0.007869526743888855,0.0294111967086792,-0.002688169479370117,-0.03207820653915405,-0.018203139305114746
1769571206.2348862,full,goal2.png,-0.7780790328979492,-0.07691104710102081,-1.8225758075714111,2.1539394855499268,0.8720295429229736,1.4896665811538696,-0.8149629831314087,-0.08720764517784119,-1.7909444570541382,2.1552517414093018,0.8375892639160156,1.4665093421936035,-0.03688395023345947,-0.010296598076820374,0.03163135051727295,0.001312255859375,-0.03444027900695801,-0.023157238960266113
1769571206.3330405,full,goal2.png,-0.7953757047653198,-0.08648334443569183,-1.8157904148101807,2.1531217098236084,0.8569744229316711,1.4803063869476318,-0.8327512741088867,-0.10461445897817612,-1.7778315544128418,2.161959171295166,0.8227264881134033,1.454599380493164,-0.037375569343566895,-0.018131114542484283,0.03795886039733887,0.008837461471557617,-0.03424793481826782,-0.025707006454467773
1769571206.4333491,full,goal2.png,-0.8122483491897583,-0.09781263768672943,-1.8050366640090942,2.154848337173462,0.8417224287986755,1.4684773683547974,-0.8517106771469116,-0.12551209330558777,-1.761366367340088,2.167367935180664,0.8097676038742065,1.4450597763061523,-0.03946232795715332,-0.027699455618858337,0.04367029666900635,0.012519598007202148,-0.031954824924468994,-0.02341759204864502
1769571206.5346832,full,goal2.png,-0.8286060094833374,-0.11413989961147308,-1.7929199934005737,2.159846544265747,0.8279244303703308,1.4577994346618652,-0.8707643151283264,-0.14728394150733948,-1.7443177700042725,2.1723732948303223,0.7965881824493408,1.4362164735794067,-0.042158305644989014,-0.033144041895866394,0.04860222339630127,0.012526750564575195,-0.03133624792098999,-0.021582961082458496
1769571206.635764,full,goal2.png,-0.848901629447937,-0.1367376148700714,-1.7772287130355835,2.166480302810669,0.8129904866218567,1.447136640548706,-0.8877795934677124,-0.168056920170784,-1.7268884181976318,2.1776015758514404,0.7845708131790161,1.4279898405075073,-0.03887796401977539,-0.031319305300712585,0.05034029483795166,0.011121273040771484,-0.028419673442840576,-0.01914680004119873
1769571206.732629,full,goal2.png,-0.8661377429962158,-0.1575482040643692,-1.7621433734893799,2.1713876724243164,0.8008282780647278,1.439003348350525,-0.9042776823043823,-0.19020891189575195,-1.7077587842941284,2.182816743850708,0.7726132273674011,1.4198133945465088,-0.038139939308166504,-0.03266070783138275,0.054384589195251465,0.011429071426391602,-0.02821505069732666,-0.019189953804016113
1769571206.8425887,full,goal2.png,-0.8841614723205566,-0.1786314845085144,-1.7437560558319092,2.1763556003570557,0.7880450487136841,1.4298551082611084,-0.9204304814338684,-0.21358714997768402,-1.686652660369873,2.1886394023895264,0.7614279985427856,1.4113305807113647,-0.03626900911331177,-0.03495566546916962,0.05710339546203613,0.012283802032470703,-0.026617050170898438,-0.018524527549743652
1769571206.940099,full,goal2.png,-0.8987318873405457,-0.19756396114826202,-1.7267017364501953,2.180656909942627,0.7784425616264343,1.4227668046951294,-0.9352116584777832,-0.24026978015899658,-1.6637074947357178,2.1947102546691895,0.7497951984405518,1.4037573337554932,-0.03647977113723755,-0.04270581901073456,0.06299424171447754,0.0140533447265625,-0.02864736318588257,-0.01900947093963623
1769571207.0336366,full,goal2.png,-0.9156953692436218,-0.22282743453979492,-1.7055277824401855,2.186624526977539,0.7666135430335999,1.4135428667068481,-0.9471309185028076,-0.2673934996128082,-1.639656662940979,2.199854612350464,0.7405694723129272,1.397192358970642,-0.03143554925918579,-0.044566065073013306,0.06587111949920654,0.013230085372924805,-0.026044070720672607,-0.016350507736206055
1769571207.1349998,full,goal2.png,-0.9314774870872498,-0.25112009048461914,-1.6807185411453247,2.1930160522460938,0.7540121078491211,1.405091404914856,-0.9583778381347656,-0.292282372713089,-1.6166092157363892,2.20184326171875,0.7332739233970642,1.3904350996017456,-0.02690035104751587,-0.04116228222846985,0.06410932540893555,0.00882720947265625,-0.020738184452056885,-0.014656305313110352
1769571207.2343388,full,goal2.png,-0.943382203578949,-0.2788373529911041,-1.6587265729904175,2.197923421859741,0.7451516389846802,1.3990784883499146,-0.9706724882125854,-0.31475818157196045,-1.5937979221343994,2.2003934383392334,0.729000449180603,1.3829615116119385,-0.027290284633636475,-0.03592082858085632,0.06492865085601807,0.0024700164794921875,-0.01615118980407715,-0.016116976737976074
1769571207.333486,full,goal2.png,-0.9550446271896362,-0.3047671914100647,-1.6362197399139404,2.200255870819092,0.7373817563056946,1.3922476768493652,-0.9853960871696472,-0.3371431827545166,-1.5702157020568848,2.201423406600952,0.7239658832550049,1.372999668121338,-0.030351459980010986,-0.032375991344451904,0.06600403785705566,0.0011675357818603516,-0.013415873050689697,-0.019248008728027344
1769571207.4337995,full,goal2.png,-0.9684639573097229,-0.32697123289108276,-1.61162269115448,2.200498104095459,0.7307327389717102,1.3843566179275513,-1.0010327100753784,-0.35920894145965576,-1.5468801259994507,2.2067465782165527,0.7179369330406189,1.3613979816436768,-0.03256875276565552,-0.032237708568573,0.0647425651550293,0.00624847412109375,-0.012795805931091309,-0.02295863628387451
1769571207.5357542,full,goal2.png,-0.9829131960868835,-0.3503262996673584,-1.587328553199768,2.2017099857330322,0.7255527973175049,1.375147819519043,-1.01668119430542,-0.38298970460891724,-1.5240517854690552,2.2139179706573486,0.7104407548904419,1.3503865003585815,-0.03376799821853638,-0.03266340494155884,0.06327676773071289,0.012207984924316406,-0.015112042427062988,-0.024761319160461426
1769571207.6317596,full,goal2.png,-0.9972413182258606,-0.3754989504814148,-1.5664573907852173,2.20552659034729,0.7196307182312012,1.3647727966308594,-1.0299421548843384,-0.40823134779930115,-1.501417636871338,2.220940589904785,0.7021559476852417,1.343254566192627,-0.03270083665847778,-0.03273239731788635,0.0650397539138794,0.015413999557495117,-0.017474770545959473,-0.021518230438232422
1769571207.7295625,full,goal2.png,-1.0138109922409058,-0.40218615531921387,-1.5412544012069702,2.2119789123535156,0.7120728492736816,1.3542463779449463,-1.042414665222168,-0.4345858693122864,-1.4779568910598755,2.2271621227264404,0.6941850781440735,1.3380831480026245,-0.028603672981262207,-0.03239971399307251,0.06329751014709473,0.015183210372924805,-0.017887771129608154,-0.016163229942321777
1769571207.8375807,full,goal2.png,-1.0269273519515991,-0.4249959886074066,-1.5185052156448364,2.2195820808410645,0.7043484449386597,1.3464008569717407,-1.0539050102233887,-0.46072402596473694,-1.4553853273391724,2.23356556892395,0.6867033839225769,1.332385778427124,-0.02697765827178955,-0.03572803735733032,0.06311988830566406,0.013983488082885742,-0.017645061016082764,-0.0140150785446167
1769571207.9340193,full,goal2.png,-1.0389533042907715,-0.44877517223358154,-1.4968465566635132,2.2258524894714355,0.69722980260849,1.3399182558059692,-1.0656989812850952,-0.4873770773410797,-1.4325885772705078,2.2434184551239014,0.6780787706375122,1.3243427276611328,-0.02674567699432373,-0.03860190510749817,0.06425797939300537,0.01756596565246582,-0.019151031970977783,-0.015575528144836426
1769571208.0352836,full,goal2.png,-1.0506763458251953,-0.4756440818309784,-1.4757026433944702,2.23172926902771,0.6897931098937988,1.3335721492767334,-1.0773556232452393,-0.5146070718765259,-1.4107303619384766,2.25192928314209,0.6696190237998962,1.316972017288208,-0.026679277420043945,-0.038962990045547485,0.06497228145599365,0.020200014114379883,-0.020174086093902588,-0.01660013198852539
1769571208.1359494,full,goal2.png,-1.0632474422454834,-0.506148099899292,-1.4498939514160156,2.24027156829834,0.6811296343803406,1.3256053924560547,-1.0883963108062744,-0.542671799659729,-1.38949453830719,2.2605156898498535,0.6600109934806824,1.3093832731246948,-0.025148868560791016,-0.03652369976043701,0.060399413108825684,0.020244121551513672,-0.021118640899658203,-0.016222119331359863
1769571208.2301893,full,goal2.png,-1.0741223096847534,-0.5339257717132568,-1.4299920797348022,2.249359130859375,0.672950804233551,1.3183050155639648,-1.0979440212249756,-0.5691691637039185,-1.3689297437667847,2.268427610397339,0.649846076965332,1.3021595478057861,-0.023821711540222168,-0.03524339199066162,0.06106233596801758,0.019068479537963867,-0.023104727268218994,-0.01614546775817871
1769571208.335903,full,goal2.png,-1.0854817628860474,-0.56182461977005,-1.4070308208465576,2.2583861351013184,0.662787914276123,1.3105957508087158,-1.1065337657928467,-0.5947101712226868,-1.3483432531356812,2.2797610759735107,0.6386235356330872,1.2931257486343384,-0.021052002906799316,-0.03288555145263672,0.058687567710876465,0.021374940872192383,-0.02416437864303589,-0.01747000217437744
1769571208.4350998,full,goal2.png,-1.0962353944778442,-0.5886633992195129,-1.3858870267868042,2.26698899269104,0.6525643467903137,1.3031589984893799,-1.1144988536834717,-0.6200482845306396,-1.326418161392212,2.2906298637390137,0.6287809610366821,1.285522699356079,-0.01826345920562744,-0.03138488531112671,0.059468865394592285,0.023640871047973633,-0.023783385753631592,-0.01763629913330078
1769571208.5312536,full,goal2.png,-1.1039295196533203,-0.6131392121315002,-1.3661669492721558,2.277106523513794,0.6425377130508423,1.2951316833496094,-1.1212756633758545,-0.6468662023544312,-1.3015652894973755,2.29966139793396,0.6212078332901001,1.2801889181137085,-0.01734614372253418,-0.03372699022293091,0.06460165977478027,0.022554874420166016,-0.021329879760742188,-0.014942765235900879
1769571208.6378684,full,goal2.png,-1.1115933656692505,-0.6418256759643555,-1.3445385694503784,2.2874057292938232,0.6327534317970276,1.2880433797836304,-1.1262202262878418,-0.6706175208091736,-1.27821946144104,2.3068528175354004,0.6158868670463562,1.277862310409546,-0.014626860618591309,-0.028791844844818115,0.06631910800933838,0.01944708824157715,-0.016866564750671387,-0.010181069374084473
1769571208.737391,full,goal2.png,-1.119136095046997,-0.6719358563423157,-1.3188509941101074,2.2965540885925293,0.6240141987800598,1.2822121381759644,-1.1300103664398193,-0.6931986808776855,-1.255146861076355,2.3149662017822266,0.6129429936408997,1.276057243347168,-0.010874271392822266,-0.021262824535369873,0.06370413303375244,0.018412113189697266,-0.011071205139160156,-0.006154894828796387
1769571208.8330224,full,goal2.png,-1.124800682067871,-0.6949578523635864,-1.2974042892456055,2.304823637008667,0.6187282204627991,1.2793192863464355,-1.133848786354065,-0.7170175313949585,-1.2320002317428589,2.3235995769500732,0.6108986735343933,1.274687647819519,-0.009048104286193848,-0.02205967903137207,0.06540405750274658,0.01877593994140625,-0.007829546928405762,-0.004631638526916504
1769571208.9364662,full,goal2.png,-1.1291930675506592,-0.7157987356185913,-1.2708381414413452,2.313971996307373,0.6144722104072571,1.2766990661621094,-1.1379191875457764,-0.7417356371879578,-1.2090520858764648,2.3326215744018555,0.6082174181938171,1.2742640972137451,-0.008726119995117188,-0.025936901569366455,0.06178605556488037,0.018649578094482422,-0.006254792213439941,-0.002434968948364258
1769571209.0335453,full,goal2.png,-1.1328281164169312,-0.7402745485305786,-1.2478770017623901,2.3213024139404297,0.6121094226837158,1.275366187095642,-1.141877293586731,-0.7667067050933838,-1.1866517066955566,2.342376232147217,0.605841338634491,1.2726023197174072,-0.009049177169799805,-0.026432156562805176,0.061225295066833496,0.02107381820678711,-0.0062680840492248535,-0.0027638673782348633
1769571209.13489,full,goal2.png,-1.1364327669143677,-0.7689610123634338,-1.2269452810287476,2.3307838439941406,0.6096709370613098,1.274593710899353,-1.145676851272583,-0.7913360595703125,-1.1631101369857788,2.353865146636963,0.6043598651885986,1.2687712907791138,-0.009244084358215332,-0.022375047206878662,0.06383514404296875,0.023081302642822266,-0.005311071872711182,-0.005822420120239258
1769571209.2347631,full,goal2.png,-1.1407948732376099,-0.7971325516700745,-1.2019542455673218,2.3412952423095703,0.6071718335151672,1.2724884748458862,-1.148986577987671,-0.8159090876579285,-1.1397464275360107,2.361732244491577,0.6038991808891296,1.2648940086364746,-0.008191704750061035,-0.018776535987854004,0.062207818031311035,0.020437002182006836,-0.0032726526260375977,-0.007594466209411621
1769571209.3382556,full,goal2.png,-1.1450660228729248,-0.8194577097892761,-1.1795079708099365,2.3505947589874268,0.6055663824081421,1.2700347900390625,-1.1509000062942505,-0.8397173881530762,-1.1180895566940308,2.3643271923065186,0.6024259924888611,1.2636741399765015,-0.005833983421325684,-0.02025967836380005,0.06141841411590576,0.013732433319091797,-0.003140389919281006,-0.006360650062561035
1769571209.4361553,full,goal2.png,-1.148276925086975,-0.8415406346321106,-1.1546382904052734,2.359682321548462,0.6041578054428101,1.2671116590499878,-1.1527011394500732,-0.8634850978851318,-1.096300482749939,2.3663134574890137,0.599887490272522,1.262674331665039,-0.0044242143630981445,-0.02194446325302124,0.05833780765533447,0.006631135940551758,-0.004270315170288086,-0.0044373273849487305
1769571209.5356424,full,goal2.png,-1.149730920791626,-0.8671979308128357,-1.1321918964385986,2.3635294437408447,0.602749228477478,1.265278935432434,-1.1547472476959229,-0.8862180709838867,-1.075368046760559,2.369633197784424,0.5979567170143127,1.2612773180007935,-0.005016326904296875,-0.019020140171051025,0.05682384967803955,0.0061037540435791016,-0.004792511463165283,-0.004001617431640625
1769571209.6346495,full,goal2.png,-1.1510032415390015,-0.8947634696960449,-1.1104726791381836,2.366286039352417,0.6008256673812866,1.2636280059814453,-1.1586941480636597,-0.9089512228965759,-1.0548067092895508,2.37469482421875,0.5966005921363831,1.2592136859893799,-0.007690906524658203,-0.014187753200531006,0.05566596984863281,0.008408784866333008,-0.0042250752449035645,-0.00441431999206543
1769571209.734061,full,goal2.png,-1.15415358543396,-0.9199361205101013,-1.0905102491378784,2.3692245483398438,0.5989324450492859,1.2619165182113647,-1.1622837781906128,-0.9319915771484375,-1.0340467691421509,2.379486083984375,0.5948842763900757,1.2579463720321655,-0.008130192756652832,-0.012055456638336182,0.05646347999572754,0.01026153564453125,-0.004048168659210205,-0.003970146179199219
1769571209.833885,full,goal2.png,-1.1576977968215942,-0.941231369972229,-1.0697602033615112,2.3732833862304688,0.5973420739173889,1.26023530960083,-1.164631724357605,-0.954551100730896,-1.0133700370788574,2.3840863704681396,0.5923067927360535,1.257063627243042,-0.006933927536010742,-0.013319730758666992,0.05639016628265381,0.010802984237670898,-0.005035281181335449,-0.003171682357788086
1769571209.9341257,full,goal2.png,-1.1610299348831177,-0.9652528166770935,-1.047162413597107,2.378614902496338,0.5954185724258423,1.2587056159973145,-1.1655797958374023,-0.9740299582481384,-0.9954593181610107,2.3845725059509277,0.5915285348892212,1.2580548524856567,-0.004549860954284668,-0.008777141571044922,0.05170309543609619,0.005957603454589844,-0.0038900375366210938,-0.0006507635116577148
1769571210.0357187,full,goal2.png,-1.163453221321106,-0.9848517775535583,-1.028108835220337,2.382431745529175,0.5937979221343994,1.2579028606414795,-1.1658506393432617,-0.9910340309143066,-0.9796726703643799,2.3815228939056396,0.5928056240081787,1.2623887062072754,-0.0023974180221557617,-0.006182253360748291,0.04843616485595703,-0.0009088516235351562,-0.0009922981262207031,0.0044858455657958984
1769571210.1348648,full,goal2.png,-1.1646648645401,-1.0069345235824585,-1.0087522268295288,2.3830678462982178,0.5930406451225281,1.2587813138961792,-1.1671557426452637,-1.0084025859832764,-0.9639533758163452,2.3789780139923096,0.5950785875320435,1.2667663097381592,-0.0024908781051635742,-0.001468062400817871,0.044798851013183594,-0.004089832305908203,0.002037942409515381,0.00798499584197998
1769571210.2353685,full,goal2.png,-1.1649374961853027,-1.0282903909683228,-0.9926066398620605,2.382037878036499,0.5939493775367737,1.2619619369506836,-1.1697560548782349,-1.0274004936218262,-0.9471915364265442,2.3791933059692383,0.5957597494125366,1.2678024768829346,-0.004818558692932129,0.000889897346496582,0.04541510343551636,-0.002844572067260742,0.0018103718757629395,0.0058405399322509766
1769571210.3332849,full,goal2.png,-1.1662098169326782,-1.0473138093948364,-0.9757946133613586,2.3803112506866455,0.5952973961830139,1.2648851871490479,-1.1718603372573853,-1.0443766117095947,-0.9312286376953125,2.3800101280212402,0.5958998203277588,1.2673957347869873,-0.005650520324707031,0.0029371976852416992,0.04456597566604614,-0.00030112266540527344,0.000602424144744873,0.002510547637939453
1769571210.4420211,full,goal2.png,-1.1682696342468262,-1.0644893646240234,-0.9603154063224792,2.379856824874878,0.5959638357162476,1.266096830368042,-1.1723730564117432,-1.0580672025680542,-0.9162240028381348,2.3812756538391113,0.5968183279037476,1.2664743661880493,-0.004103422164916992,0.006422162055969238,0.04409140348434448,0.0014188289642333984,0.0008544921875,0.0003775358200073242
1769571210.5350509,full,goal2.png,-1.1700568199157715,-1.08021080493927,-0.9448968172073364,2.38012957572937,0.596281886100769,1.266263484954834,-1.172167420387268,-1.0692615509033203,-0.9009064435958862,2.3851981163024902,0.5994073748588562,1.2647790908813477,-0.002110600471496582,0.010949254035949707,0.043990373611450195,0.005068540573120117,0.003125488758087158,-0.0014843940734863281
1769571210.633941,full,goal2.png,-1.1718441247940063,-1.0949933528900146,-0.9284483194351196,2.382007598876953,0.5972512364387512,1.2657182216644287,-1.1710834503173828,-1.0801000595092773,-0.8852663040161133,2.387504816055298,0.601638674736023,1.2639048099517822,0.0007606744766235352,0.014893293380737305,0.04318201541900635,0.0054972171783447266,0.0043874382972717285,-0.0018134117126464844
1769571210.7336755,full,goal2.png,-1.1719046831130981,-1.103232741355896,-0.9134538173675537,2.384491443634033,0.5990081429481506,1.264839768409729,-1.1686394214630127,-1.0896066427230835,-0.8724460601806641,2.3862595558166504,0.603084146976471,1.264978289604187,0.0032652616500854492,0.0136260986328125,0.04100775718688965,0.0017681121826171875,0.0040760040283203125,0.0001385211944580078
1769571210.8337357,full,goal2.png,-1.170662760734558,-1.1131987571716309,-0.8972475528717041,2.3860666751861572,0.6007651090621948,1.2649608850479126,-1.1665315628051758,-1.098185658454895,-0.8607928156852722,2.3867623805999756,0.6054580807685852,1.2642234563827515,0.004131197929382324,0.01501309871673584,0.036454737186431885,0.0006957054138183594,0.004692971706390381,-0.0007374286651611328
1769571210.9355705,full,goal2.png,-1.1683604717254639,-1.127496600151062,-0.8830710053443909,2.386218309402466,0.6027038097381592,1.2649911642074585,-1.1656389236450195,-1.1070502996444702,-0.8475668430328369,2.392526626586914,0.6098594665527344,1.2600194215774536,0.002721548080444336,0.020446300506591797,0.035504162311553955,0.006308317184448242,0.007155656814575195,-0.004971742630004883
1769571211.039119,full,goal2.png,-1.1662098169326782,-1.1383713483810425,-0.873165488243103,2.3884599208831787,0.6057783961296082,1.2631888389587402,-1.1645281314849854,-1.117823600769043,-0.8345564007759094,2.395590305328369,0.6161506175994873,1.2583632469177246,0.001681685447692871,0.02054774761199951,0.038609087467193604,0.00713038444519043,0.01037222146987915,-0.004825592041015625
1769571211.1336706,full,goal2.png,-1.1652404069900513,-1.1471257209777832,-0.8592917919158936,2.391852617263794,0.6103070378303528,1.260417103767395,-1.1620380878448486,-1.1273193359375,-0.8260595798492432,2.3933043479919434,0.6220631003379822,1.2600812911987305,0.0032023191452026367,0.019806385040283203,0.03323221206665039,0.001451730728149414,0.011756062507629395,-0.0003358125686645508
1769571211.235887,full,goal2.png,-1.164089322090149,-1.1571826934814453,-0.847326397895813,2.393670082092285,0.6164260506629944,1.2595083713531494,-1.1597429513931274,-1.136497139930725,-0.8185371160507202,2.3902029991149902,0.6278817057609558,1.2623873949050903,0.004346370697021484,0.020685553550720215,0.028789281845092773,-0.003467082977294922,0.011455655097961426,0.002879023551940918
1769571211.3349938,full,goal2.png,-1.162029504776001,-1.1693297624588013,-0.8381479382514954,2.392791509628296,0.6219543218612671,1.2606745958328247,-1.158044457435608,-1.1447397470474243,-0.8095471262931824,2.389846086502075,0.6343996524810791,1.2629470825195312,0.003985047340393066,0.024590015411376953,0.02860081195831299,-0.002945423126220703,0.012445330619812012,0.002272486686706543
1769571211.43678,full,goal2.png,-1.1595152616500854,-1.1801742315292358,-0.8293935656547546,2.3913679122924805,0.6280127167701721,1.2624012231826782,-1.1578755378723145,-1.154363989830017,-0.7985547184944153,2.3891608715057373,0.6403039693832397,1.2628443241119385,0.001639723777770996,0.02581024169921875,0.030838847160339355,-0.002207040786743164,0.012291252613067627,0.0004431009292602539
1769571211.533572,full,goal2.png,-1.157788634300232,-1.188443899154663,-0.8217600584030151,2.3907618522644043,0.6340559720993042,1.263113021850586,-1.1582914590835571,-1.1639149188995361,-0.7865831851959229,2.3879637718200684,0.6455604434013367,1.2616924047470093,-0.0005028247833251953,0.024528980255126953,0.035176873207092285,-0.0027980804443359375,0.01150447130203247,-0.0014206171035766602
1769571211.6365514,full,goal2.png,-1.1573342084884644,-1.1975315809249878,-0.8097947239875793,2.3900651931762695,0.6400386095046997,1.2621588706970215,-1.1595356464385986,-1.1733503341674805,-0.7704204320907593,2.392503261566162,0.6507612466812134,1.2538453340530396,-0.0022014379501342773,0.024181246757507324,0.03937429189682007,0.002438068389892578,0.010722637176513672,-0.008313536643981934
1769571211.7341845,full,goal2.png,-1.1578794717788696,-1.2061042785644531,-0.796920657157898,2.390247106552124,0.6456729173660278,1.2587661743164062,-1.1595700979232788,-1.1797949075698853,-0.7577796578407288,2.3985962867736816,0.6555227041244507,1.2461316585540771,-0.0016906261444091797,0.02630937099456787,0.03914099931716919,0.008349180221557617,0.009849786758422852,-0.012634515762329102
1769571211.83365,full,goal2.png,-1.158545970916748,-1.2156461477279663,-0.7815322875976562,2.393730640411377,0.6511103510856628,1.2527532577514648,-1.1582648754119873,-1.1844319105148315,-0.7486313581466675,2.4043707847595215,0.6599259376525879,1.2397915124893188,0.0002810955047607422,0.031214237213134766,0.03290092945098877,0.010640144348144531,0.008815586566925049,-0.012961745262145996
1769571211.935316,full,goal2.png,-1.158545970916748,-1.220977544784546,-0.7710815668106079,2.398698568344116,0.6560176610946655,1.2463010549545288,-1.1569385528564453,-1.1890780925750732,-0.7397584915161133,2.4092025756835938,0.6646592020988464,1.2344486713409424,0.0016074180603027344,0.031899452209472656,0.03132307529449463,0.010504007339477539,0.008641541004180908,-0.011852383613586426
1769571212.0356846,full,goal2.png,-1.157940149307251,-1.2238552570343018,-0.7609337568283081,2.403484582901001,0.6601373553276062,1.2406970262527466,-1.1565132141113281,-1.1928341388702393,-0.731192946434021,2.41471266746521,0.6695331931114197,1.2280910015106201,0.0014269351959228516,0.0310211181640625,0.02974081039428711,0.011228084564208984,0.009395837783813477,-0.012606024742126465
1769571212.134699,full,goal2.png,-1.1573039293289185,-1.2264604568481445,-0.7512707114219666,2.4093611240386963,0.665226399898529,1.234547734260559,-1.1558865308761597,-1.1960065364837646,-0.7245658040046692,2.4178130626678467,0.6755623817443848,1.2232905626296997,0.001417398452758789,0.030453920364379883,0.026704907417297363,0.00845193862915039,0.010335981845855713,-0.011257171630859375
1769571212.2364423,full,goal2.png,-1.1566375494003296,-1.2298531532287598,-0.7433038949966431,2.4143593311309814,0.6706334948539734,1.228292465209961,-1.1542479991912842,-1.1998486518859863,-0.7176215648651123,2.4184398651123047,0.6816044449806213,1.219537377357483,0.00238955020904541,0.030004501342773438,0.02568233013153076,0.004080533981323242,0.01097095012664795,-0.008755087852478027
1769571212.3350742,full,goal2.png,-1.155577301979065,-1.2332154512405396,-0.7367002964019775,2.41699481010437,0.67540442943573,1.2237638235092163,-1.1516764163970947,-1.203251600265503,-0.7117509841918945,2.4192521572113037,0.6857919692993164,1.2158138751983643,0.003900885581970215,0.02996385097503662,0.024949312210083008,0.0022573471069335938,0.010387539863586426,-0.00794994831085205
1769571212.433704,full,goal2.png,-1.1539415121078491,-1.2368807792663574,-0.7300057411193848,2.41823673248291,0.6807813048362732,1.2192351818084717,-1.1487222909927368,-1.2058478593826294,-0.7071139216423035,2.421505928039551,0.6896277070045471,1.2120206356048584,0.005219221115112305,0.031032919883728027,0.0228918194770813,0.003269195556640625,0.008846402168273926,-0.007214546203613281
1769571212.5393336,full,goal2.png,-1.1517605781555176,-1.2406370639801025,-0.7240381836891174,2.4193575382232666,0.6853705048561096,1.2151912450790405,-1.1458182334899902,-1.208545446395874,-0.7019047737121582,2.4251275062561035,0.6948139667510986,1.2074897289276123,0.005942344665527344,0.032091617584228516,0.02213340997695923,0.005769968032836914,0.009443461894989014,-0.007701516151428223
1769571212.635199,full,goal2.png,-1.149064540863037,-1.2448172569274902,-0.7187976837158203,2.4216294288635254,0.6890358328819275,1.211859107017517,-1.1432709693908691,-1.2115333080291748,-0.6946951150894165,2.430482864379883,0.7002405524253845,1.2023261785507202,0.005793571472167969,0.03328394889831543,0.02410256862640381,0.008853435516357422,0.011204719543457031,-0.009532928466796875
1769571212.736294,full,goal2.png,-1.1460657119750977,-1.248815894126892,-0.713163435459137,2.4254462718963623,0.6946247220039368,1.206815481185913,-1.1416599750518799,-1.2150883674621582,-0.684471070766449,2.436685800552368,0.7064211368560791,1.1973198652267456,0.0044057369232177734,0.03372752666473389,0.02869236469268799,0.01123952865600586,0.011796414852142334,-0.00949561595916748
1769571212.8339024,full,goal2.png,-1.1439452171325684,-1.25211763381958,-0.7064688801765442,2.4298083782196045,0.700062096118927,1.2017112970352173,-1.140114665031433,-1.2191429138183594,-0.6724674105644226,2.443248748779297,0.712350606918335,1.1920541524887085,0.003830552101135254,0.0329747200012207,0.03400146961212158,0.013440370559692383,0.012288510799407959,-0.009657144546508789
1769571212.9340687,full,goal2.png,-1.1419459581375122,-1.2555406093597412,-0.6961089968681335,2.435927152633667,0.7051662802696228,1.1973037719726562,-1.137196660041809,-1.2223694324493408,-0.6619759798049927,2.4471657276153564,0.7176475524902344,1.1881030797958374,0.004749298095703125,0.03317117691040039,0.03413301706314087,0.011238574981689453,0.012481272220611572,-0.009200692176818848
1769571213.03496,full,goal2.png,-1.1400072574615479,-1.2601450681686401,-0.6855977177619934,2.4421372413635254,0.7112701535224915,1.1919269561767578,-1.1337169408798218,-1.2254441976547241,-0.6519162654876709,2.4502604007720947,0.722508430480957,1.1833261251449585,0.006290316581726074,0.034700870513916016,0.03368145227432251,0.008123159408569336,0.011238276958465576,-0.008600831031799316
1769571213.1327827,full,goal2.png,-1.137099266052246,-1.2643859386444092,-0.67478346824646,2.446620225906372,0.7169802188873291,1.1871862411499023,-1.1307973861694336,-1.2273998260498047,-0.6442492008209229,2.450904369354248,0.7285169959068298,1.1791667938232422,0.0063018798828125,0.03698611259460449,0.03053426742553711,0.0042841434478759766,0.011536777019500732,-0.008019447326660156
1769571213.237144,full,goal2.png,-1.1341911554336548,-1.266839623451233,-0.6643630862236023,2.4492859840393066,0.7220237255096436,1.1831120252609253,-1.128463864326477,-1.2289667129516602,-0.6380789279937744,2.4515252113342285,0.7358643412590027,1.1758782863616943,0.005727291107177734,0.037872910499572754,0.02628415822982788,0.002239227294921875,0.01384061574935913,-0.007233738899230957
1769571213.3346992,full,goal2.png,-1.1316163539886475,-1.267293930053711,-0.6573353409767151,2.4503462314605713,0.7282942533493042,1.179113507270813,-1.1259937286376953,-1.2296169996261597,-0.6342272162437439,2.4533677101135254,0.7428809404373169,1.172945261001587,0.0056226253509521484,0.03767693042755127,0.02310812473297119,0.0030214786529541016,0.014586687088012695,-0.006168246269226074
1769571213.4328904,full,goal2.png,-1.1292839050292969,-1.2674757242202759,-0.6512769460678101,2.451406478881836,0.7350190281867981,1.1760540008544922,-1.1242759227752686,-1.230334997177124,-0.6300538778305054,2.458848476409912,0.7495439052581787,1.1683907508850098,0.00500798225402832,0.037140727043151855,0.021223068237304688,0.007441997528076172,0.014524877071380615,-0.007663249969482422
1769571213.5304716,full,goal2.png,-1.127012014389038,-1.267293930053711,-0.6456425786018372,2.4540116786956787,0.7418498396873474,1.172827959060669,-1.1242189407348633,-1.2310150861740112,-0.6238132119178772,2.4651222229003906,0.7570292353630066,1.1641144752502441,0.0027930736541748047,0.03627884387969971,0.02182936668395996,0.011110544204711914,0.01517939567565918,-0.008713483810424805
1769571213.6330173,full,goal2.png,-1.1257398128509521,-1.266839623451233,-0.639796257019043,2.458918809890747,0.7499681115150452,1.1680418252944946,-1.125688076019287,-1.2332167625427246,-0.6114619374275208,2.4743266105651855,0.7641935348510742,1.1568431854248047,5.173683166503906e-05,0.0336228609085083,0.028334319591522217,0.015407800674438477,0.014225423336029053,-0.011198639869689941
1769571213.7339382,full,goal2.png,-1.1255277395248413,-1.2674150466918945,-0.6332532167434692,2.4657950401306152,0.7563899755477905,1.1636494398117065,-1.1276333332061768,-1.2372725009918213,-0.5950396060943604,2.4830005168914795,0.7713494300842285,1.1493840217590332,-0.0021055936813354492,0.030142545700073242,0.03821361064910889,0.017205476760864258,0.014959454536437988,-0.01426541805267334
1769571213.8337123,full,goal2.png,-1.1261638402938843,-1.2696870565414429,-0.6222269535064697,2.474034547805786,0.7638418078422546,1.1565611362457275,-1.1286437511444092,-1.2423458099365234,-0.5786190629005432,2.4907374382019043,0.7778959274291992,1.1423152685165405,-0.0024799108505249023,0.027341246604919434,0.043607890605926514,0.016702890396118164,0.01405411958694458,-0.014245867729187012
1769571213.9337645,full,goal2.png,-1.1269514560699463,-1.2734431028366089,-0.6065660119056702,2.4817590713500977,0.7704454660415649,1.1499271392822266,-1.1284273862838745,-1.2472598552703857,-0.5630755424499512,2.497756004333496,0.7857145071029663,1.1369789838790894,-0.0014759302139282227,0.026183247566223145,0.043490469455718994,0.015996932983398438,0.015269041061401367,-0.012948155403137207
1769571214.032866,full,goal2.png,-1.1277086734771729,-1.2796833515167236,-0.5908445119857788,2.4896349906921387,0.7779729962348938,1.1425814628601074,-1.1284985542297363,-1.2529881000518799,-0.5464856028556824,2.5036590099334717,0.7954412698745728,1.1315829753875732,-0.0007898807525634766,0.02669525146484375,0.044358909130096436,0.014024019241333008,0.017468273639678955,-0.01099848747253418
1769571214.1322043,full,goal2.png,-1.1277996301651,-1.2882559299468994,-0.5761831998825073,2.4972684383392334,0.785409688949585,1.1375681161880493,-1.1280688047409058,-1.2594763040542603,-0.5284730195999146,2.5097439289093018,0.8050968050956726,1.126726746559143,-0.00026917457580566406,0.02877962589263916,0.04771018028259277,0.01247549057006836,0.019687116146087646,-0.01084136962890625
1769571214.2320697,full,goal2.png,-1.1273754835128784,-1.2950716018676758,-0.559674084186554,2.5032663345336914,0.7952393889427185,1.1316460371017456,-1.1263651847839355,-1.2642147541046143,-0.5117149949073792,2.5149333477020264,0.8157569766044617,1.1225261688232422,0.001010298728942871,0.030856847763061523,0.047959089279174805,0.011667013168334961,0.020517587661743164,-0.009119868278503418
1769571214.3331065,full,goal2.png,-1.1267999410629272,-1.298827886581421,-0.5424985289573669,2.5089612007141113,0.8042815327644348,1.1271476745605469,-1.1228289604187012,-1.2661679983139038,-0.4979185461997986,2.5204317569732666,0.8256147503852844,1.1203632354736328,0.003970980644226074,0.03265988826751709,0.04457998275756836,0.011470556259155273,0.02133321762084961,-0.0067844390869140625
1769571214.4317477,full,goal2.png,-1.1261941194534302,-1.3016753196716309,-0.5258076786994934,2.513474702835083,0.8143081665039062,1.1230279207229614,-1.1187424659729004,-1.2667826414108276,-0.48694413900375366,2.524916172027588,0.8342868089675903,1.1208479404449463,0.007451653480529785,0.03489267826080322,0.038863539695739746,0.011441469192504883,0.019978642463684082,-0.0021799802780151367
1769571214.5300682,full,goal2.png,-1.1238313913345337,-1.3060373067855835,-0.5128124356269836,2.5189273357391357,0.8236835598945618,1.122225284576416,-1.1157243251800537,-1.267102599143982,-0.4806961417198181,2.5278122425079346,0.8419809341430664,1.1231732368469238,0.00810706615447998,0.03893470764160156,0.03211629390716553,0.008884906768798828,0.01829737424850464,0.0009479522705078125
1769571214.6291168,full,goal2.png,-1.1196510791778564,-1.3099753856658936,-0.5006350874900818,2.523804187774658,0.8333920836448669,1.1221797466278076,-1.1136422157287598,-1.267838716506958,-0.47720104455947876,2.5281012058258057,0.849333643913269,1.1260918378829956,0.00600886344909668,0.04213666915893555,0.023434042930603027,0.004297018051147461,0.0159415602684021,0.003912091255187988
1769571214.7297924,full,goal2.png,-1.1165612936019897,-1.310914397239685,-0.49463725090026855,2.5262882709503174,0.8411166071891785,1.123482346534729,-1.112183928489685,-1.2685848474502563,-0.47548162937164307,2.5273354053497314,0.8554500341415405,1.1281261444091797,0.0043773651123046875,0.04232954978942871,0.01915562152862549,0.0010471343994140625,0.01433342695236206,0.004643797874450684
1769571214.828261,full,goal2.png,-1.114137887954712,-1.3110657930374146,-0.49112340807914734,2.5271666049957275,0.8483715057373047,1.1260420083999634,-1.1113340854644775,-1.268985390663147,-0.47554725408554077,2.5261716842651367,0.8605311512947083,1.1290497779846191,0.002803802490234375,0.04208040237426758,0.015576153993606567,-0.0009949207305908203,0.012159645557403564,0.0030077695846557617
1769571214.9338038,full,goal2.png,-1.1127444505691528,-1.3113383054733276,-0.48924529552459717,2.5271363258361816,0.8540360927581787,1.1280412673950195,-1.1112390756607056,-1.2697041034698486,-0.47486943006515503,2.5274972915649414,0.8640120625495911,1.128185510635376,0.0015053749084472656,0.041634202003479004,0.014375865459442139,0.0003609657287597656,0.009975969791412354,0.0001442432403564453
1769571215.0315673,full,goal2.png,-1.1115630865097046,-1.3113991022109985,-0.4882456660270691,2.5269546508789062,0.8586707711219788,1.1287682056427002,-1.1113431453704834,-1.2703877687454224,-0.47419533133506775,2.5302624702453613,0.866810142993927,1.127347469329834,0.0002199411392211914,0.04101133346557617,0.014050334692001343,0.003307819366455078,0.008139371871948242,-0.001420736312866211
1769571215.1375635,full,goal2.png,-1.111290454864502,-1.3116716146469116,-0.48748835921287537,2.527651309967041,0.862472414970398,1.1282684803009033,-1.111289143562317,-1.2701436281204224,-0.47327351570129395,2.533751964569092,0.8690184354782104,1.1261528730392456,1.3113021850585938e-06,0.04152798652648926,0.014214843511581421,0.006100654602050781,0.0065460205078125,-0.002115607261657715
1769571215.2303886,full,goal2.png,-1.1113207340240479,-1.3117018938064575,-0.48673108220100403,2.5294384956359863,0.8651683330535889,1.1272385120391846,-1.110800862312317,-1.2688506841659546,-0.4723057150840759,2.5369696617126465,0.871135950088501,1.1247117519378662,0.000519871711730957,0.04285120964050293,0.0144253671169281,0.007531166076660156,0.005967617034912109,-0.0025267601013183594
1769571215.338055,full,goal2.png,-1.1111390590667725,-1.311550498008728,-0.4854891300201416,2.5325889587402344,0.8678188920021057,1.1260420083999634,-1.1104183197021484,-1.267188310623169,-0.4719761312007904,2.538844108581543,0.8734544515609741,1.1238470077514648,0.0007207393646240234,0.04436218738555908,0.013512998819351196,0.006255149841308594,0.005635559558868408,-0.002195000648498535
1769571215.4301267,full,goal2.png,-1.1107149124145508,-1.3113080263137817,-0.4845500588417053,2.5352847576141357,0.869939386844635,1.1248606443405151,-1.1102569103240967,-1.265715479850769,-0.47216761112213135,2.5396056175231934,0.8757750988006592,1.1232209205627441,0.00045800209045410156,0.045592546463012695,0.012382447719573975,0.004320859909057617,0.00583571195602417,-0.001639723777770996
1769571215.535837,full,goal2.png,-1.110472559928894,-1.310581088066101,-0.48403510451316833,2.5370116233825684,0.872544527053833,1.1237701177597046,-1.1101490259170532,-1.2650223970413208,-0.4717366695404053,2.54056453704834,0.8773064613342285,1.1226297616958618,0.0003235340118408203,0.04555869102478027,0.012298434972763062,0.0035529136657714844,0.004761934280395508,-0.0011403560638427734
1769571215.6316433,full,goal2.png,-1.1102303266525269,-1.3090059757232666,-0.483732134103775,2.5383141040802,0.8747406601905823,1.123452067375183,-1.1101797819137573,-1.2647799253463745,-0.4700639247894287,2.5424644947052,0.8781670331954956,1.1218317747116089,5.054473876953125e-05,0.04422605037689209,0.013668209314346313,0.004150390625,0.00342637300491333,-0.0016202926635742188
1769571215.732436,full,goal2.png,-1.1099879741668701,-1.3078547716140747,-0.48309603333473206,2.5395560264587402,0.8760886192321777,1.1228916645050049,-1.1092817783355713,-1.2648485898971558,-0.46645718812942505,2.5459985733032227,0.880312442779541,1.1209566593170166,0.0007061958312988281,0.043006181716918945,0.016638845205307007,0.006442546844482422,0.004223823547363281,-0.0019350051879882812
1769571215.8307443,full,goal2.png,-1.1097456216812134,-1.3076125383377075,-0.4812784790992737,2.5414340496063232,0.8771791458129883,1.1223464012145996,-1.1082727909088135,-1.2643096446990967,-0.4629278779029846,2.5490026473999023,0.8828265070915222,1.1198818683624268,0.0014728307723999023,0.04330289363861084,0.018350601196289062,0.0075685977935791016,0.0056473612785339355,-0.0024645328521728516
1769571215.9295056,full,goal2.png,-1.1093517541885376,-1.3076730966567993,-0.4784916639328003,2.5448570251464844,0.8792541027069092,1.121422529220581,-1.1067891120910645,-1.2639249563217163,-0.4589572548866272,2.5507078170776367,0.8855625987052917,1.119102954864502,0.0025626420974731445,0.04374814033508301,0.019534409046173096,0.005850791931152344,0.006308495998382568,-0.0023195743560791016
1769571216.0328007,full,goal2.png,-1.1085339784622192,-1.3073701858520508,-0.47476571798324585,2.548068046569824,0.8818592429161072,1.1204228401184082,-1.1054834127426147,-1.2629283666610718,-0.4567576050758362,2.5516490936279297,0.8873587846755981,1.1194171905517578,0.003050565719604492,0.044441819190979004,0.018008112907409668,0.0035810470581054688,0.005499541759490967,-0.0010056495666503906
1769571216.1309752,full,goal2.png,-1.1069890260696411,-1.3068854808807373,-0.47119131684303284,2.55006742477417,0.8843432068824768,1.1195443868637085,-1.1047755479812622,-1.2621880769729614,-0.4559197425842285,2.5526325702667236,0.8890328407287598,1.1199729442596436,0.0022134780883789062,0.04469740390777588,0.015271574258804321,0.002565145492553711,0.004689633846282959,0.0004285573959350586
1769571216.2303076,full,goal2.png,-1.105595588684082,-1.3064310550689697,-0.469161719083786,2.5514304637908936,0.8862969875335693,1.1197413206100464,-1.1042743921279907,-1.2606947422027588,-0.4580642580986023,2.551363706588745,0.8903822302818298,1.1206912994384766,0.0013211965560913086,0.04573631286621094,0.011097460985183716,-6.67572021484375e-05,0.004085242748260498,0.0009499788284301758
1769571216.3298652,full,goal2.png,-1.1047474145889282,-1.3058857917785645,-0.46849533915519714,2.55218768119812,0.8880539536476135,1.1199836730957031,-1.1030669212341309,-1.2593491077423096,-0.46056026220321655,2.5481314659118652,0.8929036259651184,1.121833086013794,0.0016804933547973633,0.04653668403625488,0.00793507695198059,-0.004056215286254883,0.004849672317504883,0.0018494129180908203
1769571216.432804,full,goal2.png,-1.103747844696045,-1.303674578666687,-0.4689193665981293,2.5518243312835693,0.8896139860153198,1.120665192604065,-1.1005175113677979,-1.2586071491241455,-0.46097517013549805,2.545184850692749,0.8958022594451904,1.123018503189087,0.0032303333282470703,0.045067429542541504,0.007944196462631226,-0.0066394805908203125,0.0061882734298706055,0.0023533105850219727
1769571216.5299153,full,goal2.png,-1.1024149656295776,-1.3010390996932983,-0.46991899609565735,2.549673557281494,0.8916435837745667,1.1215133666992188,-1.0977251529693604,-1.2580344676971436,-0.45928141474723816,2.543369770050049,0.8999211192131042,1.1235530376434326,0.004689812660217285,0.043004631996154785,0.01063758134841919,-0.0063037872314453125,0.008277535438537598,0.002039670944213867
1769571216.6299145,full,goal2.png,-1.100536823272705,-1.3003424406051636,-0.47040367126464844,2.546826124191284,0.8950816988945007,1.122528076171875,-1.0958448648452759,-1.2568204402923584,-0.45853638648986816,2.540572166442871,0.9036558270454407,1.1240568161010742,0.004691958427429199,0.043522000312805176,0.011867284774780273,-0.006253957748413086,0.008574128150939941,0.0015287399291992188
1769571216.7323112,full,goal2.png,-1.097749948501587,-1.3001606464385986,-0.4701007604598999,2.54437255859375,0.8986107110977173,1.1230279207229614,-1.094313383102417,-1.255077838897705,-0.4580664038658142,2.539271593093872,0.9057382345199585,1.124948501586914,0.003436565399169922,0.045082807540893555,0.012034356594085693,-0.00510096549987793,0.007127523422241211,0.0019205808639526367
1769571216.8312254,full,goal2.png,-1.0955992937088013,-1.299403429031372,-0.46970701217651367,2.5417673587799072,0.9016398787498474,1.1235731840133667,-1.0929019451141357,-1.2536404132843018,-0.4584144949913025,2.542665481567383,0.9051077365875244,1.1243516206741333,0.0026973485946655273,0.04576301574707031,0.011292517185211182,0.0008981227874755859,0.003467857837677002,0.0007784366607666016
1769571216.9303782,full,goal2.png,-1.0945087671279907,-1.2984340190887451,-0.4694646894931793,2.540616273880005,0.9036543369293213,1.1242547035217285,-1.0915088653564453,-1.2526251077651978,-0.4576687514781952,2.5470457077026367,0.9039558172225952,1.1233525276184082,0.00299990177154541,0.04580891132354736,0.01179593801498413,0.006429433822631836,0.0003014802932739258,-0.0009021759033203125
1769571217.029698,full,goal2.png,-1.0937817096710205,-1.297404170036316,-0.46940404176712036,2.5419187545776367,0.9039572477340698,1.1241941452026367,-1.089958667755127,-1.2517656087875366,-0.4549972116947174,2.550525188446045,0.904552698135376,1.1224489212036133,0.0038230419158935547,0.0456385612487793,0.014406830072402954,0.008606433868408203,0.0005954504013061523,-0.0017452239990234375
1769571217.1307123,full,goal2.png,-1.0919945240020752,-1.297070860862732,-0.4687982499599457,2.545947551727295,0.9038966298103333,1.1237701177597046,-1.0892490148544312,-1.251108169555664,-0.4528277516365051,2.551243305206299,0.9052361249923706,1.122133731842041,0.002745509147644043,0.04596269130706787,0.015970498323440552,0.005295753479003906,0.0013394951820373535,-0.0016363859176635742
1769571217.23493,full,goal2.png,-1.0900558233261108,-1.2971011400222778,-0.46767741441726685,2.549128293991089,0.904123842716217,1.123300552368164,-1.0906729698181152,-1.2510005235671997,-0.4530060291290283,2.5513570308685303,0.90447998046875,1.1201227903366089,-0.0006171464920043945,0.046100616455078125,0.014671385288238525,0.0022287368774414062,0.000356137752532959,-0.0031777620315551758
1769571217.330097,full,goal2.png,-1.089207649230957,-1.2968286275863647,-0.46634459495544434,2.550642967224121,0.9043964743614197,1.122876524925232,-1.0942046642303467,-1.2503573894500732,-0.45712903141975403,2.549931764602661,0.9007768630981445,1.1167017221450806,-0.0049970149993896484,0.046471238136291504,0.009215563535690308,-0.0007112026214599609,-0.0036196112632751465,-0.006174802780151367
1769571217.431133,full,goal2.png,-1.0901466608047485,-1.2946778535842896,-0.46582964062690735,2.5512185096740723,0.903290867805481,1.12110435962677,-1.0966603755950928,-1.2491401433944702,-0.4606514871120453,2.5493953227996826,0.8979160785675049,1.113466501235962,-0.006513714790344238,0.045537710189819336,0.0051781535148620605,-0.0018231868743896484,-0.005374789237976074,-0.0076378583908081055
1769571217.5323722,full,goal2.png,-1.0927518606185913,-1.292951226234436,-0.4670413136482239,2.550915479660034,0.9007614254951477,1.1183630228042603,-1.0967786312103271,-1.247626543045044,-0.4626298248767853,2.5487818717956543,0.8978484869003296,1.1120723485946655,-0.00402677059173584,0.04532468318939209,0.004411488771438599,-0.002133607864379883,-0.0029129385948181152,-0.0062906742095947266
1769571217.6348522,full,goal2.png,-1.0954174995422363,-1.2919819355010986,-0.46928292512893677,2.5504610538482666,0.8984895348548889,1.115576148033142,-1.0950669050216675,-1.247422695159912,-0.4621228873729706,2.5487680435180664,0.9005600214004517,1.1119680404663086,0.00035059452056884766,0.04455924034118652,0.0071600377559661865,-0.0016930103302001953,0.002070486545562744,-0.003608107566833496
1769571217.7350829,full,goal2.png,-1.096447467803955,-1.2898614406585693,-0.4706459939479828,2.5499157905578613,0.8981109261512756,1.1139554977416992,-1.09300696849823,-1.2463113069534302,-0.4625663161277771,2.5485756397247314,0.9040215015411377,1.1128056049346924,0.0034404993057250977,0.04355013370513916,0.008079677820205688,-0.0013401508331298828,0.0059105753898620605,-0.001149892807006836
1769571217.8297896,full,goal2.png,-1.095659852027893,-1.2864081859588623,-0.4706459939479828,2.5496432781219482,0.8993225693702698,1.1131376028060913,-1.0930325984954834,-1.2441222667694092,-0.4684329032897949,2.5485754013061523,0.9038097262382507,1.1146409511566162,0.002627253532409668,0.042285919189453125,0.002213090658187866,-0.0010678768157958984,0.004487156867980957,0.0015033483505249023
1769571217.9314406,full,goal2.png,-1.094236135482788,-1.2834092378616333,-0.4711306691169739,2.549431324005127,0.901685357093811,1.1131678819656372,-1.0942760705947876,-1.2406787872314453,-0.4793916344642639,2.551703691482544,0.8994560241699219,1.1180580854415894,-3.993511199951172e-05,0.04273045063018799,-0.008260965347290039,0.002272367477416992,-0.00222933292388916,0.0048902034759521484
1769571218.0307574,full,goal2.png,-1.093478798866272,-1.2802284955978394,-0.4757653474807739,2.5495827198028564,0.9019730687141418,1.1145461797714233,-1.0959535837173462,-1.2374818325042725,-0.4901341199874878,2.5550785064697266,0.8926846981048584,1.1206250190734863,-0.0024747848510742188,0.042746663093566895,-0.014368772506713867,0.005495786666870117,-0.009288370609283447,0.006078839302062988
1769571218.129553,full,goal2.png,-1.0937817096710205,-1.2753212451934814,-0.4846712052822113,2.551248788833618,0.8988833427429199,1.1175148487091064,-1.0974137783050537,-1.235339641571045,-0.4963788390159607,2.5591423511505127,0.8863695859909058,1.1200361251831055,-0.003632068634033203,0.03998160362243652,-0.01170763373374939,0.007893562316894531,-0.01251375675201416,0.0025212764739990234
1769571218.2309668,full,goal2.png,-1.0953569412231445,-1.2696870565414429,-0.4936073422431946,2.5542778968811035,0.894385039806366,1.1194685697555542,-1.0980042219161987,-1.2341023683547974,-0.49917978048324585,2.5630037784576416,0.8819881677627563,1.1185334920883179,-0.0026472806930541992,0.03558468818664551,-0.0055724382400512695,0.008725881576538086,-0.01239687204360962,-0.0009350776672363281
1769571218.331152,full,goal2.png,-1.0971441268920898,-1.2675060033798218,-0.49875694513320923,2.5574586391448975,0.889159619808197,1.1200592517852783,-1.097034215927124,-1.2336151599884033,-0.5021514892578125,2.5669362545013428,0.8778924942016602,1.1184802055358887,0.00010991096496582031,0.03389084339141846,-0.0033945441246032715,0.009477615356445312,-0.011267125606536865,-0.0015790462493896484
1769571218.4300861,full,goal2.png,-1.09787118434906,-1.267142415046692,-0.5028160810470581,2.56109356880188,0.8843128681182861,1.1192717552185059,-1.094650387763977,-1.2330777645111084,-0.502943754196167,2.571131944656372,0.8757370710372925,1.1186081171035767,0.003220796585083008,0.034064650535583496,-0.00012767314910888672,0.010038375854492188,-0.008575797080993652,-0.0006636381149291992
1769571218.5317514,full,goal2.png,-1.0974167585372925,-1.2657490968704224,-0.506087601184845,2.5649406909942627,0.8798448443412781,1.119226336479187,-1.0913299322128296,-1.2323241233825684,-0.5037974119186401,2.575291156768799,0.874286413192749,1.1181379556655884,0.006086826324462891,0.033424973487854004,0.002290189266204834,0.010350465774536133,-0.005558431148529053,-0.0010883808135986328
1769571218.631927,full,goal2.png,-1.095841646194458,-1.2645676136016846,-0.5076324939727783,2.568575620651245,0.8771488070487976,1.1192868947982788,-1.088844656944275,-1.2311837673187256,-0.5059002637863159,2.5779988765716553,0.8734232187271118,1.11815345287323,0.0069969892501831055,0.033383846282958984,0.0017322301864624023,0.009423255920410156,-0.003725588321685791,-0.0011334419250488281
1769571218.7306755,full,goal2.png,-1.0931758880615234,-1.2641738653182983,-0.5087836384773254,2.572756052017212,0.8754676580429077,1.1188173294067383,-1.088381290435791,-1.229140281677246,-0.5096559524536133,2.578681468963623,0.8737484812736511,1.1179293394088745,0.004794597625732422,0.035033583641052246,-0.0008723139762878418,0.005925416946411133,-0.0017191767692565918,-0.0008879899978637695
1769571218.830381,full,goal2.png,-1.0905102491378784,-1.263840675354004,-0.5108131766319275,2.575875997543335,0.874422550201416,1.1186810731887817,-1.090646743774414,-1.227482557296753,-0.5128332376480103,2.577146053314209,0.8741353750228882,1.1168268918991089,-0.00013649463653564453,0.03635811805725098,-0.0020200610160827637,0.0012700557708740234,-0.00028717517852783203,-0.0018541812896728516
1769571218.930754,full,goal2.png,-1.0897831916809082,-1.2622957229614258,-0.5140240788459778,2.5770576000213623,0.8742256760597229,1.118453860282898,-1.0936548709869385,-1.225837230682373,-0.5129969716072083,2.577476739883423,0.8723316192626953,1.1134140491485596,-0.0038716793060302734,0.036458492279052734,0.0010271072387695312,0.0004191398620605469,-0.0018940567970275879,-0.005039811134338379
1769571219.0318756,full,goal2.png,-1.0909039974212646,-1.2604176998138428,-0.517204761505127,2.576875686645508,0.874028742313385,1.117620825767517,-1.0958871841430664,-1.224482774734497,-0.5109696388244629,2.5787556171417236,0.8691962957382202,1.1097743511199951,-0.004983186721801758,0.0359349250793457,0.0062351226806640625,0.0018799304962158203,-0.004832446575164795,-0.007846474647521973
1769571219.130628,full,goal2.png,-1.0935393571853638,-1.2586607933044434,-0.518204391002655,2.5769665241241455,0.8724384307861328,1.1150914430618286,-1.097118854522705,-1.2231919765472412,-0.5103273391723633,2.5787179470062256,0.8677120804786682,1.107633352279663,-0.0035794973373413086,0.03546881675720215,0.007877051830291748,0.0017514228820800781,-0.0047263503074646,-0.007458090782165527
1769571219.2295668,full,goal2.png,-1.0959324836730957,-1.256388783454895,-0.5178409218788147,2.5775723457336426,0.8700000047683716,1.1120773553848267,-1.096836805343628,-1.2228164672851562,-0.511690080165863,2.576990842819214,0.8690463304519653,1.1084318161010742,-0.0009043216705322266,0.03357231616973877,0.00615084171295166,-0.0005815029144287109,-0.00095367431640625,-0.0036455392837524414
1769571219.3312216,full,goal2.png,-1.0974167585372925,-1.2540563344955444,-0.5173562169075012,2.5778450965881348,0.8683490753173828,1.1098508834838867,-1.094952940940857,-1.224300503730774,-0.5115985870361328,2.5793354511260986,0.8688714504241943,1.108384609222412,0.002463817596435547,0.029755830764770508,0.005757629871368408,0.0014903545379638672,0.0005223751068115234,-0.0014662742614746094
1769571219.4324155,full,goal2.png,-1.0976591110229492,-1.2529658079147339,-0.5175076723098755,2.577390670776367,0.8686671257019043,1.1095632314682007,-1.091196060180664,-1.2268571853637695,-0.5114967823028564,2.5849032402038574,0.866723895072937,1.1070114374160767,0.006463050842285156,0.026108622550964355,0.006010890007019043,0.007512569427490234,-0.0019432306289672852,-0.0025517940521240234
1769571219.5326722,full,goal2.png,-1.0965383052825928,-1.2532081604003906,-0.5176591277122498,2.5786325931549072,0.8686065077781677,1.1093814373016357,-1.0881061553955078,-1.2290756702423096,-0.5121992826461792,2.591409206390381,0.8626433610916138,1.1038552522659302,0.008432149887084961,0.024132490158081055,0.005459845066070557,0.012776613235473633,-0.005963146686553955,-0.005526185035705566
1769571219.6309168,full,goal2.png,-1.0940240621566772,-1.2542381286621094,-0.5176288485527039,2.5829644203186035,0.8672888278961182,1.1082454919815063,-1.0866512060165405,-1.2300477027893066,-0.5125489234924316,2.5940327644348145,0.8615708351135254,1.1026458740234375,0.007372856140136719,0.024190425872802734,0.005079925060272217,0.011068344116210938,-0.0057179927825927734,-0.005599617958068848
1769571219.7307374,full,goal2.png,-1.0909342765808105,-1.2558737993240356,-0.5178106427192688,2.5882351398468018,0.864274799823761,1.1057463884353638,-1.0875217914581299,-1.2284553050994873,-0.5116609334945679,2.594486951828003,0.8622199892997742,1.102541208267212,0.003412485122680664,0.02741849422454834,0.006149709224700928,0.006251811981201172,-0.0020548105239868164,-0.0032051801681518555
1769571219.831728,full,goal2.png,-1.089207649230957,-1.2576308250427246,-0.5180529356002808,2.591658115386963,0.8624875545501709,1.104080319404602,-1.0905698537826538,-1.2245882749557495,-0.5133966207504272,2.5948333740234375,0.8610124588012695,1.1023458242416382,-0.0013622045516967773,0.0330425500869751,0.004656314849853516,0.0031752586364746094,-0.0014750957489013672,-0.0017344951629638672
1769571219.9310248,full,goal2.png,-1.0895105600357056,-1.257539987564087,-0.5179923176765442,2.592869758605957,0.8621240854263306,1.1035653352737427,-1.0939691066741943,-1.2211980819702148,-0.5135801434516907,2.5958216190338135,0.8589032888412476,1.1002558469772339,-0.0044585466384887695,0.03634190559387207,0.004412174224853516,0.0029518604278564453,-0.003220796585083008,-0.003309488296508789
1769571220.0330434,full,goal2.png,-1.0913281440734863,-1.255116581916809,-0.5185376405715942,2.5936272144317627,0.8614273071289062,1.1031110286712646,-1.0964993238449097,-1.2188082933425903,-0.514121413230896,2.596165418624878,0.8571617007255554,1.0984301567077637,-0.00517117977142334,0.03630828857421875,0.004416227340698242,0.0025382041931152344,-0.00426560640335083,-0.0046808719635009766
1769571220.133019,full,goal2.png,-1.0941755771636963,-1.252329707145691,-0.5189313888549805,2.594444990158081,0.859836995601654,1.1016418933868408,-1.0973310470581055,-1.2174752950668335,-0.5153059363365173,2.596641778945923,0.8572324514389038,1.0979042053222656,-0.0031554698944091797,0.03485441207885742,0.0036254525184631348,0.002196788787841797,-0.002604544162750244,-0.0037376880645751953
1769571220.232174,full,goal2.png,-1.0965685844421387,-1.250269889831543,-0.5193857550621033,2.5949599742889404,0.8581255078315735,1.099990963935852,-1.0960661172866821,-1.2173998355865479,-0.5148642063140869,2.5983827114105225,0.8579628467559814,1.097481608390808,0.000502467155456543,0.03287005424499512,0.004521548748016357,0.0034227371215820312,-0.00016266107559204102,-0.0025093555450439453
1769571220.3295574,full,goal2.png,-1.0976591110229492,-1.2481796741485596,-0.5201733112335205,2.5955355167388916,0.8576105237007141,1.099233627319336,-1.093855857849121,-1.2191365957260132,-0.5103273987770081,2.6006879806518555,0.8594577312469482,1.0963678359985352,0.003803253173828125,0.029043078422546387,0.009845912456512451,0.005152463912963867,0.0018472075462341309,-0.0028657913208007812
1769571220.4288263,full,goal2.png,-1.0973259210586548,-1.247119426727295,-0.520021915435791,2.5968987941741943,0.8579588532447815,1.0987035036087036,-1.0915766954421997,-1.2215298414230347,-0.5038598775863647,2.603318214416504,0.8589404821395874,1.0941698551177979,0.005749225616455078,0.025589585304260254,0.01616203784942627,0.00641942024230957,0.0009816288948059082,-0.004533648490905762
1769571220.530047,full,goal2.png,-1.0959930419921875,-1.2470588684082031,-0.518204391002655,2.5990190505981445,0.8589130640029907,1.097779631614685,-1.0896883010864258,-1.2227954864501953,-0.49895763397216797,2.6058168411254883,0.8594139814376831,1.0928561687469482,0.006304740905761719,0.024263381958007812,0.01924675703048706,0.00679779052734375,0.0005009174346923828,-0.004923462867736816
1769571220.6322463,full,goal2.png,-1.0936908721923828,-1.2483311891555786,-0.5130850076675415,2.6016242504119873,0.8591554164886475,1.0961135625839233,-1.0886566638946533,-1.2230956554412842,-0.49742963910102844,2.6087775230407715,0.8584924936294556,1.092393159866333,0.005034208297729492,0.025235533714294434,0.01565536856651306,0.00715327262878418,-0.0006629228591918945,-0.003720402717590332
1769571220.732812,full,goal2.png,-1.0919036865234375,-1.249482274055481,-0.5085412859916687,2.6041383743286133,0.8596552610397339,1.0946141481399536,-1.088367223739624,-1.2225303649902344,-0.495715856552124,2.610898017883301,0.8584375381469727,1.0920029878616333,0.0035364627838134766,0.026951909065246582,0.012825429439544678,0.0067596435546875,-0.0012177228927612305,-0.0026111602783203125
1769571220.830167,full,goal2.png,-1.090631365776062,-1.250088095664978,-0.5060573220252991,2.607137441635132,0.8591402769088745,1.0938265323638916,-1.0896525382995605,-1.2217903137207031,-0.49372100830078125,2.6121766567230225,0.8576338291168213,1.0899200439453125,0.0009788274765014648,0.028297781944274902,0.012336313724517822,0.005039215087890625,-0.0015064477920532227,-0.0039064884185791016
1769571220.9322858,full,goal2.png,-1.090177059173584,-1.250239610671997,-0.5036339163780212,2.609530448913574,0.8588827848434448,1.0932661294937134,-1.0919029712677002,-1.2213462591171265,-0.49036431312561035,2.613306999206543,0.8578161001205444,1.0870304107666016,-0.001725912094116211,0.028893351554870605,0.013269603252410889,0.00377655029296875,-0.0010666847229003906,-0.006235718727111816
1769571221.031065,full,goal2.png,-1.0908434391021729,-1.2498457431793213,-0.5013923645019531,2.6109845638275146,0.8584738969802856,1.091342568397522,-1.09358811378479,-1.221846342086792,-0.4858315587043762,2.6142971515655518,0.8578938245773315,1.0838592052459717,-0.0027446746826171875,0.027999401092529297,0.015560805797576904,0.0033125877380371094,-0.0005800724029541016,-0.007483363151550293
1769571221.1321433,full,goal2.png,-1.0925700664520264,-1.2495428323745728,-0.4985146224498749,2.6120445728302,0.8585193157196045,1.088964581489563,-1.0960235595703125,-1.2231146097183228,-0.4842779338359833,2.6152210235595703,0.855664849281311,1.0810675621032715,-0.003453493118286133,0.02642822265625,0.014236688613891602,0.003176450729370117,-0.002854466438293457,-0.007897019386291504
1769571221.2324529,full,goal2.png,-1.0942058563232422,-1.2497549057006836,-0.4954248070716858,2.6131653785705566,0.8582012057304382,1.085799217224121,-1.097827672958374,-1.2241814136505127,-0.48357030749320984,2.616225481033325,0.8534737825393677,1.078127384185791,-0.003621816635131836,0.0255734920501709,0.011854499578475952,0.0030601024627685547,-0.004727423191070557,-0.007671833038330078
1769571221.33004,full,goal2.png,-1.0959324836730957,-1.2505121231079102,-0.4936679005622864,2.6142256259918213,0.8563080430030823,1.0827850103378296,-1.0994226932525635,-1.2252566814422607,-0.48357710242271423,2.6167714595794678,0.8523122072219849,1.0755209922790527,-0.0034902095794677734,0.025255441665649414,0.010090798139572144,0.0025458335876464844,-0.003995835781097412,-0.0072640180587768555
1769571221.446864,full,goal2.png,-1.0976893901824951,-1.2516026496887207,-0.4926985502243042,2.6151344776153564,0.8544904589653015,1.0797256231307983,-1.1001598834991455,-1.226317048072815,-0.4816068708896637,2.617602586746216,0.8528765439987183,1.0736336708068848,-0.0024704933166503906,0.02528560161590576,0.011091679334640503,0.002468109130859375,-0.001613914966583252,-0.006091952323913574
1769571221.531295,full,goal2.png,-1.0990828275680542,-1.2523599863052368,-0.49236536026000977,2.61561918258667,0.8532788157463074,1.0773324966430664,-1.101916790008545,-1.2268840074539185,-0.4819142818450928,2.618138313293457,0.8520323634147644,1.0721814632415771,-0.0028339624404907227,0.02547597885131836,0.010451078414916992,0.0025191307067871094,-0.0012464523315429688,-0.005151033401489258
1769571221.6330357,full,goal2.png,-1.0998098850250244,-1.2531172037124634,-0.4912748336791992,2.6163158416748047,0.8532938957214355,1.0754998922348022,-1.1035335063934326,-1.2270005941390991,-0.4829763174057007,2.6181299686431885,0.8511302471160889,1.0713858604431152,-0.003723621368408203,0.026116609573364258,0.008298516273498535,0.001814126968383789,-0.0021636486053466797,-0.004114031791687012
1769571221.7342706,full,goal2.png,-1.1008700132369995,-1.2538442611694336,-0.490881085395813,2.6169216632843018,0.8526577949523926,1.0739853382110596,-1.1044172048568726,-1.2276620864868164,-0.4830504059791565,2.6187586784362793,0.8502047061920166,1.0706639289855957,-0.003547191619873047,0.026182174682617188,0.007830679416656494,0.001837015151977539,-0.0024530887603759766,-0.003321409225463867
1769571221.8294141,full,goal2.png,-1.1025058031082153,-1.2541775703430176,-0.49112340807914734,2.61722469329834,0.8518248200416565,1.0729705095291138,-1.1050195693969727,-1.2284406423568726,-0.4825150966644287,2.618955135345459,0.8499442338943481,1.069960117340088,-0.0025137662887573242,0.02573692798614502,0.008608311414718628,0.0017304420471191406,-0.0018805861473083496,-0.003010392189025879
1769571221.9322205,full,goal2.png,-1.1038992404937744,-1.254359245300293,-0.49115368723869324,2.6175880432128906,0.8510069251060486,1.0720617771148682,-1.1045230627059937,-1.2291765213012695,-0.48474299907684326,2.621350049972534,0.848275363445282,1.06953763961792,-0.0006238222122192383,0.025182723999023438,0.006410688161849976,0.0037620067596435547,-0.0027315616607666016,-0.002524137496948242
1769571222.031085,full,goal2.png,-1.1045050621032715,-1.2547531127929688,-0.49109312891960144,2.61810302734375,0.8504919409751892,1.071455955505371,-1.1031296253204346,-1.2294247150421143,-0.4899957776069641,2.6239113807678223,0.8458764553070068,1.0704542398452759,0.001375436782836914,0.025328397750854492,0.001097351312637329,0.005808353424072266,-0.004615485668182373,-0.0010017156600952148
1769571222.1292856,full,goal2.png,-1.104202151298523,-1.2552679777145386,-0.49200183153152466,2.6194965839385986,0.8496891856193542,1.0709258317947388,-1.101813793182373,-1.2297866344451904,-0.49283817410469055,2.625664710998535,0.8437304496765137,1.0713008642196655,0.0023883581161499023,0.025481343269348145,-0.0008363425731658936,0.0061681270599365234,-0.005958735942840576,0.0003750324249267578
1769571222.229642,full,goal2.png,-1.1030813455581665,-1.2556921243667603,-0.494849294424057,2.6216773986816406,0.8477656245231628,1.0710923671722412,-1.1017746925354004,-1.2301645278930664,-0.49146342277526855,2.625274658203125,0.8431644439697266,1.0705575942993164,0.0013066530227661133,0.025527596473693848,0.003385871648788452,0.003597259521484375,-0.004601180553436279,-0.0005347728729248047
1769571222.33196,full,goal2.png,-1.1022937297821045,-1.2558737993240356,-0.4966668486595154,2.6232829093933105,0.8461753129959106,1.0715619325637817,-1.1031360626220703,-1.2300992012023926,-0.4897647798061371,2.6229496002197266,0.8418205976486206,1.0697197914123535,-0.0008423328399658203,0.025774598121643066,0.006902068853378296,-0.0003333091735839844,-0.004354715347290039,-0.0018421411514282227
1769571222.4329507,full,goal2.png,-1.1020514965057373,-1.2559040784835815,-0.4967274069786072,2.623404026031494,0.8450393676757812,1.0712741613388062,-1.1041560173034668,-1.2293403148651123,-0.4902910590171814,2.621861457824707,0.8401002883911133,1.069037914276123,-0.002104520797729492,0.02656376361846924,0.006436347961425781,-0.0015425682067871094,-0.004939079284667969,-0.0022362470626831055
1769571222.5323675,full,goal2.png,-1.1024452447891235,-1.2559040784835815,-0.49633359909057617,2.6227376461029053,0.8435854315757751,1.0706076622009277,-1.1050379276275635,-1.2287310361862183,-0.491604208946228,2.6213083267211914,0.8380396366119385,1.068671464920044,-0.0025926828384399414,0.02717304229736328,0.0047293901443481445,-0.0014293193817138672,-0.00554579496383667,-0.001936197280883789
1769571222.6313164,full,goal2.png,-1.1032025814056396,-1.255782961845398,-0.49633359909057617,2.621889591217041,0.8420102000236511,1.069911003112793,-1.1051127910614014,-1.228919267654419,-0.49019691348075867,2.6213769912719727,0.8382581472396851,1.0684353113174438,-0.0019102096557617188,0.026863694190979004,0.006136685609817505,-0.0005125999450683594,-0.0037520527839660645,-0.001475691795349121
1769571222.7323446,full,goal2.png,-1.1042324304580688,-1.2555103302001953,-0.4966062009334564,2.621223211288452,0.8401775360107422,1.069290041923523,-1.1048471927642822,-1.2300432920455933,-0.487223744392395,2.6217148303985596,0.8386763334274292,1.0676298141479492,-0.0006147623062133789,0.02546703815460205,0.009382456541061401,0.0004916191101074219,-0.0015012025833129883,-0.0016602277755737305
1769571222.8330967,full,goal2.png,-1.1046868562698364,-1.25532865524292,-0.496273010969162,2.6210412979125977,0.8397383093833923,1.0689719915390015,-1.1050641536712646,-1.2310820817947388,-0.4852710962295532,2.6218650341033936,0.838588535785675,1.0663418769836426,-0.00037729740142822266,0.024246573448181152,0.011001914739608765,0.0008237361907958984,-0.0011497735977172852,-0.0026301145553588867
1769571222.9308007,full,goal2.png,-1.1045960187911987,-1.2556012868881226,-0.49509161710739136,2.6210715770721436,0.839617133140564,1.068487286567688,-1.1054558753967285,-1.2314680814743042,-0.4846917390823364,2.6223111152648926,0.8372960090637207,1.0654990673065186,-0.0008598566055297852,0.02413320541381836,0.010399878025054932,0.0012395381927490234,-0.0023211240768432617,-0.0029882192611694336
1769571223.031746,full,goal2.png,-1.1045353412628174,-1.256419062614441,-0.49378910660743713,2.6211929321289062,0.8392384648323059,1.0675634145736694,-1.1056267023086548,-1.2315268516540527,-0.4848524332046509,2.6231842041015625,0.8357552289962769,1.0648620128631592,-0.0010913610458374023,0.024892210960388184,0.008936673402786255,0.00199127197265625,-0.0034832358360290527,-0.002701401710510254
1769571223.1315267,full,goal2.png,-1.1046565771102905,-1.2570855617523193,-0.49297118186950684,2.6214048862457275,0.838193416595459,1.0665485858917236,-1.106236219406128,-1.2318363189697266,-0.4842405915260315,2.623758316040039,0.8348448872566223,1.0640926361083984,-0.0015796422958374023,0.025249242782592773,0.008730590343475342,0.0023534297943115234,-0.00334852933883667,-0.0024559497833251953
1769571223.2304144,full,goal2.png,-1.1050200462341309,-1.2576913833618164,-0.4927288293838501,2.621859312057495,0.8370422720909119,1.0655792951583862,-1.1065962314605713,-1.2329344749450684,-0.4826503396034241,2.6240382194519043,0.8345310091972351,1.0633634328842163,-0.0015761852264404297,0.024756908416748047,0.010078489780426025,0.0021789073944091797,-0.002511262893676758,-0.002215862274169922
1769571223.3323064,full,goal2.png,-1.1055653095245361,-1.2580852508544922,-0.49245622754096985,2.622253179550171,0.8362092971801758,1.0648976564407349,-1.1069011688232422,-1.233742594718933,-0.48144739866256714,2.624549388885498,0.8345819711685181,1.0624406337738037,-0.0013358592987060547,0.024342656135559082,0.01100882887840271,0.0022962093353271484,-0.0016273260116577148,-0.0024570226669311523
