timestamp,model_name,goal_image,curr_j0,curr_j1,curr_j2,curr_j3,curr_j4,curr_j5,cmd_j0,cmd_j1,cmd_j2,cmd_j3,cmd_j4,cmd_j5,delta_j0,delta_j1,delta_j2,delta_j3,delta_j4,delta_j5
1769212224.3667464,/media/jerry/SSD/checkpoints/best_iris_experiment_combined.pth,goal1.png,0.42396607995033264,-1.3307859897613525,-1.6569393873214722,1.8718911409378052,1.4030323028564453,2.925823211669922,0.3873436450958252,-1.3236091136932373,-1.6372313499450684,1.8642306327819824,1.38528311252594,2.898383140563965,-0.03662243112921715,0.007176913321018219,0.01970808580517769,-0.0076605286449193954,-0.017749164253473282,-0.027440018951892853
1769212224.3757792,/media/jerry/SSD/checkpoints/best_iris_experiment_combined.pth,goal1.png,0.4240267276763916,-1.330755591392517,-1.6569393873214722,1.8718911409378052,1.4030323028564453,2.9258534908294678,0.38740289211273193,-1.3235630989074707,-1.637269139289856,1.8643733263015747,1.3856756687164307,2.898904323577881,-0.036623839288949966,0.0071924892254173756,0.01967024616897106,-0.007517838850617409,-0.017356591299176216,-0.026949238032102585
1769212224.4766507,/media/jerry/SSD/checkpoints/best_iris_experiment_combined.pth,goal1.png,0.414848268032074,-1.3296045064926147,-1.653183102607727,1.8697706460952759,1.3971556425094604,2.9183712005615234,0.3783142864704132,-1.3225477933883667,-1.633617639541626,1.8622918128967285,1.3798545598983765,2.8915152549743652,-0.03653397783637047,0.007056743837893009,0.019565414637327194,-0.007478880230337381,-0.01730106957256794,-0.0268559493124485
1769212224.5761833,/media/jerry/SSD/checkpoints/best_iris_experiment_combined.pth,goal1.png,0.39688512682914734,-1.3264541625976562,-1.6459434032440186,1.8665900230407715,1.3880075216293335,2.905012607574463,0.36073222756385803,-1.3195630311965942,-1.6262903213500977,1.8590513467788696,1.371260643005371,2.878715991973877,-0.03615288808941841,0.0068911113776266575,0.01965312287211418,-0.007538674399256706,-0.01674683205783367,-0.026296621188521385
1769212224.6773353,/media/jerry/SSD/checkpoints/best_iris_experiment_combined.pth,goal1.png,0.3828296661376953,-1.3242428302764893,-1.6386733055114746,1.8631670475006104,1.3793439865112305,2.893016815185547,0.34733253717422485,-1.3172485828399658,-1.6184509992599487,1.8550745248794556,1.3633688688278198,2.8674681186676025,-0.03549712896347046,0.0069942595437169075,0.020222323015332222,-0.008092483505606651,-0.015975089743733406,-0.02554880641400814
1769212224.7779696,/media/jerry/SSD/checkpoints/best_iris_experiment_combined.pth,goal1.png,0.3682895004749298,-1.3223344087600708,-1.6301915645599365,1.8588353395462036,1.3724526166915894,2.8816120624542236,0.33354637026786804,-1.3151882886886597,-1.6092880964279175,1.8495234251022339,1.3567981719970703,2.8561599254608154,-0.03474312275648117,0.007146121002733707,0.020903455093503,-0.009311924688518047,-0.015654459595680237,-0.025452062487602234
1769212224.8786318,/media/jerry/SSD/checkpoints/best_iris_experiment_combined.pth,goal1.png,0.3537493646144867,-1.3199414014816284,-1.6222248077392578,1.8550790548324585,1.3653944730758667,2.8706765174865723,0.31919562816619873,-1.3124768733978271,-1.6011431217193604,1.8443561792373657,1.3496434688568115,2.8453028202056885,-0.03455374762415886,0.007464563474059105,0.02108163945376873,-0.010722856968641281,-0.015750974416732788,-0.025373687967658043
1769212224.9776642,/media/jerry/SSD/checkpoints/best_iris_experiment_combined.pth,goal1.png,0.3399968147277832,-1.3186085224151611,-1.6132280826568604,1.849747657775879,1.3579427003860474,2.8579540252685547,0.30538082122802734,-1.3106147050857544,-1.5924383401870728,1.8385376930236816,1.3415745496749878,2.832030773162842,-0.034615982323884964,0.007993827573955059,0.020789735019207,-0.011209928430616856,-0.016368189826607704,-0.025923319160938263
1769212225.076846,/media/jerry/SSD/checkpoints/best_iris_experiment_combined.pth,goal1.png,0.32612308859825134,-1.3167304992675781,-1.6050795316696167,1.8449615240097046,1.3515510559082031,2.848048448562622,0.2913382649421692,-1.3081979751586914,-1.5845799446105957,1.8335521221160889,1.3336132764816284,2.8209540843963623,-0.03478480875492096,0.008532525040209293,0.02049959823489189,-0.011409440077841282,-0.01793772540986538,-0.027094313874840736
1769212225.1762211,/media/jerry/SSD/checkpoints/best_iris_experiment_combined.pth,goal1.png,0.31234031915664673,-1.315337061882019,-1.5967189073562622,1.83981192111969,1.343402624130249,2.836477041244507,0.2776760458946228,-1.3069101572036743,-1.5762361288070679,1.8283201456069946,1.3229495286941528,2.8086047172546387,-0.034664273262023926,0.008426951244473457,0.020482776686549187,-0.01149179320782423,-0.020453132688999176,-0.02787226065993309
1769212225.2769313,/media/jerry/SSD/checkpoints/best_iris_experiment_combined.pth,goal1.png,0.29810306429862976,-1.3137315511703491,-1.5880857706069946,1.8337231874465942,1.3336485624313354,2.823512077331543,0.26389116048812866,-1.3059686422348022,-1.5675835609436035,1.8224543333053589,1.3113462924957275,2.796006202697754,-0.034211911261081696,0.00776287354528904,0.020502189174294472,-0.01126889418810606,-0.02230222336947918,-0.027505863457918167
1769212225.3758488,/media/jerry/SSD/checkpoints/best_iris_experiment_combined.pth,goal1.png,0.2859559953212738,-1.3126713037490845,-1.5802098512649536,1.8288159370422363,1.3243035078048706,2.8115012645721436,0.25252145528793335,-1.30581533908844,-1.5596613883972168,1.8187146186828613,1.3005027770996094,2.784583568572998,-0.03343452513217926,0.006856009364128113,0.020548520609736443,-0.010101260617375374,-0.023800674825906754,-0.026917602866888046
1769212225.477074,/media/jerry/SSD/checkpoints/best_iris_experiment_combined.pth,goal1.png,0.2732333540916443,-1.3124593496322632,-1.571394920349121,1.8236662149429321,1.3136104345321655,2.799414873123169,0.24090877175331116,-1.3065738677978516,-1.5506914854049683,1.8142706155776978,1.2892295122146606,2.773183584213257,-0.03232457488775253,0.005885476246476173,0.020703451707959175,-0.009395626373589039,-0.024380885064601898,-0.026231378316879272
1769212225.5772884,/media/jerry/SSD/checkpoints/best_iris_experiment_combined.pth,goal1.png,0.2581782341003418,-1.3124289512634277,-1.5620043277740479,1.8187892436981201,1.302584171295166,2.7870254516601562,0.2272895723581314,-1.307747483253479,-1.5405935049057007,1.8103595972061157,1.278339147567749,2.76127552986145,-0.030888667330145836,0.004681522957980633,0.02141086757183075,-0.00842967163771391,-0.024245018139481544,-0.025749841704964638
1769212225.6771245,/media/jerry/SSD/checkpoints/best_iris_experiment_combined.pth,goal1.png,0.24912098050117493,-1.3126713037490845,-1.5544919967651367,1.8156390190124512,1.2929059267044067,2.775953531265259,0.21984772384166718,-1.3094139099121094,-1.5322751998901367,1.8078410625457764,1.2697021961212158,2.7505202293395996,-0.029273252934217453,0.0032574075739830732,0.022216742858290672,-0.00779794342815876,-0.023203786462545395,-0.025433344766497612
1769212225.7764792,/media/jerry/SSD/checkpoints/best_iris_experiment_combined.pth,goal1.png,0.23648923635482788,-1.3136104345321655,-1.5453741550445557,1.811882734298706,1.2832125425338745,2.7634735107421875,0.2086467146873474,-1.3118252754211426,-1.5228679180145264,1.804039716720581,1.2612667083740234,2.7383744716644287,-0.027842514216899872,0.0017851075390353799,0.022506270557641983,-0.007842994295060635,-0.021945882588624954,-0.025099055841565132
1769212225.8765502,/media/jerry/SSD/checkpoints/best_iris_experiment_combined.pth,goal1.png,0.22612936794757843,-1.3150947093963623,-1.5371346473693848,1.8082780838012695,1.2747005224227905,2.751629114151001,0.19933778047561646,-1.3140255212783813,-1.5150527954101562,1.8001198768615723,1.2525553703308105,2.726382255554199,-0.026791591197252274,0.0010692448122426867,0.022081837058067322,-0.008158160373568535,-0.022145159542560577,-0.025246959179639816
1769212225.976186,/media/jerry/SSD/checkpoints/best_iris_experiment_combined.pth,goal1.png,0.21579985320568085,-1.3167002201080322,-1.5281683206558228,1.804642915725708,1.266991138458252,2.7409815788269043,0.1895669549703598,-1.3153787851333618,-1.5065335035324097,1.795997142791748,1.2427234649658203,2.715000867843628,-0.026232898235321045,0.001321437070146203,0.021634867414832115,-0.008645763620734215,-0.02426764741539955,-0.025980759412050247
1769212226.076693,/media/jerry/SSD/checkpoints/best_iris_experiment_combined.pth,goal1.png,0.2045312076807022,-1.3184571266174316,-1.5191110372543335,1.8001900911331177,1.2581913471221924,2.7282135486602783,0.17903386056423187,-1.3168402910232544,-1.4976673126220703,1.7915927171707153,1.2317579984664917,2.7010560035705566,-0.025497348979115486,0.0016167990397661924,0.021443717181682587,-0.008597342297434807,-0.026433290913701057,-0.027157608419656754
1769212226.1767614,/media/jerry/SSD/checkpoints/best_iris_experiment_combined.pth,goal1.png,0.19623123109340668,-1.3197596073150635,-1.5121135711669922,1.7967973947525024,1.2492855787277222,2.7157938480377197,0.1711580902338028,-1.3179442882537842,-1.4908640384674072,1.7879985570907593,1.2214707136154175,2.687563419342041,-0.025073138996958733,0.0018152844859287143,0.02124953642487526,-0.008798839524388313,-0.027814920991659164,-0.028230316936969757
1769212226.27705,/media/jerry/SSD/checkpoints/best_iris_experiment_combined.pth,goal1.png,0.18671956658363342,-1.3209410905838013,-1.505085825920105,1.793465256690979,1.2395163774490356,2.7028744220733643,0.16171687841415405,-1.3196996450424194,-1.4836337566375732,1.7847715616226196,1.2110871076583862,2.6737687587738037,-0.02500268444418907,0.001241469755768776,0.021452121436595917,-0.008693751879036427,-0.028429314494132996,-0.029105763882398605
1769212226.3768537,/media/jerry/SSD/checkpoints/best_iris_experiment_combined.pth,goal1.png,0.17869220674037933,-1.3220012187957764,-1.4982095956802368,1.7902846336364746,1.2299895286560059,2.6899852752685547,0.15338943898677826,-1.3217068910598755,-1.476150631904602,1.781740427017212,1.2012943029403687,2.6601579189300537,-0.025302765890955925,0.00029433530289679766,0.022058909758925438,-0.008544247597455978,-0.028695277869701385,-0.029827257618308067
1769212226.4769526,/media/jerry/SSD/checkpoints/best_iris_experiment_combined.pth,goal1.png,0.16987727582454681,-1.32321298122406,-1.4904547929763794,1.787315845489502,1.2209473848342896,2.6767020225524902,0.14456336200237274,-1.3244214057922363,-1.4671604633331299,1.77961266040802,1.1927305459976196,2.646672010421753,-0.025313913822174072,-0.001208408153615892,0.02329430729150772,-0.0077032241970300674,-0.028216812759637833,-0.030030064284801483
1769212226.5764525,/media/jerry/SSD/checkpoints/best_iris_experiment_combined.pth,goal1.png,0.16415205597877502,-1.3249093294143677,-1.4841541051864624,1.7851046323776245,1.2120566368103027,2.6629040241241455,0.1390625685453415,-1.3272924423217773,-1.4601410627365112,1.777775764465332,1.1845409870147705,2.6335067749023438,-0.02508949302136898,-0.002383093349635601,0.024012992158532143,-0.007328854873776436,-0.02751561626791954,-0.029397252947092056
1769212226.676272,/media/jerry/SSD/checkpoints/best_iris_experiment_combined.pth,goal1.png,0.15594293177127838,-1.3272114992141724,-1.4758843183517456,1.78243887424469,1.2049834728240967,2.6495301723480225,0.1311849057674408,-1.330161452293396,-1.4519615173339844,1.7745915651321411,1.1784203052520752,2.62156343460083,-0.024758029729127884,-0.0029500019736588,0.023922821506857872,-0.007847251370549202,-0.026563193649053574,-0.02796676754951477
1769212226.7763488,/media/jerry/SSD/checkpoints/best_iris_experiment_combined.pth,goal1.png,0.148006409406662,-1.3298165798187256,-1.4663121700286865,1.7791069746017456,1.1973196268081665,2.6366560459136963,0.12339338660240173,-1.3328125476837158,-1.44312584400177,1.7701855897903442,1.1715642213821411,2.6104700565338135,-0.024613020941615105,-0.002995968097820878,0.02318628691136837,-0.008921341970562935,-0.025755371898412704,-0.02618597075343132
1769212226.8760343,/media/jerry/SSD/checkpoints/best_iris_experiment_combined.pth,goal1.png,0.14164511859416962,-1.3320581912994385,-1.4604657888412476,1.7760776281356812,1.1913824081420898,2.6249332427978516,0.11697135865688324,-1.3350971937179565,-1.438018798828125,1.7663946151733398,1.1660581827163696,2.5999395847320557,-0.024673759937286377,-0.003038977272808552,0.02244698442518711,-0.00968299899250269,-0.025324251502752304,-0.02499365620315075
1769212226.9765472,/media/jerry/SSD/checkpoints/best_iris_experiment_combined.pth,goal1.png,0.13646522164344788,-1.3343603610992432,-1.4547102451324463,1.773108959197998,1.1860661506652832,2.6152851581573486,0.11149729788303375,-1.3376624584197998,-1.4326244592666626,1.7632838487625122,1.1608995199203491,2.5908992290496826,-0.024967923760414124,-0.003302123863250017,0.022085824981331825,-0.009825143031775951,-0.02516663819551468,-0.024386027827858925
1769212227.076489,/media/jerry/SSD/checkpoints/best_iris_experiment_combined.pth,goal1.png,0.1296798288822174,-1.3363596200942993,-1.4482884407043457,1.770019292831421,1.1805530786514282,2.6041982173919678,0.10423853993415833,-1.340286374092102,-1.4261692762374878,1.7602767944335938,1.1560187339782715,2.5805509090423584,-0.025441288948059082,-0.003926695324480534,0.022119134664535522,-0.009742507711052895,-0.024534346535801888,-0.02364726923406124
1769212227.1772163,/media/jerry/SSD/checkpoints/best_iris_experiment_combined.pth,goal1.png,0.12456049025058746,-1.338813304901123,-1.4410183429718018,1.765596628189087,1.1747218370437622,2.5946109294891357,0.09847056120634079,-1.3431326150894165,-1.4186038970947266,1.7558612823486328,1.1508342027664185,2.572050094604492,-0.026089929044246674,-0.004319302272051573,0.02241443656384945,-0.009735357016324997,-0.02388760633766651,-0.022560862824320793
1769212227.2774048,/media/jerry/SSD/checkpoints/best_iris_experiment_combined.pth,goal1.png,0.11501854658126831,-1.3419939279556274,-1.4295073747634888,1.7578116655349731,1.166437029838562,2.5834786891937256,0.08863565325737,-1.3462803363800049,-1.4070006608963013,1.7483350038528442,1.1426829099655151,2.561260938644409,-0.026382893323898315,-0.004286447539925575,0.02250673621892929,-0.009476618841290474,-0.023754103109240532,-0.02221781574189663
1769212227.3766775,/media/jerry/SSD/checkpoints/best_iris_experiment_combined.pth,goal1.png,0.10111448913812637,-1.3455381393432617,-1.4167242050170898,1.7517532110214233,1.1603180170059204,2.5741183757781982,0.07488289475440979,-1.3490586280822754,-1.393899917602539,1.7426639795303345,1.1357711553573608,2.5510504245758057,-0.026231590658426285,-0.0035204996820539236,0.022824248299002647,-0.009089209139347076,-0.024546822533011436,-0.023068010807037354
1769212227.4761317,/media/jerry/SSD/checkpoints/best_iris_experiment_combined.pth,goal1.png,0.09535907208919525,-1.3485369682312012,-1.4080909490585327,1.7462098598480225,1.153517484664917,2.563622236251831,0.0700218677520752,-1.3506513833999634,-1.3851473331451416,1.738035798072815,1.1273945569992065,2.5383994579315186,-0.025337200611829758,-0.002114357426762581,0.02294362336397171,-0.00817406177520752,-0.026122944429516792,-0.025222662836313248
1769212227.5758214,/media/jerry/SSD/checkpoints/best_iris_experiment_combined.pth,goal1.png,0.08424191176891327,-1.3506271839141846,-1.399669885635376,1.7410298585891724,1.1467623710632324,2.552959442138672,0.059278540313243866,-1.3517470359802246,-1.376775860786438,1.7337088584899902,1.1192554235458374,2.525972366333008,-0.024963369593024254,-0.0011198037536814809,0.02289397083222866,-0.007321021519601345,-0.027506982907652855,-0.026987140998244286
1769212227.6761997,/media/jerry/SSD/checkpoints/best_iris_experiment_combined.pth,goal1.png,0.07591157406568527,-1.3537472486495972,-1.3863413333892822,1.7349109649658203,1.137568712234497,2.5409183502197266,0.051175881177186966,-1.3540740013122559,-1.3636411428451538,1.7275843620300293,1.1093695163726807,2.5127522945404053,-0.024735692888498306,-0.0003267079882789403,0.02270018681883812,-0.007326637394726276,-0.028199249878525734,-0.02816608175635338
1769212227.7766623,/media/jerry/SSD/checkpoints/best_iris_experiment_combined.pth,goal1.png,0.06412804126739502,-1.3551709651947021,-1.3768600225448608,1.7302459478378296,1.1293747425079346,2.5282411575317383,0.0393795482814312,-1.3553001880645752,-1.3542746305465698,1.7228012084960938,1.100968599319458,2.4996161460876465,-0.02474849298596382,-0.00012916662672068924,0.022585390135645866,-0.007444773800671101,-0.02840615063905716,-0.028625065460801125
1769212227.8770227,/media/jerry/SSD/checkpoints/best_iris_experiment_combined.pth,goal1.png,0.06052329018712044,-1.356655240058899,-1.3694384098052979,1.7260656356811523,1.1215897798538208,2.51603364944458,0.03549643233418465,-1.3572601079940796,-1.3469043970108032,1.7181365489959717,1.0935112237930298,2.4883909225463867,-0.02502685785293579,-0.0006048855721019208,0.02253400720655918,-0.007929136976599693,-0.028078515082597733,-0.027642611414194107
1769212227.9778225,/media/jerry/SSD/checkpoints/best_iris_experiment_combined.pth,goal1.png,0.047558367252349854,-1.3590179681777954,-1.3565038442611694,1.7184927463531494,1.1123052835464478,2.5021145343780518,0.021912265568971634,-1.3606407642364502,-1.3338654041290283,1.7101486921310425,1.0848982334136963,2.476058006286621,-0.02564610168337822,-0.0016227440210059285,0.022638488560914993,-0.008344046771526337,-0.027407024055719376,-0.026056602597236633
1769212228.0780404,/media/jerry/SSD/checkpoints/best_iris_experiment_combined.pth,goal1.png,0.039258312433958054,-1.3612898588180542,-1.347325325012207,1.7132824659347534,1.1052321195602417,2.4907398223876953,0.012735474854707718,-1.3640072345733643,-1.3245916366577148,1.704280138015747,1.079413890838623,2.466362953186035,-0.026522837579250336,-0.002717390423640609,0.022733714431524277,-0.009002281352877617,-0.025818249210715294,-0.02437676675617695
1769212228.1771967,/media/jerry/SSD/checkpoints/best_iris_experiment_combined.pth,goal1.png,0.03177626430988312,-1.3638041019439697,-1.3374804258346558,1.7071937322616577,1.0982043743133545,2.4786534309387207,0.0044351015239953995,-1.367306113243103,-1.3151694536209106,1.6979820728302002,1.0734726190567017,2.4551877975463867,-0.027341162785887718,-0.003502015955746174,0.022311024367809296,-0.009211644530296326,-0.024731751531362534,-0.02346562035381794
1769212228.2764478,/media/jerry/SSD/checkpoints/best_iris_experiment_combined.pth,goal1.png,0.021961627528071404,-1.3666515350341797,-1.326666235923767,1.7002568244934082,1.0914644002914429,2.467642068862915,-0.00530225969851017,-1.3712295293807983,-1.3050012588500977,1.691324234008789,1.068041205406189,2.444655418395996,-0.027263887226581573,-0.004578034393489361,0.021664928644895554,-0.00893263891339302,-0.023423202335834503,-0.02298665978014469
1769212228.3765056,/media/jerry/SSD/checkpoints/best_iris_experiment_combined.pth,goal1.png,0.010602131485939026,-1.370165467262268,-1.3158217668533325,1.6932291984558105,1.0862088203430176,2.457145929336548,-0.016174566000699997,-1.3757611513137817,-1.2946274280548096,1.6850545406341553,1.0635358095169067,2.4341652393341064,-0.026776697486639023,-0.005595677066594362,0.021194303408265114,-0.00817462895065546,-0.02267296612262726,-0.02298065833747387
1769212228.476333,/media/jerry/SSD/checkpoints/best_iris_experiment_combined.pth,goal1.png,0.0035441129002720118,-1.3723162412643433,-1.3077640533447266,1.6875646114349365,1.0815438032150269,2.4468467235565186,-0.022934934124350548,-1.3788245916366577,-1.2862679958343506,1.6800748109817505,1.0594862699508667,2.4236817359924316,-0.026479046791791916,-0.006508375518023968,0.021496031433343887,-0.007489857729524374,-0.02205747552216053,-0.023164968937635422
1769212228.5766926,/media/jerry/SSD/checkpoints/best_iris_experiment_combined.pth,goal1.png,-0.005301103461533785,-1.3781625032424927,-1.2957078218460083,1.6802339553833008,1.0762275457382202,2.4362597465515137,-0.03196653351187706,-1.3849458694458008,-1.2740347385406494,1.6728469133377075,1.055396318435669,2.413926601409912,-0.026665430516004562,-0.006783320102840662,0.021673031151294708,-0.007387010380625725,-0.02083124965429306,-0.022333119064569473
1769212228.677625,/media/jerry/SSD/checkpoints/best_iris_experiment_combined.pth,goal1.png,-0.017629943788051605,-1.3801921606063843,-1.2848330736160278,1.6762655973434448,1.072229027748108,2.4259605407714844,-0.044622428715229034,-1.3868813514709473,-1.2633930444717407,1.6687686443328857,1.052066683769226,2.4043822288513184,-0.02699248678982258,-0.006689243018627167,0.02144007571041584,-0.007496910635381937,-0.020162321627140045,-0.021578196436166763
1769212228.7775836,/media/jerry/SSD/checkpoints/best_iris_experiment_combined.pth,goal1.png,-0.021537596359848976,-1.3854931592941284,-1.2763513326644897,1.6704496145248413,1.0700479745864868,2.4174787998199463,-0.04895564168691635,-1.391853928565979,-1.2555339336395264,1.6626636981964111,1.0502339601516724,2.3972461223602295,-0.027418043464422226,-0.006360817700624466,0.02081742137670517,-0.007785933092236519,-0.019814005121588707,-0.02023276500403881
1769212228.8780122,/media/jerry/SSD/checkpoints/best_iris_experiment_combined.pth,goal1.png,-0.032594192773103714,-1.3890676498413086,-1.265415906906128,1.6632704734802246,1.0678821802139282,2.407285451889038,-0.060847677290439606,-1.3948135375976562,-1.2451481819152832,1.6549110412597656,1.0482193231582642,2.388134002685547,-0.02825348451733589,-0.005745871923863888,0.020267784595489502,-0.008359398692846298,-0.019662808626890182,-0.019151560962200165
1769212228.976971,/media/jerry/SSD/checkpoints/best_iris_experiment_combined.pth,goal1.png,-0.04240875318646431,-1.3921877145767212,-1.254692554473877,1.6570605039596558,1.0650347471237183,2.3996217250823975,-0.07197940349578857,-1.3970075845718384,-1.2351460456848145,1.647969126701355,1.0459091663360596,2.381667375564575,-0.029570654034614563,-0.004819923080503941,0.019546497613191605,-0.009091324172914028,-0.019125530496239662,-0.01795428805053234
1769212229.0762856,/media/jerry/SSD/checkpoints/best_iris_experiment_combined.pth,goal1.png,-0.04946677014231682,-1.3963377475738525,-1.2454231977462769,1.6503053903579712,1.0630052089691162,2.3917758464813232,-0.08045685291290283,-1.4002070426940918,-1.2264924049377441,1.6408766508102417,1.0444477796554565,2.3743550777435303,-0.030990079045295715,-0.0038692462258040905,0.018930822610855103,-0.009428698569536209,-0.018557414412498474,-0.017420824617147446
1769212229.176338,/media/jerry/SSD/checkpoints/best_iris_experiment_combined.pth,goal1.png,-0.059463102370500565,-1.398730754852295,-1.2369111776351929,1.643762469291687,1.061505675315857,2.3848845958709717,-0.09167493879795074,-1.401757001876831,-1.2187979221343994,1.6339478492736816,1.0437997579574585,2.368239641189575,-0.03221183270215988,-0.0030261967331171036,0.018113315105438232,-0.009814615361392498,-0.017705917358398438,-0.016644880175590515
1769212229.2770112,/media/jerry/SSD/checkpoints/best_iris_experiment_combined.pth,goal1.png,-0.06942915171384811,-1.4017902612686157,-1.2270057201385498,1.6355230808258057,1.0591580867767334,2.377962827682495,-0.10288800299167633,-1.4039617776870728,-1.2095558643341064,1.625597596168518,1.0419684648513794,2.3619861602783203,-0.03345885127782822,-0.0021714845206588507,0.01744982600212097,-0.009925540536642075,-0.017189573496580124,-0.015976648777723312
1769212229.3765104,/media/jerry/SSD/checkpoints/best_iris_experiment_combined.pth,goal1.png,-0.08209121227264404,-1.405637264251709,-1.215282678604126,1.6269503831863403,1.0562196969985962,2.3711471557617188,-0.1161290630698204,-1.4074890613555908,-1.1982659101486206,1.6173588037490845,1.039068341255188,2.355111598968506,-0.03403785079717636,-0.0018517435528337955,0.017016733065247536,-0.009591547772288322,-0.017151392996311188,-0.016035450622439384
1769212229.4768982,/media/jerry/SSD/checkpoints/best_iris_experiment_combined.pth,goal1.png,-0.0973280742764473,-1.407394289970398,-1.206134557723999,1.6192865371704102,1.0532208681106567,2.3642709255218506,-0.13099171221256256,-1.4097366333007812,-1.1898289918899536,1.6100034713745117,1.0362679958343506,2.3484444618225098,-0.03366364166140556,-0.0023423894308507442,0.016305578872561455,-0.009283025749027729,-0.016952883452177048,-0.01582656428217888
1769212229.5776112,/media/jerry/SSD/checkpoints/best_iris_experiment_combined.pth,goal1.png,-0.10517366975545883,-1.4112716913223267,-1.1978042125701904,1.6115015745162964,1.0522364377975464,2.358258008956909,-0.13823965191841125,-1.4140347242355347,-1.1820080280303955,1.6025768518447876,1.0355671644210815,2.3425745964050293,-0.03306598588824272,-0.0027630911208689213,0.015796206891536713,-0.008924746885895729,-0.01666930317878723,-0.015683406963944435
1769212229.6776268,/media/jerry/SSD/checkpoints/best_iris_experiment_combined.pth,goal1.png,-0.11668461561203003,-1.4144220352172852,-1.188141107559204,1.6038678884506226,1.0484195947647095,2.3518965244293213,-0.14936651289463043,-1.417191505432129,-1.1726137399673462,1.5957752466201782,1.0318405628204346,2.3360939025878906,-0.0326818972826004,-0.0027695130556821823,0.015527351759374142,-0.008092612028121948,-0.016579046845436096,-0.01580260507762432
1769212229.777404,/media/jerry/SSD/checkpoints/best_iris_experiment_combined.pth,goal1.png,-0.1309521347284317,-1.4166333675384521,-1.1793261766433716,1.5968401432037354,1.0450420379638672,2.345580816268921,-0.1633836030960083,-1.4191535711288452,-1.163631796836853,1.5897072553634644,1.0287744998931885,2.329108953475952,-0.032431475818157196,-0.0025202615652233362,0.015694430097937584,-0.007132893428206444,-0.01626756601035595,-0.016471847891807556
1769212229.8771513,/media/jerry/SSD/checkpoints/best_iris_experiment_combined.pth,goal1.png,-0.1362532079219818,-1.4212982654571533,-1.1719955205917358,1.5905091762542725,1.0431941747665405,2.339280128479004,-0.1683071255683899,-1.4239342212677002,-1.1560581922531128,1.584256649017334,1.0273882150650024,2.321943521499634,-0.032053910195827484,-0.0026359534822404385,0.015937307849526405,-0.00625255424529314,-0.015805963426828384,-0.017336640506982803
1769212229.9765935,/media/jerry/SSD/checkpoints/best_iris_experiment_combined.pth,goal1.png,-0.15121746063232422,-1.42438805103302,-1.160636067390442,1.5830572843551636,1.03801429271698,2.3311314582824707,-0.18288572132587433,-1.4271823167800903,-1.144309163093567,1.5769418478012085,1.0228315591812134,2.3134663105010986,-0.03166826069355011,-0.0027942447923123837,0.016326958313584328,-0.006115425378084183,-0.015182770788669586,-0.017665069550275803
1769212230.076682,/media/jerry/SSD/checkpoints/best_iris_experiment_combined.pth,goal1.png,-0.16369770467281342,-1.4271143674850464,-1.1516090631484985,1.576786994934082,1.0353485345840454,2.3231041431427,-0.19470222294330597,-1.430069088935852,-1.135088324546814,1.5705574750900269,1.0208160877227783,2.3055386543273926,-0.031004518270492554,-0.0029547724407166243,0.01652076654136181,-0.006229514721781015,-0.014532431028783321,-0.01756550744175911
1769212230.17671,/media/jerry/SSD/checkpoints/best_iris_experiment_combined.pth,goal1.png,-0.1695137619972229,-1.4330213069915771,-1.1429455280303955,1.5704861879348755,1.033152461051941,2.315425157546997,-0.20008011162281036,-1.4362168312072754,-1.1268036365509033,1.5636464357376099,1.0195436477661133,2.298574209213257,-0.030566353350877762,-0.0031955637969076633,0.016141846776008606,-0.006839721463620663,-0.01360886637121439,-0.016850963234901428
1769212230.278005,/media/jerry/SSD/checkpoints/best_iris_experiment_combined.pth,goal1.png,-0.1827816665172577,-1.4355355501174927,-1.1324645280838013,1.5641248226165771,1.0300778150558472,2.3071706295013428,-0.21331840753555298,-1.4390780925750732,-1.1169110536575317,1.5563850402832031,1.0174528360366821,2.2911319732666016,-0.03053673543035984,-0.003542585065588355,0.015553444623947144,-0.00773972924798727,-0.012624988332390785,-0.01603873260319233
1769212230.3777874,/media/jerry/SSD/checkpoints/best_iris_experiment_combined.pth,goal1.png,-0.18959735333919525,-1.4400489330291748,-1.1250733137130737,1.55709707736969,1.027730107307434,2.300339698791504,-0.22062085568904877,-1.4439313411712646,-1.1100884675979614,1.5486432313919067,1.015873670578003,2.285163164138794,-0.031023506075143814,-0.003882442833855748,0.014984887093305588,-0.00845380313694477,-0.011856495402753353,-0.015176649205386639
1769212230.477709,/media/jerry/SSD/checkpoints/best_iris_experiment_combined.pth,goal1.png,-0.1969279795885086,-1.4453197717666626,-1.1166824102401733,1.5497361421585083,1.0261247158050537,2.2935543060302734,-0.2284887135028839,-1.449351191520691,-1.102009654045105,1.5408324003219604,1.014485478401184,2.278935670852661,-0.031560737639665604,-0.0040314593352377415,0.014672733843326569,-0.008903756737709045,-0.011639238335192204,-0.014618616551160812
1769212230.5774157,/media/jerry/SSD/checkpoints/best_iris_experiment_combined.pth,goal1.png,-0.2123769074678421,-1.448500394821167,-1.1047776937484741,1.5434657335281372,1.022232174873352,2.286965847015381,-0.2442079782485962,-1.452465295791626,-1.090378761291504,1.5341447591781616,1.0106288194656372,2.272984266281128,-0.03183106705546379,-0.003964940086007118,0.014398970641195774,-0.009321033023297787,-0.011603297665715218,-0.013981540687382221
1769212230.6762524,/media/jerry/SSD/checkpoints/best_iris_experiment_combined.pth,goal1.png,-0.21804147958755493,-1.4531351327896118,-1.098173975944519,1.5363168716430664,1.0206722021102905,2.2808923721313477,-0.24988967180252075,-1.457387924194336,-1.0837650299072266,1.5267963409423828,1.0091909170150757,2.267350673675537,-0.03184819966554642,-0.004252832382917404,0.014408940449357033,-0.009520524181425571,-0.011481281369924545,-0.013541693799197674
1769212230.7765176,/media/jerry/SSD/checkpoints/best_iris_experiment_combined.pth,goal1.png,-0.22797724604606628,-1.4574062824249268,-1.0897831916809082,1.5276533365249634,1.018794059753418,2.2745916843414307,-0.25989893078804016,-1.4618804454803467,-1.0750185251235962,1.5183000564575195,1.0074712038040161,2.2605395317077637,-0.03192168101668358,-0.004474217537790537,0.014764655381441116,-0.009353337809443474,-0.01132289320230484,-0.014052104204893112
1769212230.8773375,/media/jerry/SSD/checkpoints/best_iris_experiment_combined.pth,goal1.png,-0.23751921951770782,-1.462404489517212,-1.0795748233795166,1.5195049047470093,1.0158860683441162,2.2686240673065186,-0.2696409523487091,-1.467199683189392,-1.0640699863433838,1.5103129148483276,1.004957914352417,2.2537128925323486,-0.032121721655130386,-0.00479523791000247,0.015504895709455013,-0.009191934950649738,-0.01092817634344101,-0.014911223202943802
1769212230.976509,/media/jerry/SSD/checkpoints/best_iris_experiment_combined.pth,goal1.png,-0.2516958713531494,-1.4670088291168213,-1.0710324048995972,1.512477159500122,1.0136594772338867,2.2625203132629395,-0.283686101436615,-1.4718445539474487,-1.0547704696655273,1.5038756132125854,1.0034013986587524,2.247223377227783,-0.03199022263288498,-0.004835693631321192,0.01626194268465042,-0.008601542562246323,-0.010258128866553307,-0.015296900644898415
1769212231.0765247,/media/jerry/SSD/checkpoints/best_iris_experiment_combined.pth,goal1.png,-0.26396408677101135,-1.4718555212020874,-1.0606423616409302,1.505055546760559,1.0111756324768066,2.2554924488067627,-0.2953847646713257,-1.4766879081726074,-1.0440647602081299,1.497575283050537,1.0011353492736816,2.2397217750549316,-0.03142067790031433,-0.004832407459616661,0.016577599570155144,-0.007480270694941282,-0.010040299035608768,-0.015770697966217995
1769212231.1772552,/media/jerry/SSD/checkpoints/best_iris_experiment_combined.pth,goal1.png,-0.27277901768684387,-1.4762176275253296,-1.0515849590301514,1.4986640214920044,1.0093884468078613,2.24879789352417,-0.30367201566696167,-1.4811559915542603,-1.0345507860183716,1.4924273490905762,0.9992696046829224,2.2318100929260254,-0.030892986804246902,-0.004938418976962566,0.017034173011779785,-0.0062366873025894165,-0.010118814185261726,-0.016987787559628487
1769212231.276703,/media/jerry/SSD/checkpoints/best_iris_experiment_combined.pth,goal1.png,-0.28380531072616577,-1.4808825254440308,-1.0418310165405273,1.4926055669784546,1.0070559978485107,2.2416491508483887,-0.3143104612827301,-1.4859815835952759,-1.0245732069015503,1.487554669380188,0.9966740608215332,2.223477840423584,-0.030505148693919182,-0.005099010653793812,0.01725786179304123,-0.0050509036518633366,-0.010381948202848434,-0.018171267583966255
1769212231.3760026,/media/jerry/SSD/checkpoints/best_iris_experiment_combined.pth,goal1.png,-0.29631587862968445,-1.4857292175292969,-1.030622959136963,1.486819863319397,1.004269003868103,2.233924627304077,-0.32585597038269043,-1.4910478591918945,-1.0134881734848022,1.4823631048202515,0.9938910603523254,2.2152819633483887,-0.029540088027715683,-0.0053186542354524136,0.01713479869067669,-0.004456756636500359,-0.01037791557610035,-0.01864258199930191
1769212231.4760458,/media/jerry/SSD/checkpoints/best_iris_experiment_combined.pth,goal1.png,-0.3067665994167328,-1.4906971454620361,-1.0199601650238037,1.4820337295532227,1.0011792182922363,2.2249581813812256,-0.3352268636226654,-1.4965342283248901,-1.003282070159912,1.4770361185073853,0.9906793832778931,2.206085443496704,-0.028460253030061722,-0.005837058648467064,0.016678091138601303,-0.004997584968805313,-0.010499825701117516,-0.018872659653425217
1769212231.575624,/media/jerry/SSD/checkpoints/best_iris_experiment_combined.pth,goal1.png,-0.314309298992157,-1.4951198101043701,-1.0113270282745361,1.477186918258667,0.999180018901825,2.216567277908325,-0.3421976566314697,-1.5019890069961548,-0.9943780899047852,1.4707375764846802,0.9883915781974792,2.1974198818206787,-0.02788834273815155,-0.006869220174849033,0.016948925331234932,-0.006449396256357431,-0.010788428597152233,-0.019147373735904694
1769212231.6759348,/media/jerry/SSD/checkpoints/best_iris_experiment_combined.pth,goal1.png,-0.3253052830696106,-1.5004814863204956,-0.9991193413734436,1.470250129699707,0.9955903887748718,2.2081613540649414,-0.3534782826900482,-1.508601188659668,-0.9819048643112183,1.4627703428268433,0.9840744733810425,2.1881022453308105,-0.028173008933663368,-0.008119701407849789,0.01721448078751564,-0.007479824125766754,-0.011515907943248749,-0.02005910873413086
1769212231.7764964,/media/jerry/SSD/checkpoints/best_iris_experiment_combined.pth,goal1.png,-0.3363012671470642,-1.5056008100509644,-0.9892745018005371,1.4647066593170166,0.9925309419631958,2.199770450592041,-0.3655233085155487,-1.514531135559082,-0.9726089835166931,1.4563146829605103,0.9806708693504333,2.1793835163116455,-0.029222041368484497,-0.008930282667279243,0.016665540635585785,-0.008391942828893661,-0.011860096827149391,-0.020386982709169388
1769212231.8766983,/media/jerry/SSD/checkpoints/best_iris_experiment_combined.pth,goal1.png,-0.34675198793411255,-1.5108715295791626,-0.979459822177887,1.4581938982009888,0.989456295967102,2.190152645111084,-0.3774965703487396,-1.5199239253997803,-0.9641189575195312,1.4489434957504272,0.9773349761962891,2.170074701309204,-0.03074457496404648,-0.009052381850779057,0.015340860933065414,-0.009250400587916374,-0.012121295556426048,-0.020077910274267197
1769212231.976879,/media/jerry/SSD/checkpoints/best_iris_experiment_combined.pth,goal1.png,-0.35474908351898193,-1.5159605741500854,-0.9707054495811462,1.4525898694992065,0.9865633845329285,2.181565046310425,-0.38675397634506226,-1.524816632270813,-0.9567261934280396,1.4424306154251099,0.9742404222488403,2.162092685699463,-0.032004889100790024,-0.008856101892888546,0.013979264535009861,-0.010159253142774105,-0.012322977185249329,-0.01947229728102684
1769212232.0780537,/media/jerry/SSD/checkpoints/best_iris_experiment_combined.pth,goal1.png,-0.3647454082965851,-1.52147376537323,-0.9617694020271301,1.4442596435546875,0.9838522672653198,2.17258358001709,-0.3973335325717926,-1.530484676361084,-0.9484919309616089,1.4336405992507935,0.970730185508728,2.15301775932312,-0.03258812427520752,-0.009010945446789265,0.01327747292816639,-0.010619048029184341,-0.01312205195426941,-0.01956581324338913
1769212232.1758642,/media/jerry/SSD/checkpoints/best_iris_experiment_combined.pth,goal1.png,-0.37337860465049744,-1.5260781049728394,-0.9539843797683716,1.4378377199172974,0.9808231592178345,2.165313482284546,-0.4056774973869324,-1.5353600978851318,-0.9407423734664917,1.4275798797607422,0.9673298597335815,2.1456754207611084,-0.03229888528585434,-0.009281991980969906,0.013242034241557121,-0.01025785319507122,-0.013493269681930542,-0.019638000056147575
1769212232.2769136,/media/jerry/SSD/checkpoints/best_iris_experiment_combined.pth,goal1.png,-0.38392019271850586,-1.5305613279342651,-0.9470171928405762,1.43117356300354,0.9773698449134827,2.157104253768921,-0.41524749994277954,-1.5403027534484863,-0.9332539439201355,1.4213227033615112,0.9643958806991577,2.137906551361084,-0.03132731467485428,-0.009741462767124176,0.01376323588192463,-0.009850917384028435,-0.012973974458873272,-0.019197771325707436
1769212232.3763907,/media/jerry/SSD/checkpoints/best_iris_experiment_combined.pth,goal1.png,-0.3939468264579773,-1.5352263450622559,-0.9396561980247498,1.424539566040039,0.9739316701889038,2.1485772132873535,-0.42452213168144226,-1.545252799987793,-0.9251679182052612,1.4147981405258179,0.9619845747947693,2.1300113201141357,-0.030575314536690712,-0.010026398114860058,0.01448826678097248,-0.009741390123963356,-0.01194707490503788,-0.018565911799669266
1769212232.4767256,/media/jerry/SSD/checkpoints/best_iris_experiment_combined.pth,goal1.png,-0.40167129039764404,-1.5395883321762085,-0.9323558807373047,1.417602777481079,0.9707510471343994,2.1407313346862793,-0.43188923597335815,-1.5495699644088745,-0.9175167679786682,1.4074372053146362,0.9602529406547546,2.1228160858154297,-0.030217930674552917,-0.009981669485569,0.014839112758636475,-0.010165596380829811,-0.010498084127902985,-0.01791519671678543
1769212232.577679,/media/jerry/SSD/checkpoints/best_iris_experiment_combined.pth,goal1.png,-0.4103044867515564,-1.544950008392334,-0.9213598966598511,1.4113625288009644,0.9681762456893921,2.132946491241455,-0.4406324326992035,-1.5547280311584473,-0.9068793654441833,1.4003381729125977,0.9590969681739807,2.1162362098693848,-0.030327938497066498,-0.009778017178177834,0.014480513520538807,-0.011024382896721363,-0.009079262614250183,-0.016710208728909492
1769212232.6771693,/media/jerry/SSD/checkpoints/best_iris_experiment_combined.pth,goal1.png,-0.4168475568294525,-1.5491605997085571,-0.9129690527915955,1.4046376943588257,0.9664192795753479,2.1258885860443115,-0.4473806321620941,-1.5587023496627808,-0.8987048864364624,1.392711877822876,0.9590710401535034,2.1107146739959717,-0.0305330753326416,-0.00954169500619173,0.014264148660004139,-0.011925861239433289,-0.007348210085183382,-0.015173797495663166
1769212232.7780836,/media/jerry/SSD/checkpoints/best_iris_experiment_combined.pth,goal1.png,-0.42375412583351135,-1.5537649393081665,-0.90475994348526,1.3970648050308228,0.9642533659934998,2.119542360305786,-0.4545367658138275,-1.5632268190383911,-0.8904222846031189,1.384437084197998,0.9577895998954773,2.105487585067749,-0.03078264370560646,-0.009461884386837482,0.014337649568915367,-0.012627718970179558,-0.006463751662522554,-0.014054673723876476
1769212232.8778486,/media/jerry/SSD/checkpoints/best_iris_experiment_combined.pth,goal1.png,-0.43220558762550354,-1.5586116313934326,-0.8947029709815979,1.3880983591079712,0.96275395154953,2.1138322353363037,-0.46359866857528687,-1.5678843259811401,-0.8803009986877441,1.3749738931655884,0.9558625817298889,2.0996556282043457,-0.03139309585094452,-0.00927270669490099,0.014401957392692566,-0.013124465942382812,-0.006891346536576748,-0.014176648110151291
1769212232.9767802,/media/jerry/SSD/checkpoints/best_iris_experiment_combined.pth,goal1.png,-0.4385063052177429,-1.562761664390564,-0.8866150379180908,1.3804950714111328,0.9618905782699585,2.1084554195404053,-0.4702596664428711,-1.5722699165344238,-0.8722705841064453,1.367018699645996,0.9533536434173584,2.093467950820923,-0.03175336867570877,-0.00950825959444046,0.014344472438097,-0.01347634568810463,-0.0085369311273098,-0.014987403526902199
1769212233.0768719,/media/jerry/SSD/checkpoints/best_iris_experiment_combined.pth,goal1.png,-0.4448676109313965,-1.5670630931854248,-0.8786180019378662,1.372588872909546,0.9603609442710876,2.102321147918701,-0.47670039534568787,-1.5767053365707397,-0.863922119140625,1.3595187664031982,0.9502745866775513,2.085772752761841,-0.031832776963710785,-0.009642290882766247,0.01469588465988636,-0.01307013537734747,-0.010086370632052422,-0.01654846780002117
1769212233.1786604,/media/jerry/SSD/checkpoints/best_iris_experiment_combined.pth,goal1.png,-0.4513500928878784,-1.5718189477920532,-0.8691365718841553,1.3635921478271484,0.9576497673988342,2.0953996181488037,-0.48316144943237305,-1.5810821056365967,-0.8533374071121216,1.351491093635559,0.9468607306480408,2.0774941444396973,-0.031811363995075226,-0.009263108484447002,0.01579916477203369,-0.01210104301571846,-0.010789015330374241,-0.01790549047291279
1769212233.277367,/media/jerry/SSD/checkpoints/best_iris_experiment_combined.pth,goal1.png,-0.45907455682754517,-1.5765142440795898,-0.8595037460327148,1.3562312126159668,0.9548174142837524,2.0874176025390625,-0.4911709725856781,-1.5848298072814941,-0.8422789573669434,1.3449146747589111,0.9447782635688782,2.069196939468384,-0.03209642320871353,-0.008315574377775192,0.017224792391061783,-0.011316555552184582,-0.010039156302809715,-0.018220609053969383
1769212233.3775063,/media/jerry/SSD/checkpoints/best_iris_experiment_combined.pth,goal1.png,-0.4651329219341278,-1.5801795721054077,-0.8519004583358765,1.3500820398330688,0.9511975049972534,2.079829454421997,-0.49756601452827454,-1.5874981880187988,-0.8345494270324707,1.3388168811798096,0.9417211413383484,2.06132435798645,-0.032433103770017624,-0.007318617310374975,0.01735103502869606,-0.011265164241194725,-0.009476381354033947,-0.018505118787288666
1769212233.4783692,/media/jerry/SSD/checkpoints/best_iris_experiment_combined.pth,goal1.png,-0.4713124930858612,-1.5841175317764282,-0.8419041633605957,1.3435691595077515,0.9481532573699951,2.0726351737976074,-0.5036510825157166,-1.5906928777694702,-0.8251243829727173,1.3317244052886963,0.9388687014579773,2.053877830505371,-0.03233860433101654,-0.006575353443622589,0.016779791563749313,-0.011844715103507042,-0.009284581989049911,-0.01875746063888073
1769212233.5775378,/media/jerry/SSD/checkpoints/best_iris_experiment_combined.pth,goal1.png,-0.47764351963996887,-1.5877223014831543,-0.8318169116973877,1.3361173868179321,0.9452300667762756,2.06498646736145,-0.5098991990089417,-1.5941442251205444,-0.8156206607818604,1.3232578039169312,0.9363577365875244,2.0465261936187744,-0.03225569799542427,-0.006421906873583794,0.016196247190237045,-0.012859613634645939,-0.008872341364622116,-0.01846027374267578
1769212233.6777513,/media/jerry/SSD/checkpoints/best_iris_experiment_combined.pth,goal1.png,-0.4837018847465515,-1.591417908668518,-0.8224567174911499,1.328302025794983,0.9422462582588196,2.056095838546753,-0.5163902640342712,-1.5977081060409546,-0.8066110014915466,1.3144932985305786,0.9336215257644653,2.0383858680725098,-0.03268837928771973,-0.006290151737630367,0.015845704823732376,-0.01380867138504982,-0.008624733425676823,-0.017709944397211075
1769212233.7773063,/media/jerry/SSD/checkpoints/best_iris_experiment_combined.pth,goal1.png,-0.4890332818031311,-1.5951135158538818,-0.8131267428398132,1.3211227655410767,0.9392473697662354,2.0489468574523926,-0.522973358631134,-1.601495623588562,-0.7977207899093628,1.3074785470962524,0.9303382635116577,2.0326101779937744,-0.03394005447626114,-0.006382056511938572,0.015405927784740925,-0.01364424079656601,-0.008909091353416443,-0.016336791217327118
1769212233.8769164,/media/jerry/SSD/checkpoints/best_iris_experiment_combined.pth,goal1.png,-0.4952734112739563,-1.599293828010559,-0.8034636378288269,1.3127622604370117,0.935718297958374,2.0408740043640137,-0.5307579040527344,-1.605760931968689,-0.7882608771324158,1.3001803159713745,0.9259482622146606,2.0254838466644287,-0.03548450022935867,-0.006467053201049566,0.015202747657895088,-0.012581913731992245,-0.009770043194293976,-0.015390131622552872
1769212233.9761932,/media/jerry/SSD/checkpoints/best_iris_experiment_combined.pth,goal1.png,-0.5034825205802917,-1.6028681993484497,-0.7960118651390076,1.3056436777114868,0.9320833086967468,2.034754991531372,-0.5400742292404175,-1.609520435333252,-0.7802419066429138,1.2944246530532837,0.9220699071884155,2.019909143447876,-0.03659171238541603,-0.006652223877608776,0.015769967809319496,-0.011219034902751446,-0.010013405233621597,-0.014845823869109154
1769212234.0767536,/media/jerry/SSD/checkpoints/best_iris_experiment_combined.pth,goal1.png,-0.5112676024436951,-1.6063518524169922,-0.788226842880249,1.2998579740524292,0.9284785985946655,2.0286965370178223,-0.5490044951438904,-1.6126837730407715,-0.7716713547706604,1.2895504236221313,0.9184781312942505,2.0131919384002686,-0.03773687779903412,-0.006331919226795435,0.01655546762049198,-0.010307524353265762,-0.010000443086028099,-0.01550455391407013
1769212234.1767337,/media/jerry/SSD/checkpoints/best_iris_experiment_combined.pth,goal1.png,-0.5191131830215454,-1.6106230020523071,-0.7779577970504761,1.2935874462127686,0.9238135814666748,2.021790027618408,-0.5576899647712708,-1.6163243055343628,-0.7610894441604614,1.283535122871399,0.9133878946304321,2.004793882369995,-0.03857677802443504,-0.005701267626136541,0.01686834543943405,-0.010052336379885674,-0.010425660759210587,-0.016996173188090324
1769212234.2803898,/media/jerry/SSD/checkpoints/best_iris_experiment_combined.pth,goal1.png,-0.5262317657470703,-1.6141973733901978,-0.7692337036132812,1.288225769996643,0.9196333289146423,2.015216827392578,-0.5654371976852417,-1.6191056966781616,-0.7529733180999756,1.2774651050567627,0.907780647277832,1.9963455200195312,-0.039205409586429596,-0.004908302333205938,0.016260409727692604,-0.010760636068880558,-0.01185268722474575,-0.01887132227420807
1769212234.3821518,/media/jerry/SSD/checkpoints/best_iris_experiment_combined.pth,goal1.png,-0.5346832275390625,-1.6181353330612183,-0.7592676877975464,1.2815312147140503,0.9146654605865479,2.007007598876953,-0.5743021965026855,-1.6220226287841797,-0.743724524974823,1.2696359157562256,0.9019705057144165,1.9870668649673462,-0.03961894288659096,-0.003887302242219448,0.015543156303465366,-0.011895298957824707,-0.01269492506980896,-0.019940709695219994
1769212234.4772122,/media/jerry/SSD/checkpoints/best_iris_experiment_combined.pth,goal1.png,-0.543891966342926,-1.621861219406128,-0.7493621706962585,1.274261236190796,0.9094401001930237,1.9985713958740234,-0.5844963192939758,-1.6242936849594116,-0.7344513535499573,1.261465072631836,0.8961139917373657,1.9785794019699097,-0.0406043641269207,-0.002432461129501462,0.014910831116139889,-0.012796125374734402,-0.013326084241271019,-0.01999196596443653
1769212234.579187,/media/jerry/SSD/checkpoints/best_iris_experiment_combined.pth,goal1.png,-0.5524040460586548,-1.6252843141555786,-0.7403655052185059,1.2665671110153198,0.9033665657043457,1.9892867803573608,-0.5940533876419067,-1.6260288953781128,-0.7260295152664185,1.2532111406326294,0.8884881138801575,1.9691085815429688,-0.04164935648441315,-0.0007446074741892517,0.014335999265313148,-0.013355995528399944,-0.014878440648317337,-0.020178187638521194
1769212234.677744,/media/jerry/SSD/checkpoints/best_iris_experiment_combined.pth,goal1.png,-0.5603102445602417,-1.6281620264053345,-0.7317928671836853,1.2592970132827759,0.8976716995239258,1.9808050394058228,-0.6023690700531006,-1.6281473636627197,-0.717865526676178,1.2461094856262207,0.8810896873474121,1.9607709646224976,-0.04205881804227829,1.4667864888906479e-05,0.013927364721894264,-0.013187535107135773,-0.016582004725933075,-0.020034126937389374
1769212234.7787304,/media/jerry/SSD/checkpoints/best_iris_experiment_combined.pth,goal1.png,-0.5717303156852722,-1.6310094594955444,-0.7215844988822937,1.250239610671997,0.8900078535079956,1.9717174768447876,-0.6137803792953491,-1.6309492588043213,-0.7081272602081299,1.2370649576187134,0.8728188276290894,1.952741026878357,-0.04205005615949631,6.0208003560546786e-05,0.013457252644002438,-0.0131746931001544,-0.017189055681228638,-0.018976477906107903
1769212234.878647,/media/jerry/SSD/checkpoints/best_iris_experiment_combined.pth,goal1.png,-0.5815752148628235,-1.6336448192596436,-0.713223934173584,1.24269700050354,0.8824801445007324,1.9633114337921143,-0.623794674873352,-1.6338558197021484,-0.7010151743888855,1.2292674779891968,0.8654916882514954,1.9465882778167725,-0.04221948981285095,-0.00021097558783367276,0.012208787724375725,-0.01342952623963356,-0.0169884841889143,-0.016723163425922394
1769212234.9799042,/media/jerry/SSD/checkpoints/best_iris_experiment_combined.pth,goal1.png,-0.5934193134307861,-1.6369163990020752,-0.7042272686958313,1.2342455387115479,0.8750284314155579,1.955980896949768,-0.6357466578483582,-1.6377086639404297,-0.6936125159263611,1.2202407121658325,0.857599675655365,1.941309928894043,-0.04232732951641083,-0.0007922680233605206,0.010614725761115551,-0.014004858210682869,-0.017428729683160782,-0.014670928940176964
1769212235.0766594,/media/jerry/SSD/checkpoints/best_iris_experiment_combined.pth,goal1.png,-0.6054755449295044,-1.639975905418396,-0.6960180997848511,1.2251276969909668,0.8674100041389465,1.9491196870803833,-0.6479890942573547,-1.641284465789795,-0.6867374777793884,1.2107354402542114,0.8485570549964905,1.935217261314392,-0.04251352697610855,-0.0013085543178021908,0.009280628524720669,-0.014392209239304066,-0.018852951005101204,-0.013902409933507442
1769212235.1779158,/media/jerry/SSD/checkpoints/best_iris_experiment_combined.pth,goal1.png,-0.6149569153785706,-1.643429160118103,-0.6885057091712952,1.2161006927490234,0.858776867389679,1.9423948526382446,-0.6578834056854248,-1.6449531316757202,-0.6800040602684021,1.2013660669326782,0.8384749293327332,1.9283692836761475,-0.04292648658156395,-0.0015239643398672342,0.008501664735376835,-0.014734683558344841,-0.020301956683397293,-0.014025559648871422
1769212235.2784035,/media/jerry/SSD/checkpoints/best_iris_experiment_combined.pth,goal1.png,-0.6244382858276367,-1.646428108215332,-0.6823261380195618,1.2075886726379395,0.8502798676490784,1.9361395835876465,-0.6676104664802551,-1.6486239433288574,-0.6740517616271973,1.1926106214523315,0.8300209045410156,1.9225077629089355,-0.0431721955537796,-0.0021957773715257645,0.008274402469396591,-0.014978005550801754,-0.020258938893675804,-0.013631818816065788
1769212235.3783185,/media/jerry/SSD/checkpoints/best_iris_experiment_combined.pth,goal1.png,-0.6355554461479187,-1.6502145528793335,-0.673995852470398,1.1967440843582153,0.8406622409820557,1.9300055503845215,-0.6786309480667114,-1.6532745361328125,-0.6653510332107544,1.1823405027389526,0.8216834664344788,1.9171767234802246,-0.04307550936937332,-0.0030600058380514383,0.008644797839224339,-0.014403540641069412,-0.018978755921125412,-0.01282880175858736
1769212235.4774113,/media/jerry/SSD/checkpoints/best_iris_experiment_combined.pth,goal1.png,-0.6468846201896667,-1.654152512550354,-0.6662411093711853,1.187232494354248,0.8315443992614746,1.924038052558899,-0.6896562576293945,-1.6580827236175537,-0.6568601727485657,1.1741591691970825,0.8142034411430359,1.9121639728546143,-0.04277162626385689,-0.003930185921490192,0.00938091054558754,-0.013073286041617393,-0.017340948805212975,-0.011874083429574966
1769212235.5778053,/media/jerry/SSD/checkpoints/best_iris_experiment_combined.pth,goal1.png,-0.6579412221908569,-1.6587871313095093,-0.6585772037506104,1.1784477233886719,0.8236078023910522,1.9187973737716675,-0.7003530263900757,-1.6627016067504883,-0.648819625377655,1.16659677028656,0.8076171278953552,1.907504677772522,-0.04241183027625084,-0.003914480097591877,0.00975756160914898,-0.01185089722275734,-0.015990694984793663,-0.011292719282209873
1769212235.6763315,/media/jerry/SSD/checkpoints/best_iris_experiment_combined.pth,goal1.png,-0.6677860617637634,-1.6629674434661865,-0.6514586210250854,1.1699963808059692,0.816307544708252,1.9142537117004395,-0.7100868225097656,-1.6665339469909668,-0.6413218975067139,1.1590821743011475,0.8011898994445801,1.9034397602081299,-0.042300738394260406,-0.003566449973732233,0.010136738419532776,-0.010914195328950882,-0.015117648988962173,-0.010813910514116287
1769212235.776711,/media/jerry/SSD/checkpoints/best_iris_experiment_combined.pth,goal1.png,-0.6769039630889893,-1.667087197303772,-0.6434009671211243,1.1625747680664062,0.8092949390411377,1.9098764657974243,-0.7187694907188416,-1.6701765060424805,-0.6331444978713989,1.1523698568344116,0.7946929931640625,1.8991210460662842,-0.0418655127286911,-0.003089322242885828,0.010256477631628513,-0.01020487118512392,-0.014601942151784897,-0.010755416937172413
1769212235.8768039,/media/jerry/SSD/checkpoints/best_iris_experiment_combined.pth,goal1.png,-0.68565833568573,-1.671146273612976,-0.6341619491577148,1.155698537826538,0.8018734455108643,1.9048480987548828,-0.7265403270721436,-1.6740072965621948,-0.6238384246826172,1.1460400819778442,0.7879505753517151,1.894142746925354,-0.040881991386413574,-0.002861056476831436,0.010323542170226574,-0.00965847633779049,-0.01392288412898779,-0.010705388151109219
1769212235.9782724,/media/jerry/SSD/checkpoints/best_iris_experiment_combined.pth,goal1.png,-0.6950185298919678,-1.674963116645813,-0.6260436773300171,1.1488828659057617,0.7955878376960754,1.900985836982727,-0.7341787219047546,-1.6774654388427734,-0.6156802177429199,1.1400542259216309,0.7821929454803467,1.8903827667236328,-0.03916021063923836,-0.00250234454870224,0.010363489389419556,-0.008828621357679367,-0.013394882902503014,-0.010603082366287708
1769212236.0774891,/media/jerry/SSD/checkpoints/best_iris_experiment_combined.pth,goal1.png,-0.704075813293457,-1.6788101196289062,-0.6179860234260559,1.14203679561615,0.7897112369537354,1.8970478773117065,-0.7412981986999512,-1.6809892654418945,-0.6073818206787109,1.13373601436615,0.7762956619262695,1.8867849111557007,-0.03722238540649414,-0.002179086906835437,0.010604210197925568,-0.008300745859742165,-0.013415589928627014,-0.01026301458477974
1769212236.1769576,/media/jerry/SSD/checkpoints/best_iris_experiment_combined.pth,goal1.png,-0.7110127210617065,-1.683111548423767,-0.6094133853912354,1.1357663869857788,0.7835921049118042,1.8928371667861938,-0.746712327003479,-1.685228705406189,-0.5989912152290344,1.1277680397033691,0.7696810960769653,1.8823384046554565,-0.03569963201880455,-0.0021172049455344677,0.010422173887491226,-0.007998366840183735,-0.013910990208387375,-0.010498741641640663
1769212236.2782493,/media/jerry/SSD/checkpoints/best_iris_experiment_combined.pth,goal1.png,-0.7164652347564697,-1.686746597290039,-0.6022948026657104,1.1303744316101074,0.7776398062705994,1.8882783651351929,-0.750684380531311,-1.6892014741897583,-0.5916800498962402,1.123166561126709,0.7637723684310913,1.8773530721664429,-0.03421911969780922,-0.0024548314977437258,0.010614778846502304,-0.007207872346043587,-0.013867450878024101,-0.010925278067588806
1769212236.3773494,/media/jerry/SSD/checkpoints/best_iris_experiment_combined.pth,goal1.png,-0.7213422656059265,-1.6902605295181274,-0.594721794128418,1.1254974603652954,0.7713543176651001,1.883658766746521,-0.7542034983634949,-1.6927589178085327,-0.5845030546188354,1.1189088821411133,0.7574548125267029,1.8725522756576538,-0.03286124765872955,-0.002498336136341095,0.010218744166195393,-0.006588603835552931,-0.013899484649300575,-0.011106541380286217
1769212236.4775107,/media/jerry/SSD/checkpoints/best_iris_experiment_combined.pth,goal1.png,-0.7252196073532104,-1.694046974182129,-0.5864217877388,1.1204689741134644,0.7652655243873596,1.878751516342163,-0.7571262121200562,-1.6962708234786987,-0.5766489505767822,1.1139799356460571,0.7507891654968262,1.867801308631897,-0.03190663456916809,-0.002223790856078267,0.009772838093340397,-0.006489087361842394,-0.014476334676146507,-0.010950259864330292
1769212236.578012,/media/jerry/SSD/checkpoints/best_iris_experiment_combined.pth,goal1.png,-0.7289758324623108,-1.6974093914031982,-0.5786064863204956,1.115864634513855,0.7594646215438843,1.8744652271270752,-0.7606436014175415,-1.699126124382019,-0.5695449113845825,1.108220100402832,0.7440112829208374,1.8634644746780396,-0.03166778013110161,-0.0017167680198326707,0.009061593562364578,-0.007644529454410076,-0.015453364700078964,-0.011000791564583778
1769212236.6773245,/media/jerry/SSD/checkpoints/best_iris_experiment_combined.pth,goal1.png,-0.7327319979667664,-1.700468897819519,-0.5720028877258301,1.110987663269043,0.7525579929351807,1.869921326637268,-0.7644807696342468,-1.7019932270050049,-0.5627434849739075,1.1020652055740356,0.7361210584640503,1.8587206602096558,-0.031748753041028976,-0.0015243480447679758,0.009259406477212906,-0.008922446519136429,-0.016436925157904625,-0.011200608685612679
1769212236.7788336,/media/jerry/SSD/checkpoints/best_iris_experiment_combined.pth,goal1.png,-0.73624587059021,-1.7036192417144775,-0.5647933483123779,1.1055653095245361,0.7450456619262695,1.8651959896087646,-0.7682311534881592,-1.7054840326309204,-0.5554118752479553,1.0951850414276123,0.7277942299842834,1.8537404537200928,-0.03198528662323952,-0.001864818623289466,0.009381445124745369,-0.01038027461618185,-0.017251409590244293,-0.011455517262220383
1769212236.8789444,/media/jerry/SSD/checkpoints/best_iris_experiment_combined.pth,goal1.png,-0.7403959035873413,-1.706799864768982,-0.5576142072677612,1.0995068550109863,0.7372000217437744,1.8604097366333008,-0.7726650834083557,-1.7089121341705322,-0.5479888916015625,1.0871163606643677,0.719904899597168,1.849414348602295,-0.032269205898046494,-0.002112229587510228,0.009625294245779514,-0.012390516698360443,-0.017295092344284058,-0.010995389893651009
1769212236.9775252,/media/jerry/SSD/checkpoints/best_iris_experiment_combined.pth,goal1.png,-0.7441520690917969,-1.7101622819900513,-0.5507378578186035,1.092660903930664,0.7294755578041077,1.8565020561218262,-0.7763111591339111,-1.7124781608581543,-0.5410456657409668,1.0784153938293457,0.7122001051902771,1.8455218076705933,-0.03215906769037247,-0.002315899357199669,0.009692169725894928,-0.014245482161641121,-0.01727544702589512,-0.010980275459587574
1769212237.0771215,/media/jerry/SSD/checkpoints/best_iris_experiment_combined.pth,goal1.png,-0.7486352920532227,-1.713888168334961,-0.5433467030525208,1.0839670896530151,0.7204183340072632,1.8517765998840332,-0.780744194984436,-1.715865135192871,-0.5335667729377747,1.0686415433883667,0.7026069164276123,1.8401087522506714,-0.03210890665650368,-0.001976953586563468,0.009779944084584713,-0.015325517393648624,-0.017811430618166924,-0.011667802929878235
1769212237.1788473,/media/jerry/SSD/checkpoints/best_iris_experiment_combined.pth,goal1.png,-0.7526035308837891,-1.717523217201233,-0.5355314016342163,1.0759397745132446,0.7119972705841064,1.8474751710891724,-0.7850608825683594,-1.7194013595581055,-0.5259705781936646,1.0598915815353394,0.6935585737228394,1.8349580764770508,-0.03245732933282852,-0.0018780879909172654,0.009560800157487392,-0.016048220917582512,-0.01843866892158985,-0.012517104856669903
1769212237.278691,/media/jerry/SSD/checkpoints/best_iris_experiment_combined.pth,goal1.png,-0.756874680519104,-1.7208250761032104,-0.5278372168540955,1.0678215026855469,0.7040758728981018,1.8424012660980225,-0.7896132469177246,-1.722725749015808,-0.5185263752937317,1.0513116121292114,0.6859740018844604,1.830373764038086,-0.03273859620094299,-0.001900688512250781,0.00931083969771862,-0.01650991290807724,-0.01810188591480255,-0.012027555145323277
1769212237.3779538,/media/jerry/SSD/checkpoints/best_iris_experiment_combined.pth,goal1.png,-0.7620243430137634,-1.7243388891220093,-0.5205671191215515,1.0578252077102661,0.6951699256896973,1.8369182348251343,-0.7950534224510193,-1.7262107133865356,-0.511747419834137,1.041460633277893,0.6779365539550781,1.8255784511566162,-0.03302907943725586,-0.0018718590727075934,0.008819710463285446,-0.016364606097340584,-0.017233366146683693,-0.011339724063873291
1769212237.4774396,/media/jerry/SSD/checkpoints/best_iris_experiment_combined.pth,goal1.png,-0.7661440372467041,-1.7275499105453491,-0.5140240788459778,1.049161672592163,0.6867943406105042,1.8320262432098389,-0.7995556592941284,-1.7290759086608887,-0.5057599544525146,1.033813714981079,0.6699016690254211,1.8202890157699585,-0.03341163694858551,-0.0015260425861924887,0.008264143019914627,-0.015347982756793499,-0.016892660409212112,-0.011737196706235409
1769212237.5798664,/media/jerry/SSD/checkpoints/best_iris_experiment_combined.pth,goal1.png,-0.7719904184341431,-1.730579137802124,-0.5075415372848511,1.0414372682571411,0.6793727874755859,1.8274219036102295,-0.8060473799705505,-1.7317845821380615,-0.49958547949790955,1.027940273284912,0.6622341275215149,1.8143388032913208,-0.03405696898698807,-0.0012054750695824623,0.00795606430619955,-0.01349698193371296,-0.017138659954071045,-0.013083122670650482
1769212237.6801329,/media/jerry/SSD/checkpoints/best_iris_experiment_combined.pth,goal1.png,-0.7779579162597656,-1.733396291732788,-0.5007864236831665,1.0335310697555542,0.6712241172790527,1.822211503982544,-0.8128035068511963,-1.7343928813934326,-0.49327901005744934,1.0214545726776123,0.6536409854888916,1.8081257343292236,-0.03484559804201126,-0.0009965631179511547,0.007507416885346174,-0.012076493352651596,-0.017583156004548073,-0.014085722155869007
1769212237.7799015,/media/jerry/SSD/checkpoints/best_iris_experiment_combined.pth,goal1.png,-0.782713770866394,-1.7361527681350708,-0.4949703812599182,1.0272303819656372,0.6629999876022339,1.8165924549102783,-0.8183831572532654,-1.737080454826355,-0.48836588859558105,1.0151607990264893,0.6454673409461975,1.8025578260421753,-0.03566937893629074,-0.0009277299977838993,0.0066044870764017105,-0.012069625779986382,-0.017532650381326675,-0.014034639112651348
1769212237.8796074,/media/jerry/SSD/checkpoints/best_iris_experiment_combined.pth,goal1.png,-0.788408637046814,-1.7386972904205322,-0.48903319239616394,1.0213537216186523,0.6546242237091064,1.811003565788269,-0.8243215084075928,-1.7398457527160645,-0.48351043462753296,1.0079840421676636,0.6375675797462463,1.7977837324142456,-0.035912878811359406,-0.0011484327260404825,0.005522747989743948,-0.013369627296924591,-0.01705663837492466,-0.01321988832205534
1769212237.9787834,/media/jerry/SSD/checkpoints/best_iris_experiment_combined.pth,goal1.png,-0.7939520478248596,-1.7415447235107422,-0.4828839600086212,1.0145986080169678,0.6452640295028687,1.8050966262817383,-0.8293629884719849,-1.743139624595642,-0.47854626178741455,0.9994719624519348,0.6287670731544495,1.7923502922058105,-0.03541091829538345,-0.00159491878002882,0.004337700549513102,-0.015126638114452362,-0.01649697870016098,-0.012746283784508705
1769212238.0782034,/media/jerry/SSD/checkpoints/best_iris_experiment_combined.pth,goal1.png,-0.7982231974601746,-1.7440589666366577,-0.47785547375679016,1.0070558786392212,0.6377668380737305,1.8004165887832642,-0.832379162311554,-1.7465202808380127,-0.47370877861976624,0.9907186627388,0.6219350695610046,1.7875856161117554,-0.03415597230195999,-0.002461293712258339,0.004146699793636799,-0.01633720099925995,-0.015831749886274338,-0.012831001542508602
1769212238.1769936,/media/jerry/SSD/checkpoints/best_iris_experiment_combined.pth,goal1.png,-0.8030093312263489,-1.7470579147338867,-0.4722514748573303,0.9980592131614685,0.6291335821151733,1.794176459312439,-0.8355334997177124,-1.7504606246948242,-0.4677334725856781,0.9812605381011963,0.6137577295303345,1.7812358140945435,-0.03252415731549263,-0.003402700647711754,0.0045179990120232105,-0.016798676922917366,-0.015375833958387375,-0.012940618209540844
1769212238.2810276,/media/jerry/SSD/checkpoints/best_iris_experiment_combined.pth,goal1.png,-0.8064020276069641,-1.7499053478240967,-0.4674350321292877,0.9899106621742249,0.6218029260635376,1.7888450622558594,-0.8379198908805847,-1.7543978691101074,-0.4626429080963135,0.9731383919715881,0.6068674921989441,1.7754864692687988,-0.0315178781747818,-0.004492508247494698,0.004792122635990381,-0.016772272065281868,-0.014935417100787163,-0.01335857156664133
1769212238.3780348,/media/jerry/SSD/checkpoints/best_iris_experiment_combined.pth,goal1.png,-0.8093706369400024,-1.7527225017547607,-0.46292150020599365,0.9816712737083435,0.6144267916679382,1.78361976146698,-0.8402755260467529,-1.7579556703567505,-0.4580768644809723,0.9649947285652161,0.5995949506759644,1.7705492973327637,-0.030904866755008698,-0.005233150906860828,0.004844622686505318,-0.016676532104611397,-0.014831816777586937,-0.013070428743958473
1769212238.478762,/media/jerry/SSD/checkpoints/best_iris_experiment_combined.pth,goal1.png,-0.8120969533920288,-1.7562060356140137,-0.45755982398986816,0.9727048277854919,0.6067628860473633,1.7776824235916138,-0.8425822257995605,-1.7620735168457031,-0.45270341634750366,0.9558696150779724,0.591964602470398,1.7650285959243774,-0.030485298484563828,-0.005867535248398781,0.004856404848396778,-0.016835220158100128,-0.01479828916490078,-0.012653864920139313
1769212238.580441,/media/jerry/SSD/checkpoints/best_iris_experiment_combined.pth,goal1.png,-0.8146717548370361,-1.7595078945159912,-0.4520467519760132,0.9649198055267334,0.599114179611206,1.7722147703170776,-0.8452638387680054,-1.7658292055130005,-0.4473666548728943,0.9474835991859436,0.5842621326446533,1.7605257034301758,-0.0305920597165823,-0.0063212537206709385,0.0046800849959254265,-0.017436178401112556,-0.014852024614810944,-0.011689082719385624
1769212238.6795402,/media/jerry/SSD/checkpoints/best_iris_experiment_combined.pth,goal1.png,-0.8178827166557312,-1.763355016708374,-0.4454733431339264,0.9559836983680725,0.5917230248451233,1.7674286365509033,-0.848931074142456,-1.7700932025909424,-0.4414558410644531,0.9381625652313232,0.5771440267562866,1.7568936347961426,-0.031048379838466644,-0.0067381542176008224,0.004017512314021587,-0.01782115176320076,-0.014579027891159058,-0.010534975677728653
1769212238.779583,/media/jerry/SSD/checkpoints/best_iris_experiment_combined.pth,goal1.png,-0.8209118843078613,-1.7670809030532837,-0.43986931443214417,0.9466840028762817,0.5839834213256836,1.7633240222930908,-0.8521514534950256,-1.7741212844848633,-0.4366258680820465,0.9293470978736877,0.5694968700408936,1.7540380954742432,-0.03123956359922886,-0.007040335796773434,0.0032434328459203243,-0.01733691804111004,-0.014486540108919144,-0.00928589329123497
1769212238.8779945,/media/jerry/SSD/checkpoints/best_iris_experiment_combined.pth,goal1.png,-0.823789656162262,-1.7705644369125366,-0.4350529611110687,0.9390504360198975,0.5769858956336975,1.760082721710205,-0.8553694486618042,-1.7773863077163696,-0.4322707951068878,0.9227570295333862,0.561558723449707,1.750949501991272,-0.03157979995012283,-0.006821907125413418,0.0027821515686810017,-0.016293402761220932,-0.015427174046635628,-0.009133178740739822
1769212238.9779928,/media/jerry/SSD/checkpoints/best_iris_experiment_combined.pth,goal1.png,-0.8273338079452515,-1.7742600440979004,-0.4298124313354492,0.9309625029563904,0.5688373446464539,1.7565991878509521,-0.8596711754798889,-1.7807221412658691,-0.4270194172859192,0.9154679179191589,0.5527077913284302,1.7473814487457275,-0.032337356358766556,-0.006462080404162407,0.0027930245269089937,-0.015494558960199356,-0.016129564493894577,-0.009217778220772743
1769212239.0813265,/media/jerry/SSD/checkpoints/best_iris_experiment_combined.pth,goal1.png,-0.831089973449707,-1.7772589921951294,-0.4249051511287689,0.9233894944190979,0.5607798099517822,1.7525705099105835,-0.8642734885215759,-1.7834428548812866,-0.4219592213630676,0.9080256819725037,0.5445606112480164,1.7436786890029907,-0.03318352624773979,-0.006183844991028309,0.002945929765701294,-0.015363812446594238,-0.01621919684112072,-0.008891845121979713
1769212239.1785645,/media/jerry/SSD/checkpoints/best_iris_experiment_combined.pth,goal1.png,-0.8349976539611816,-1.7800458669662476,-0.4197251796722412,0.9163314700126648,0.5532824397087097,1.749738097190857,-0.86814284324646,-1.7861589193344116,-0.41689321398735046,0.9009628891944885,0.5369156002998352,1.7417054176330566,-0.03314518928527832,-0.006113081239163876,0.0028319794218987226,-0.015368586406111717,-0.01636684313416481,-0.008032734505832195
1769212239.2794518,/media/jerry/SSD/checkpoints/best_iris_experiment_combined.pth,goal1.png,-0.8396928906440735,-1.7829841375350952,-0.414272665977478,0.908788800239563,0.5442706942558289,1.7464513778686523,-0.8718575835227966,-1.788896083831787,-0.41175293922424316,0.8929718136787415,0.5276087522506714,1.7391653060913086,-0.032164689153432846,-0.005911916960030794,0.0025197225622832775,-0.015816999599337578,-0.016661936417222023,-0.007286106236279011
1769212239.3777528,/media/jerry/SSD/checkpoints/best_iris_experiment_combined.pth,goal1.png,-0.8432976603507996,-1.7854983806610107,-0.4098197817802429,0.9019731283187866,0.5360463857650757,1.7444369792938232,-0.8741955161094666,-1.791361927986145,-0.40793800354003906,0.886263906955719,0.519274115562439,1.7381068468093872,-0.030897855758666992,-0.005863599944859743,0.0018817782402038574,-0.015709243714809418,-0.01677226461470127,-0.006330084055662155
1769212239.4792774,/media/jerry/SSD/checkpoints/best_iris_experiment_combined.pth,goal1.png,-0.8461450934410095,-1.7883155345916748,-0.4049125015735626,0.8933399319648743,0.527125358581543,1.742301344871521,-0.8762531280517578,-1.7946795225143433,-0.4037622809410095,0.8785509467124939,0.5107995867729187,1.7371666431427002,-0.030108030885457993,-0.006363933440297842,0.0011502123670652509,-0.014788986183702946,-0.01632576994597912,-0.005134696140885353
1769212239.5794008,/media/jerry/SSD/checkpoints/best_iris_experiment_combined.pth,goal1.png,-0.8487501740455627,-1.7910418510437012,-0.4000052213668823,0.8867665529251099,0.5188406109809875,1.7406202554702759,-0.8788072466850281,-1.7985023260116577,-0.3994603753089905,0.8736060261726379,0.5023961067199707,1.7359999418258667,-0.030057089403271675,-0.007460418157279491,0.0005448547890409827,-0.013160505332052708,-0.016444511711597443,-0.0046203709207475185
1769212239.68031,/media/jerry/SSD/checkpoints/best_iris_experiment_combined.pth,goal1.png,-0.8509615063667297,-1.7938892841339111,-0.3954310417175293,0.8808596134185791,0.5112372636795044,1.739802360534668,-0.8816186189651489,-1.8022500276565552,-0.39485234022140503,0.8689287900924683,0.4940944314002991,1.7351610660552979,-0.030657120048999786,-0.008360754698514938,0.000578687118832022,-0.011930795386433601,-0.017142826691269875,-0.004641292616724968
1769212239.780322,/media/jerry/SSD/checkpoints/best_iris_experiment_combined.pth,goal1.png,-0.8533848524093628,-1.7974940538406372,-0.3900390863418579,0.8753162026405334,0.5022557377815247,1.7389694452285767,-0.884414553642273,-1.8064281940460205,-0.3891639709472656,0.863973081111908,0.48424193263053894,1.7340959310531616,-0.031029678881168365,-0.00893416441977024,0.0008751123677939177,-0.011343123391270638,-0.018013792112469673,-0.004873527679592371
1769212239.8809419,/media/jerry/SSD/checkpoints/best_iris_experiment_combined.pth,goal1.png,-0.8560505509376526,-1.8007957935333252,-0.3855862021446228,0.8704997897148132,0.49384966492652893,1.737591028213501,-0.8872186541557312,-1.8097013235092163,-0.3845731317996979,0.8592129945755005,0.47569435834884644,1.7325208187103271,-0.03116811253130436,-0.008905496448278427,0.0010130716254934669,-0.011286765336990356,-0.018155314028263092,-0.005070165265351534
1769212239.9811978,/media/jerry/SSD/checkpoints/best_iris_experiment_combined.pth,goal1.png,-0.8600490689277649,-1.8045823574066162,-0.3808909058570862,0.864501953125,0.4844439923763275,1.7363945245742798,-0.8916757702827454,-1.8132576942443848,-0.37966492772102356,0.8531908392906189,0.4664205014705658,1.7307530641555786,-0.03162669017910957,-0.008675391785800457,0.0012259670766070485,-0.011311138980090618,-0.01802348904311657,-0.005641518160700798
1769212240.0802543,/media/jerry/SSD/checkpoints/best_iris_experiment_combined.pth,goal1.png,-0.8631994724273682,-1.8075811862945557,-0.3767712712287903,0.8598976135253906,0.47620460391044617,1.735182762145996,-0.8953717947006226,-1.815819263458252,-0.37560561299324036,0.8485481142997742,0.45832905173301697,1.7293992042541504,-0.03217232599854469,-0.008238108828663826,0.0011656631249934435,-0.011349515989422798,-0.017875557765364647,-0.005783608183264732
1769212240.1800406,/media/jerry/SSD/checkpoints/best_iris_experiment_combined.pth,goal1.png,-0.867107093334198,-1.8105801343917847,-0.3718337118625641,0.8549903035163879,0.4674502909183502,1.7339105606079102,-0.8992441892623901,-1.8188728094100952,-0.37093403935432434,0.8435580730438232,0.4503214657306671,1.728790283203125,-0.032137107104063034,-0.0082927281036973,0.0008996815304271877,-0.01143224723637104,-0.017128828912973404,-0.005120247136801481
1769212240.2800229,/media/jerry/SSD/checkpoints/best_iris_experiment_combined.pth,goal1.png,-0.8715600371360779,-1.8136396408081055,-0.36686569452285767,0.8499012589454651,0.45893827080726624,1.7321536540985107,-0.9029132127761841,-1.8219023942947388,-0.36684271693229675,0.837985098361969,0.4432357847690582,1.7290562391281128,-0.03135314956307411,-0.008262736722826958,2.2970838472247124e-05,-0.011916182935237885,-0.015702472999691963,-0.00309737678617239
1769212240.3833532,/media/jerry/SSD/checkpoints/best_iris_experiment_combined.pth,goal1.png,-0.8752253651618958,-1.8165173530578613,-0.3621402680873871,0.844872772693634,0.4512138068675995,1.7311540842056274,-0.9056200981140137,-1.8248497247695923,-0.3631094992160797,0.8329377174377441,0.4367770850658417,1.7294329404830933,-0.030394738540053368,-0.00833232793956995,-0.0009692165185697377,-0.011935028247535229,-0.014436719007790089,-0.0017211254453286529
1769212240.480746,/media/jerry/SSD/checkpoints/best_iris_experiment_combined.pth,goal1.png,-0.8785877823829651,-1.8195163011550903,-0.35823261737823486,0.8395413756370544,0.44417092204093933,1.7313510179519653,-0.9083319306373596,-1.8275774717330933,-0.35992586612701416,0.8281489014625549,0.42981892824172974,1.7291642427444458,-0.029744135215878487,-0.008061188273131847,-0.0016932620201259851,-0.011392449960112572,-0.014351989142596722,-0.0021867994219064713
1769212240.579996,/media/jerry/SSD/checkpoints/best_iris_experiment_combined.pth,goal1.png,-0.8815866708755493,-1.8225454092025757,-0.3544763922691345,0.8339979648590088,0.4367190897464752,1.7318658828735352,-0.9108163714408875,-1.8301455974578857,-0.3560757637023926,0.8238045573234558,0.4215192496776581,1.728070855140686,-0.02922971546649933,-0.007600191980600357,-0.0015993628185242414,-0.010193382389843464,-0.015199854038655758,-0.0037950011901557446
1769212240.6795616,/media/jerry/SSD/checkpoints/best_iris_experiment_combined.pth,goal1.png,-0.8854337334632874,-1.8249082565307617,-0.3510231077671051,0.8300600051879883,0.4305698275566101,1.7312902212142944,-0.9143437147140503,-1.8320125341415405,-0.35240840911865234,0.8209062218666077,0.4144470691680908,1.7261344194412231,-0.028909988701343536,-0.007104329764842987,-0.0013853161362931132,-0.009153771214187145,-0.01612277328968048,-0.005155850201845169
1769212240.7806137,/media/jerry/SSD/checkpoints/best_iris_experiment_combined.pth,goal1.png,-0.8887355923652649,-1.827513337135315,-0.34650951623916626,0.826061487197876,0.42234548926353455,1.729881763458252,-0.9170576333999634,-1.834320306777954,-0.34778207540512085,0.8175266981124878,0.4055911600589752,1.724218726158142,-0.02832202985882759,-0.006807008758187294,-0.0012725573033094406,-0.008534797467291355,-0.016754336655139923,-0.005662989336997271
1769212240.8818405,/media/jerry/SSD/checkpoints/best_iris_experiment_combined.pth,goal1.png,-0.891552746295929,-1.8294520378112793,-0.34263214468955994,0.8230625987052917,0.4148331582546234,1.7283672094345093,-0.9194247722625732,-1.8357256650924683,-0.34433162212371826,0.814794659614563,0.39747822284698486,1.722389578819275,-0.02787199802696705,-0.006273623090237379,-0.0016994895413517952,-0.008267942816019058,-0.017354950308799744,-0.0059775859117507935
1769212240.9813652,/media/jerry/SSD/checkpoints/best_iris_experiment_combined.pth,goal1.png,-0.8944910168647766,-1.8315118551254272,-0.3382398188114166,0.8197001814842224,0.40601813793182373,1.7267616987228394,-0.9220661520957947,-1.837393045425415,-0.3404657244682312,0.8114516139030457,0.3876873850822449,1.7200716733932495,-0.027575157582759857,-0.005881191231310368,-0.0022259175311774015,-0.008248561061918736,-0.018330758437514305,-0.006690007168799639
1769212241.0817475,/media/jerry/SSD/checkpoints/best_iris_experiment_combined.pth,goal1.png,-0.8969447016716003,-1.8328750133514404,-0.3346956968307495,0.8164286613464355,0.3981119990348816,1.7243988513946533,-0.9244530200958252,-1.8388776779174805,-0.33686313033103943,0.8088772296905518,0.37904295325279236,1.716799259185791,-0.027508307248353958,-0.00600267481058836,-0.002167422790080309,-0.007551436312496662,-0.019069043919444084,-0.007599585689604282
1769212241.1806476,/media/jerry/SSD/checkpoints/best_iris_experiment_combined.pth,goal1.png,-0.8998224139213562,-1.8344502449035645,-0.3312727212905884,0.8128238916397095,0.38938799500465393,1.7221572399139404,-0.9276408553123474,-1.8409472703933716,-0.3326781690120697,0.8066982626914978,0.36984488368034363,1.7130646705627441,-0.027818424627184868,-0.006497075781226158,-0.0014054495841264725,-0.0061256252229213715,-0.019543113186955452,-0.009092614986002445
1769212241.2804937,/media/jerry/SSD/checkpoints/best_iris_experiment_combined.pth,goal1.png,-0.9034574627876282,-1.8364495038986206,-0.3302428126335144,0.8094615340232849,0.37934616208076477,1.7182950973510742,-0.9316972494125366,-1.8431127071380615,-0.3303321897983551,0.8041492104530334,0.3600647747516632,1.7080235481262207,-0.028239799663424492,-0.006663155741989613,-8.936278754845262e-05,-0.0053123063407838345,-0.019281387329101562,-0.01027153991162777
1769212241.379932,/media/jerry/SSD/checkpoints/best_iris_experiment_combined.pth,goal1.png,-0.9086676836013794,-1.83981192111969,-0.3263048827648163,0.8073713183403015,0.37036460638046265,1.7145540714263916,-0.9372701048851013,-1.8462886810302734,-0.32564184069633484,0.8014689683914185,0.3517373204231262,1.7043296098709106,-0.02860243245959282,-0.006476714741438627,0.0006630495190620422,-0.005902332253754139,-0.01862730085849762,-0.010224511846899986
1769212241.4807973,/media/jerry/SSD/checkpoints/best_iris_experiment_combined.pth,goal1.png,-0.913999080657959,-1.8424170017242432,-0.321912556886673,0.805644690990448,0.36073172092437744,1.7111916542053223,-0.9430811405181885,-1.848583698272705,-0.32106244564056396,0.7974957227706909,0.34277382493019104,1.7005841732025146,-0.029082074761390686,-0.006166755221784115,0.0008501246338710189,-0.0081489821895957,-0.01795789785683155,-0.010607443749904633
1769212241.580519,/media/jerry/SSD/checkpoints/best_iris_experiment_combined.pth,goal1.png,-0.9177855253219604,-1.843749761581421,-0.3183682858943939,0.8023428916931152,0.3529769778251648,1.7065266370773315,-0.9474948048591614,-1.8494782447814941,-0.3182508647441864,0.7918809056282043,0.335024893283844,1.695792555809021,-0.029709303751587868,-0.005728500429540873,0.00011741151683963835,-0.010461991652846336,-0.0179520845413208,-0.010734041221439838
1769212241.6813383,/media/jerry/SSD/checkpoints/best_iris_experiment_combined.pth,goal1.png,-0.9229351878166199,-1.845930814743042,-0.31358227133750916,0.7990713715553284,0.3438136577606201,1.7024524211883545,-0.9532012343406677,-1.850924015045166,-0.3135659098625183,0.7872612476348877,0.32513749599456787,1.690489649772644,-0.030266020447015762,-0.004993252921849489,1.635323860682547e-05,-0.011810152791440487,-0.018676165491342545,-0.011962768621742725
1769212241.7811968,/media/jerry/SSD/checkpoints/best_iris_experiment_combined.pth,goal1.png,-0.9280847907066345,-1.8478089570999146,-0.30882641673088074,0.7945275902748108,0.3354834020137787,1.6976662874221802,-0.958427369594574,-1.852534294128418,-0.30825746059417725,0.7821008563041687,0.31630781292915344,1.6862821578979492,-0.03034256584942341,-0.004725341219455004,0.0005689522949978709,-0.012426735833287239,-0.01917559653520584,-0.011384161189198494
1769212241.8821945,/media/jerry/SSD/checkpoints/best_iris_experiment_combined.pth,goal1.png,-0.9335373640060425,-1.8491721153259277,-0.30407053232192993,0.7891355752944946,0.326153427362442,1.6932132244110107,-0.9630042910575867,-1.8542156219482422,-0.30369189381599426,0.7765790224075317,0.3071881830692291,1.6842023134231567,-0.029466908425092697,-0.005043487995862961,0.0003786384186241776,-0.012556573376059532,-0.018965255469083786,-0.00901092030107975
1769212241.981643,/media/jerry/SSD/checkpoints/best_iris_experiment_combined.pth,goal1.png,-0.9377176761627197,-1.8509290218353271,-0.2994358241558075,0.7837436199188232,0.31715673208236694,1.689669132232666,-0.9660659432411194,-1.856505274772644,-0.29974639415740967,0.7716339826583862,0.29850342869758606,1.6836236715316772,-0.028348255902528763,-0.005576259456574917,-0.0003105563228018582,-0.012109648436307907,-0.01865331269800663,-0.006045403424650431
1769212242.0799131,/media/jerry/SSD/checkpoints/best_iris_experiment_combined.pth,goal1.png,-0.9412314891815186,-1.8527162075042725,-0.2950434982776642,0.7785940170288086,0.30847805738449097,1.6875033378601074,-0.9687473177909851,-1.8584684133529663,-0.29592272639274597,0.7675048112869263,0.28943392634391785,1.682652235031128,-0.02751583233475685,-0.005752169992774725,-0.0008792278822511435,-0.011089223437011242,-0.019044142216444016,-0.004851152189075947
1769212242.179748,/media/jerry/SSD/checkpoints/best_iris_experiment_combined.pth,goal1.png,-0.9444424510002136,-1.8548064231872559,-0.2908027172088623,0.7738987803459167,0.2991028130054474,1.6861250400543213,-0.9720537066459656,-1.8606607913970947,-0.29188743233680725,0.7639436721801758,0.2794059216976166,1.680891752243042,-0.027611270546913147,-0.005854382179677486,-0.0010847019730135798,-0.009955087676644325,-0.019696900621056557,-0.005233253818005323
1769212242.2808113,/media/jerry/SSD/checkpoints/best_iris_experiment_combined.pth,goal1.png,-0.9471990466117859,-1.856623888015747,-0.28704649209976196,0.7698699235916138,0.2904392182826996,1.6850042343139648,-0.9751926064491272,-1.8628512620925903,-0.28835374116897583,0.7603205442428589,0.27060508728027344,1.6794207096099854,-0.02799353376030922,-0.006227375008165836,-0.0013072398724034429,-0.009549358859658241,-0.019834129139780998,-0.005583545193076134
1769212242.3840506,/media/jerry/SSD/checkpoints/best_iris_experiment_combined.pth,goal1.png,-0.9511672854423523,-1.8587746620178223,-0.28244203329086304,0.7658713459968567,0.2805640995502472,1.6839137077331543,-0.9790191054344177,-1.865278720855713,-0.2838844060897827,0.7564948797225952,0.2604292333126068,1.678075909614563,-0.02785179391503334,-0.006504001095890999,-0.0014423599932342768,-0.009376445785164833,-0.020134862512350082,-0.005837786477059126
1769212242.4807246,/media/jerry/SSD/checkpoints/best_iris_experiment_combined.pth,goal1.png,-0.954257071018219,-1.8607133626937866,-0.27832239866256714,0.762145459651947,0.27190065383911133,1.6817933320999146,-0.9816278219223022,-1.8673635721206665,-0.2798892855644226,0.7535129189491272,0.2508782744407654,1.675432562828064,-0.0273707527667284,-0.006650196388363838,-0.0015669009881094098,-0.008632553741335869,-0.02102239429950714,-0.006360749714076519
1769212242.581032,/media/jerry/SSD/checkpoints/best_iris_experiment_combined.pth,goal1.png,-0.9573771357536316,-1.8628337383270264,-0.2744450271129608,0.7585407495498657,0.2624645531177521,1.6803240776062012,-0.9842023253440857,-1.8694251775741577,-0.27616003155708313,0.7510971426963806,0.23993325233459473,1.6731253862380981,-0.026825200766324997,-0.006591492332518101,-0.0017149972263723612,-0.0074435872957110405,-0.022531302645802498,-0.007198742590844631
1769212242.6819103,/media/jerry/SSD/checkpoints/best_iris_experiment_combined.pth,goal1.png,-0.9599822163581848,-1.8648027181625366,-0.2705979347229004,0.7552692294120789,0.2522563338279724,1.6781734228134155,-0.9864755272865295,-1.8720213174819946,-0.27221062779426575,0.7494750022888184,0.2283852994441986,1.6707531213760376,-0.026493292301893234,-0.007218614686280489,-0.0016127011040225625,-0.005794248543679714,-0.023871030658483505,-0.007420298643410206
1769212242.781873,/media/jerry/SSD/checkpoints/best_iris_experiment_combined.pth,goal1.png,-0.9620723724365234,-1.8670746088027954,-0.26635703444480896,0.7529064416885376,0.24138134717941284,1.6756287813186646,-0.9885513782501221,-1.874830961227417,-0.2679285705089569,0.7479405403137207,0.21731768548488617,1.6690620183944702,-0.026478977873921394,-0.007756401784718037,-0.0015715413028374314,-0.004965873900800943,-0.02406366541981697,-0.006566709838807583
1769212242.8805313,/media/jerry/SSD/checkpoints/best_iris_experiment_combined.pth,goal1.png,-0.963950514793396,-1.8693767786026,-0.26187384128570557,0.7510889172554016,0.23080956935882568,1.6736901998519897,-0.9903399348258972,-1.8771557807922363,-0.2634800374507904,0.7461661100387573,0.20773327350616455,1.6685792207717896,-0.02638940140604973,-0.00777902826666832,-0.0016061938367784023,-0.004922833293676376,-0.02307630330324173,-0.005110971163958311
1769212242.9810321,/media/jerry/SSD/checkpoints/best_iris_experiment_combined.pth,goal1.png,-0.9658891558647156,-1.8719213008880615,-0.2568757236003876,0.7496349215507507,0.21964691579341888,1.6723724603652954,-0.992233395576477,-1.8787407875061035,-0.2589508593082428,0.7448261976242065,0.19784492254257202,1.6685879230499268,-0.026344221085309982,-0.006819452159106731,-0.002075144089758396,-0.004808703437447548,-0.02180199697613716,-0.0037844826001673937
1769212243.0808494,/media/jerry/SSD/checkpoints/best_iris_experiment_combined.pth,goal1.png,-0.9678884148597717,-1.8745567798614502,-0.2515140473842621,0.7482112050056458,0.21001404523849487,1.6715848445892334,-0.9940713047981262,-1.8805243968963623,-0.25410956144332886,0.7433660626411438,0.18936119973659515,1.6691838502883911,-0.026182910427451134,-0.005967657547444105,-0.0025955236051231623,-0.0048451670445501804,-0.02065284736454487,-0.002401001052930951
